[0.096s] DEBUG:colcon:Command line arguments: ['/usr/bin/colcon', 'build']
[0.097s] DEBUG:colcon:Parsed command line arguments: Namespace(log_base=None, log_level=None, verb_name='build', build_base='build', install_base='install', merge_install=False, symlink_install=False, test_result_base=None, continue_on_error=False, executor='parallel', parallel_workers=8, event_handlers=None, ignore_user_meta=False, metas=['./colcon.meta'], base_paths=['.'], packages_ignore=None, packages_ignore_regex=None, paths=None, packages_up_to=None, packages_up_to_regex=None, packages_above=None, packages_above_and_dependencies=None, packages_above_depth=None, packages_select_by_dep=None, packages_skip_by_dep=None, packages_skip_up_to=None, packages_select_build_failed=False, packages_skip_build_finished=False, packages_select_test_failures=False, packages_skip_test_passed=False, packages_select=None, packages_skip=None, packages_select_regex=None, packages_skip_regex=None, packages_start=None, packages_end=None, allow_overriding=[], cmake_args=None, cmake_target=None, cmake_target_skip_unavailable=False, cmake_clean_cache=False, cmake_clean_first=False, cmake_force_configure=False, ament_cmake_args=None, catkin_cmake_args=None, catkin_skip_building_tests=False, verb_parser=<colcon_defaults.argument_parser.defaults.DefaultArgumentsDecorator object at 0x7f38429754b0>, verb_extension=<colcon_core.verb.build.BuildVerb object at 0x7f3842a82860>, main=<bound method BuildVerb.main of <colcon_core.verb.build.BuildVerb object at 0x7f3842a82860>>)
[0.266s] Level 1:colcon.colcon_core.package_discovery:discover_packages(colcon_meta) check parameters
[0.267s] Level 1:colcon.colcon_core.package_discovery:discover_packages(recursive) check parameters
[0.267s] Level 1:colcon.colcon_core.package_discovery:discover_packages(ignore) check parameters
[0.267s] Level 1:colcon.colcon_core.package_discovery:discover_packages(path) check parameters
[0.267s] Level 1:colcon.colcon_core.package_discovery:discover_packages(colcon_meta) discover
[0.267s] Level 1:colcon.colcon_core.package_discovery:discover_packages(recursive) discover
[0.267s] INFO:colcon.colcon_core.package_discovery:Crawling recursively for packages in '/home/eating/work'
[0.267s] Level 1:colcon.colcon_core.package_identification:_identify(.) by extensions ['ignore', 'ignore_ament_install']
[0.267s] Level 1:colcon.colcon_core.package_identification:_identify(.) by extension 'ignore'
[0.267s] Level 1:colcon.colcon_core.package_identification:_identify(.) by extension 'ignore_ament_install'
[0.267s] Level 1:colcon.colcon_core.package_identification:_identify(.) by extensions ['colcon_pkg']
[0.267s] Level 1:colcon.colcon_core.package_identification:_identify(.) by extension 'colcon_pkg'
[0.267s] Level 1:colcon.colcon_core.package_identification:_identify(.) by extensions ['colcon_meta']
[0.267s] Level 1:colcon.colcon_core.package_identification:_identify(.) by extension 'colcon_meta'
[0.267s] Level 1:colcon.colcon_core.package_identification:_identify(.) by extensions ['ros']
[0.267s] Level 1:colcon.colcon_core.package_identification:_identify(.) by extension 'ros'
[0.276s] Level 1:colcon.colcon_core.package_identification:_identify(.) by extensions ['cmake', 'python']
[0.276s] Level 1:colcon.colcon_core.package_identification:_identify(.) by extension 'cmake'
[0.276s] Level 1:colcon.colcon_core.package_identification:_identify(.) by extension 'python'
[0.277s] Level 1:colcon.colcon_core.package_identification:_identify(.) by extensions ['python_setup_py']
[0.277s] Level 1:colcon.colcon_core.package_identification:_identify(.) by extension 'python_setup_py'
[0.277s] Level 1:colcon.colcon_core.package_identification:_identify(build) by extensions ['ignore', 'ignore_ament_install']
[0.277s] Level 1:colcon.colcon_core.package_identification:_identify(build) by extension 'ignore'
[0.277s] Level 1:colcon.colcon_core.package_identification:_identify(build) ignored
[0.277s] Level 1:colcon.colcon_core.package_identification:_identify(docker_all) by extensions ['ignore', 'ignore_ament_install']
[0.277s] Level 1:colcon.colcon_core.package_identification:_identify(docker_all) by extension 'ignore'
[0.277s] Level 1:colcon.colcon_core.package_identification:_identify(docker_all) by extension 'ignore_ament_install'
[0.277s] Level 1:colcon.colcon_core.package_identification:_identify(docker_all) by extensions ['colcon_pkg']
[0.277s] Level 1:colcon.colcon_core.package_identification:_identify(docker_all) by extension 'colcon_pkg'
[0.277s] Level 1:colcon.colcon_core.package_identification:_identify(docker_all) by extensions ['colcon_meta']
[0.277s] Level 1:colcon.colcon_core.package_identification:_identify(docker_all) by extension 'colcon_meta'
[0.277s] Level 1:colcon.colcon_core.package_identification:_identify(docker_all) by extensions ['ros']
[0.278s] Level 1:colcon.colcon_core.package_identification:_identify(docker_all) by extension 'ros'
[0.278s] Level 1:colcon.colcon_core.package_identification:_identify(docker_all) by extensions ['cmake', 'python']
[0.278s] Level 1:colcon.colcon_core.package_identification:_identify(docker_all) by extension 'cmake'
[0.278s] Level 1:colcon.colcon_core.package_identification:_identify(docker_all) by extension 'python'
[0.278s] Level 1:colcon.colcon_core.package_identification:_identify(docker_all) by extensions ['python_setup_py']
[0.278s] Level 1:colcon.colcon_core.package_identification:_identify(docker_all) by extension 'python_setup_py'
[0.278s] Level 1:colcon.colcon_core.package_identification:_identify(docker_all/docker_ros2) by extensions ['ignore', 'ignore_ament_install']
[0.278s] Level 1:colcon.colcon_core.package_identification:_identify(docker_all/docker_ros2) by extension 'ignore'
[0.278s] Level 1:colcon.colcon_core.package_identification:_identify(docker_all/docker_ros2) by extension 'ignore_ament_install'
[0.278s] Level 1:colcon.colcon_core.package_identification:_identify(docker_all/docker_ros2) by extensions ['colcon_pkg']
[0.278s] Level 1:colcon.colcon_core.package_identification:_identify(docker_all/docker_ros2) by extension 'colcon_pkg'
[0.278s] Level 1:colcon.colcon_core.package_identification:_identify(docker_all/docker_ros2) by extensions ['colcon_meta']
[0.278s] Level 1:colcon.colcon_core.package_identification:_identify(docker_all/docker_ros2) by extension 'colcon_meta'
[0.278s] Level 1:colcon.colcon_core.package_identification:_identify(docker_all/docker_ros2) by extensions ['ros']
[0.278s] Level 1:colcon.colcon_core.package_identification:_identify(docker_all/docker_ros2) by extension 'ros'
[0.278s] Level 1:colcon.colcon_core.package_identification:_identify(docker_all/docker_ros2) by extensions ['cmake', 'python']
[0.278s] Level 1:colcon.colcon_core.package_identification:_identify(docker_all/docker_ros2) by extension 'cmake'
[0.278s] Level 1:colcon.colcon_core.package_identification:_identify(docker_all/docker_ros2) by extension 'python'
[0.278s] Level 1:colcon.colcon_core.package_identification:_identify(docker_all/docker_ros2) by extensions ['python_setup_py']
[0.278s] Level 1:colcon.colcon_core.package_identification:_identify(docker_all/docker_ros2) by extension 'python_setup_py'
[0.278s] Level 1:colcon.colcon_core.package_identification:_identify(docker_all/docker_ros2/compose) by extensions ['ignore', 'ignore_ament_install']
[0.278s] Level 1:colcon.colcon_core.package_identification:_identify(docker_all/docker_ros2/compose) by extension 'ignore'
[0.279s] Level 1:colcon.colcon_core.package_identification:_identify(docker_all/docker_ros2/compose) by extension 'ignore_ament_install'
[0.279s] Level 1:colcon.colcon_core.package_identification:_identify(docker_all/docker_ros2/compose) by extensions ['colcon_pkg']
[0.279s] Level 1:colcon.colcon_core.package_identification:_identify(docker_all/docker_ros2/compose) by extension 'colcon_pkg'
[0.279s] Level 1:colcon.colcon_core.package_identification:_identify(docker_all/docker_ros2/compose) by extensions ['colcon_meta']
[0.279s] Level 1:colcon.colcon_core.package_identification:_identify(docker_all/docker_ros2/compose) by extension 'colcon_meta'
[0.279s] Level 1:colcon.colcon_core.package_identification:_identify(docker_all/docker_ros2/compose) by extensions ['ros']
[0.279s] Level 1:colcon.colcon_core.package_identification:_identify(docker_all/docker_ros2/compose) by extension 'ros'
[0.279s] Level 1:colcon.colcon_core.package_identification:_identify(docker_all/docker_ros2/compose) by extensions ['cmake', 'python']
[0.279s] Level 1:colcon.colcon_core.package_identification:_identify(docker_all/docker_ros2/compose) by extension 'cmake'
[0.279s] Level 1:colcon.colcon_core.package_identification:_identify(docker_all/docker_ros2/compose) by extension 'python'
[0.279s] Level 1:colcon.colcon_core.package_identification:_identify(docker_all/docker_ros2/compose) by extensions ['python_setup_py']
[0.279s] Level 1:colcon.colcon_core.package_identification:_identify(docker_all/docker_ros2/compose) by extension 'python_setup_py'
[0.279s] Level 1:colcon.colcon_core.package_identification:_identify(docker_all/docker_ros2/compose/config) by extensions ['ignore', 'ignore_ament_install']
[0.279s] Level 1:colcon.colcon_core.package_identification:_identify(docker_all/docker_ros2/compose/config) by extension 'ignore'
[0.279s] Level 1:colcon.colcon_core.package_identification:_identify(docker_all/docker_ros2/compose/config) by extension 'ignore_ament_install'
[0.279s] Level 1:colcon.colcon_core.package_identification:_identify(docker_all/docker_ros2/compose/config) by extensions ['colcon_pkg']
[0.279s] Level 1:colcon.colcon_core.package_identification:_identify(docker_all/docker_ros2/compose/config) by extension 'colcon_pkg'
[0.279s] Level 1:colcon.colcon_core.package_identification:_identify(docker_all/docker_ros2/compose/config) by extensions ['colcon_meta']
[0.279s] Level 1:colcon.colcon_core.package_identification:_identify(docker_all/docker_ros2/compose/config) by extension 'colcon_meta'
[0.279s] Level 1:colcon.colcon_core.package_identification:_identify(docker_all/docker_ros2/compose/config) by extensions ['ros']
[0.279s] Level 1:colcon.colcon_core.package_identification:_identify(docker_all/docker_ros2/compose/config) by extension 'ros'
[0.279s] Level 1:colcon.colcon_core.package_identification:_identify(docker_all/docker_ros2/compose/config) by extensions ['cmake', 'python']
[0.279s] Level 1:colcon.colcon_core.package_identification:_identify(docker_all/docker_ros2/compose/config) by extension 'cmake'
[0.280s] Level 1:colcon.colcon_core.package_identification:_identify(docker_all/docker_ros2/compose/config) by extension 'python'
[0.280s] Level 1:colcon.colcon_core.package_identification:_identify(docker_all/docker_ros2/compose/config) by extensions ['python_setup_py']
[0.280s] Level 1:colcon.colcon_core.package_identification:_identify(docker_all/docker_ros2/compose/config) by extension 'python_setup_py'
[0.280s] Level 1:colcon.colcon_core.package_identification:_identify(docker_all/docker_ros2/compose/config/pip) by extensions ['ignore', 'ignore_ament_install']
[0.280s] Level 1:colcon.colcon_core.package_identification:_identify(docker_all/docker_ros2/compose/config/pip) by extension 'ignore'
[0.280s] Level 1:colcon.colcon_core.package_identification:_identify(docker_all/docker_ros2/compose/config/pip) by extension 'ignore_ament_install'
[0.280s] Level 1:colcon.colcon_core.package_identification:_identify(docker_all/docker_ros2/compose/config/pip) by extensions ['colcon_pkg']
[0.280s] Level 1:colcon.colcon_core.package_identification:_identify(docker_all/docker_ros2/compose/config/pip) by extension 'colcon_pkg'
[0.280s] Level 1:colcon.colcon_core.package_identification:_identify(docker_all/docker_ros2/compose/config/pip) by extensions ['colcon_meta']
[0.280s] Level 1:colcon.colcon_core.package_identification:_identify(docker_all/docker_ros2/compose/config/pip) by extension 'colcon_meta'
[0.280s] Level 1:colcon.colcon_core.package_identification:_identify(docker_all/docker_ros2/compose/config/pip) by extensions ['ros']
[0.280s] Level 1:colcon.colcon_core.package_identification:_identify(docker_all/docker_ros2/compose/config/pip) by extension 'ros'
[0.280s] Level 1:colcon.colcon_core.package_identification:_identify(docker_all/docker_ros2/compose/config/pip) by extensions ['cmake', 'python']
[0.280s] Level 1:colcon.colcon_core.package_identification:_identify(docker_all/docker_ros2/compose/config/pip) by extension 'cmake'
[0.280s] Level 1:colcon.colcon_core.package_identification:_identify(docker_all/docker_ros2/compose/config/pip) by extension 'python'
[0.280s] Level 1:colcon.colcon_core.package_identification:_identify(docker_all/docker_ros2/compose/config/pip) by extensions ['python_setup_py']
[0.280s] Level 1:colcon.colcon_core.package_identification:_identify(docker_all/docker_ros2/compose/config/pip) by extension 'python_setup_py'
[0.280s] Level 1:colcon.colcon_core.package_identification:_identify(docker_all/docker_ros2/compose/config/shell) by extensions ['ignore', 'ignore_ament_install']
[0.280s] Level 1:colcon.colcon_core.package_identification:_identify(docker_all/docker_ros2/compose/config/shell) by extension 'ignore'
[0.280s] Level 1:colcon.colcon_core.package_identification:_identify(docker_all/docker_ros2/compose/config/shell) by extension 'ignore_ament_install'
[0.280s] Level 1:colcon.colcon_core.package_identification:_identify(docker_all/docker_ros2/compose/config/shell) by extensions ['colcon_pkg']
[0.281s] Level 1:colcon.colcon_core.package_identification:_identify(docker_all/docker_ros2/compose/config/shell) by extension 'colcon_pkg'
[0.281s] Level 1:colcon.colcon_core.package_identification:_identify(docker_all/docker_ros2/compose/config/shell) by extensions ['colcon_meta']
[0.281s] Level 1:colcon.colcon_core.package_identification:_identify(docker_all/docker_ros2/compose/config/shell) by extension 'colcon_meta'
[0.281s] Level 1:colcon.colcon_core.package_identification:_identify(docker_all/docker_ros2/compose/config/shell) by extensions ['ros']
[0.281s] Level 1:colcon.colcon_core.package_identification:_identify(docker_all/docker_ros2/compose/config/shell) by extension 'ros'
[0.281s] Level 1:colcon.colcon_core.package_identification:_identify(docker_all/docker_ros2/compose/config/shell) by extensions ['cmake', 'python']
[0.281s] Level 1:colcon.colcon_core.package_identification:_identify(docker_all/docker_ros2/compose/config/shell) by extension 'cmake'
[0.281s] Level 1:colcon.colcon_core.package_identification:_identify(docker_all/docker_ros2/compose/config/shell) by extension 'python'
[0.281s] Level 1:colcon.colcon_core.package_identification:_identify(docker_all/docker_ros2/compose/config/shell) by extensions ['python_setup_py']
[0.281s] Level 1:colcon.colcon_core.package_identification:_identify(docker_all/docker_ros2/compose/config/shell) by extension 'python_setup_py'
[0.281s] Level 1:colcon.colcon_core.package_identification:_identify(docker_all/docker_ros2/compose/config/shell/terminator) by extensions ['ignore', 'ignore_ament_install']
[0.281s] Level 1:colcon.colcon_core.package_identification:_identify(docker_all/docker_ros2/compose/config/shell/terminator) by extension 'ignore'
[0.281s] Level 1:colcon.colcon_core.package_identification:_identify(docker_all/docker_ros2/compose/config/shell/terminator) by extension 'ignore_ament_install'
[0.281s] Level 1:colcon.colcon_core.package_identification:_identify(docker_all/docker_ros2/compose/config/shell/terminator) by extensions ['colcon_pkg']
[0.281s] Level 1:colcon.colcon_core.package_identification:_identify(docker_all/docker_ros2/compose/config/shell/terminator) by extension 'colcon_pkg'
[0.281s] Level 1:colcon.colcon_core.package_identification:_identify(docker_all/docker_ros2/compose/config/shell/terminator) by extensions ['colcon_meta']
[0.281s] Level 1:colcon.colcon_core.package_identification:_identify(docker_all/docker_ros2/compose/config/shell/terminator) by extension 'colcon_meta'
[0.281s] Level 1:colcon.colcon_core.package_identification:_identify(docker_all/docker_ros2/compose/config/shell/terminator) by extensions ['ros']
[0.281s] Level 1:colcon.colcon_core.package_identification:_identify(docker_all/docker_ros2/compose/config/shell/terminator) by extension 'ros'
[0.281s] Level 1:colcon.colcon_core.package_identification:_identify(docker_all/docker_ros2/compose/config/shell/terminator) by extensions ['cmake', 'python']
[0.281s] Level 1:colcon.colcon_core.package_identification:_identify(docker_all/docker_ros2/compose/config/shell/terminator) by extension 'cmake'
[0.282s] Level 1:colcon.colcon_core.package_identification:_identify(docker_all/docker_ros2/compose/config/shell/terminator) by extension 'python'
[0.282s] Level 1:colcon.colcon_core.package_identification:_identify(docker_all/docker_ros2/compose/config/shell/terminator) by extensions ['python_setup_py']
[0.282s] Level 1:colcon.colcon_core.package_identification:_identify(docker_all/docker_ros2/compose/config/shell/terminator) by extension 'python_setup_py'
[0.282s] Level 1:colcon.colcon_core.package_identification:_identify(docker_all/docker_ros2/compose/config/shell/tmux) by extensions ['ignore', 'ignore_ament_install']
[0.282s] Level 1:colcon.colcon_core.package_identification:_identify(docker_all/docker_ros2/compose/config/shell/tmux) by extension 'ignore'
[0.282s] Level 1:colcon.colcon_core.package_identification:_identify(docker_all/docker_ros2/compose/config/shell/tmux) by extension 'ignore_ament_install'
[0.282s] Level 1:colcon.colcon_core.package_identification:_identify(docker_all/docker_ros2/compose/config/shell/tmux) by extensions ['colcon_pkg']
[0.282s] Level 1:colcon.colcon_core.package_identification:_identify(docker_all/docker_ros2/compose/config/shell/tmux) by extension 'colcon_pkg'
[0.282s] Level 1:colcon.colcon_core.package_identification:_identify(docker_all/docker_ros2/compose/config/shell/tmux) by extensions ['colcon_meta']
[0.282s] Level 1:colcon.colcon_core.package_identification:_identify(docker_all/docker_ros2/compose/config/shell/tmux) by extension 'colcon_meta'
[0.282s] Level 1:colcon.colcon_core.package_identification:_identify(docker_all/docker_ros2/compose/config/shell/tmux) by extensions ['ros']
[0.282s] Level 1:colcon.colcon_core.package_identification:_identify(docker_all/docker_ros2/compose/config/shell/tmux) by extension 'ros'
[0.282s] Level 1:colcon.colcon_core.package_identification:_identify(docker_all/docker_ros2/compose/config/shell/tmux) by extensions ['cmake', 'python']
[0.282s] Level 1:colcon.colcon_core.package_identification:_identify(docker_all/docker_ros2/compose/config/shell/tmux) by extension 'cmake'
[0.282s] Level 1:colcon.colcon_core.package_identification:_identify(docker_all/docker_ros2/compose/config/shell/tmux) by extension 'python'
[0.282s] Level 1:colcon.colcon_core.package_identification:_identify(docker_all/docker_ros2/compose/config/shell/tmux) by extensions ['python_setup_py']
[0.282s] Level 1:colcon.colcon_core.package_identification:_identify(docker_all/docker_ros2/compose/config/shell/tmux) by extension 'python_setup_py'
[0.282s] Level 1:colcon.colcon_core.package_identification:_identify(docker_all/docker_ros2/config) by extensions ['ignore', 'ignore_ament_install']
[0.282s] Level 1:colcon.colcon_core.package_identification:_identify(docker_all/docker_ros2/config) by extension 'ignore'
[0.282s] Level 1:colcon.colcon_core.package_identification:_identify(docker_all/docker_ros2/config) by extension 'ignore_ament_install'
[0.282s] Level 1:colcon.colcon_core.package_identification:_identify(docker_all/docker_ros2/config) by extensions ['colcon_pkg']
[0.283s] Level 1:colcon.colcon_core.package_identification:_identify(docker_all/docker_ros2/config) by extension 'colcon_pkg'
[0.283s] Level 1:colcon.colcon_core.package_identification:_identify(docker_all/docker_ros2/config) by extensions ['colcon_meta']
[0.283s] Level 1:colcon.colcon_core.package_identification:_identify(docker_all/docker_ros2/config) by extension 'colcon_meta'
[0.283s] Level 1:colcon.colcon_core.package_identification:_identify(docker_all/docker_ros2/config) by extensions ['ros']
[0.283s] Level 1:colcon.colcon_core.package_identification:_identify(docker_all/docker_ros2/config) by extension 'ros'
[0.283s] Level 1:colcon.colcon_core.package_identification:_identify(docker_all/docker_ros2/config) by extensions ['cmake', 'python']
[0.283s] Level 1:colcon.colcon_core.package_identification:_identify(docker_all/docker_ros2/config) by extension 'cmake'
[0.283s] Level 1:colcon.colcon_core.package_identification:_identify(docker_all/docker_ros2/config) by extension 'python'
[0.283s] Level 1:colcon.colcon_core.package_identification:_identify(docker_all/docker_ros2/config) by extensions ['python_setup_py']
[0.283s] Level 1:colcon.colcon_core.package_identification:_identify(docker_all/docker_ros2/config) by extension 'python_setup_py'
[0.283s] Level 1:colcon.colcon_core.package_identification:_identify(docker_all/docker_ros2/config/pip) by extensions ['ignore', 'ignore_ament_install']
[0.283s] Level 1:colcon.colcon_core.package_identification:_identify(docker_all/docker_ros2/config/pip) by extension 'ignore'
[0.283s] Level 1:colcon.colcon_core.package_identification:_identify(docker_all/docker_ros2/config/pip) by extension 'ignore_ament_install'
[0.283s] Level 1:colcon.colcon_core.package_identification:_identify(docker_all/docker_ros2/config/pip) by extensions ['colcon_pkg']
[0.283s] Level 1:colcon.colcon_core.package_identification:_identify(docker_all/docker_ros2/config/pip) by extension 'colcon_pkg'
[0.283s] Level 1:colcon.colcon_core.package_identification:_identify(docker_all/docker_ros2/config/pip) by extensions ['colcon_meta']
[0.283s] Level 1:colcon.colcon_core.package_identification:_identify(docker_all/docker_ros2/config/pip) by extension 'colcon_meta'
[0.283s] Level 1:colcon.colcon_core.package_identification:_identify(docker_all/docker_ros2/config/pip) by extensions ['ros']
[0.283s] Level 1:colcon.colcon_core.package_identification:_identify(docker_all/docker_ros2/config/pip) by extension 'ros'
[0.283s] Level 1:colcon.colcon_core.package_identification:_identify(docker_all/docker_ros2/config/pip) by extensions ['cmake', 'python']
[0.283s] Level 1:colcon.colcon_core.package_identification:_identify(docker_all/docker_ros2/config/pip) by extension 'cmake'
[0.283s] Level 1:colcon.colcon_core.package_identification:_identify(docker_all/docker_ros2/config/pip) by extension 'python'
[0.283s] Level 1:colcon.colcon_core.package_identification:_identify(docker_all/docker_ros2/config/pip) by extensions ['python_setup_py']
[0.283s] Level 1:colcon.colcon_core.package_identification:_identify(docker_all/docker_ros2/config/pip) by extension 'python_setup_py'
[0.284s] Level 1:colcon.colcon_core.package_identification:_identify(docker_all/docker_ros2/config/shell) by extensions ['ignore', 'ignore_ament_install']
[0.284s] Level 1:colcon.colcon_core.package_identification:_identify(docker_all/docker_ros2/config/shell) by extension 'ignore'
[0.284s] Level 1:colcon.colcon_core.package_identification:_identify(docker_all/docker_ros2/config/shell) by extension 'ignore_ament_install'
[0.284s] Level 1:colcon.colcon_core.package_identification:_identify(docker_all/docker_ros2/config/shell) by extensions ['colcon_pkg']
[0.284s] Level 1:colcon.colcon_core.package_identification:_identify(docker_all/docker_ros2/config/shell) by extension 'colcon_pkg'
[0.284s] Level 1:colcon.colcon_core.package_identification:_identify(docker_all/docker_ros2/config/shell) by extensions ['colcon_meta']
[0.284s] Level 1:colcon.colcon_core.package_identification:_identify(docker_all/docker_ros2/config/shell) by extension 'colcon_meta'
[0.284s] Level 1:colcon.colcon_core.package_identification:_identify(docker_all/docker_ros2/config/shell) by extensions ['ros']
[0.284s] Level 1:colcon.colcon_core.package_identification:_identify(docker_all/docker_ros2/config/shell) by extension 'ros'
[0.284s] Level 1:colcon.colcon_core.package_identification:_identify(docker_all/docker_ros2/config/shell) by extensions ['cmake', 'python']
[0.284s] Level 1:colcon.colcon_core.package_identification:_identify(docker_all/docker_ros2/config/shell) by extension 'cmake'
[0.284s] Level 1:colcon.colcon_core.package_identification:_identify(docker_all/docker_ros2/config/shell) by extension 'python'
[0.284s] Level 1:colcon.colcon_core.package_identification:_identify(docker_all/docker_ros2/config/shell) by extensions ['python_setup_py']
[0.284s] Level 1:colcon.colcon_core.package_identification:_identify(docker_all/docker_ros2/config/shell) by extension 'python_setup_py'
[0.284s] Level 1:colcon.colcon_core.package_identification:_identify(docker_all/docker_ros2/config/shell/terminator) by extensions ['ignore', 'ignore_ament_install']
[0.284s] Level 1:colcon.colcon_core.package_identification:_identify(docker_all/docker_ros2/config/shell/terminator) by extension 'ignore'
[0.284s] Level 1:colcon.colcon_core.package_identification:_identify(docker_all/docker_ros2/config/shell/terminator) by extension 'ignore_ament_install'
[0.284s] Level 1:colcon.colcon_core.package_identification:_identify(docker_all/docker_ros2/config/shell/terminator) by extensions ['colcon_pkg']
[0.284s] Level 1:colcon.colcon_core.package_identification:_identify(docker_all/docker_ros2/config/shell/terminator) by extension 'colcon_pkg'
[0.284s] Level 1:colcon.colcon_core.package_identification:_identify(docker_all/docker_ros2/config/shell/terminator) by extensions ['colcon_meta']
[0.284s] Level 1:colcon.colcon_core.package_identification:_identify(docker_all/docker_ros2/config/shell/terminator) by extension 'colcon_meta'
[0.284s] Level 1:colcon.colcon_core.package_identification:_identify(docker_all/docker_ros2/config/shell/terminator) by extensions ['ros']
[0.284s] Level 1:colcon.colcon_core.package_identification:_identify(docker_all/docker_ros2/config/shell/terminator) by extension 'ros'
[0.285s] Level 1:colcon.colcon_core.package_identification:_identify(docker_all/docker_ros2/config/shell/terminator) by extensions ['cmake', 'python']
[0.285s] Level 1:colcon.colcon_core.package_identification:_identify(docker_all/docker_ros2/config/shell/terminator) by extension 'cmake'
[0.285s] Level 1:colcon.colcon_core.package_identification:_identify(docker_all/docker_ros2/config/shell/terminator) by extension 'python'
[0.285s] Level 1:colcon.colcon_core.package_identification:_identify(docker_all/docker_ros2/config/shell/terminator) by extensions ['python_setup_py']
[0.285s] Level 1:colcon.colcon_core.package_identification:_identify(docker_all/docker_ros2/config/shell/terminator) by extension 'python_setup_py'
[0.285s] Level 1:colcon.colcon_core.package_identification:_identify(docker_all/docker_ros2/config/shell/tmux) by extensions ['ignore', 'ignore_ament_install']
[0.285s] Level 1:colcon.colcon_core.package_identification:_identify(docker_all/docker_ros2/config/shell/tmux) by extension 'ignore'
[0.285s] Level 1:colcon.colcon_core.package_identification:_identify(docker_all/docker_ros2/config/shell/tmux) by extension 'ignore_ament_install'
[0.285s] Level 1:colcon.colcon_core.package_identification:_identify(docker_all/docker_ros2/config/shell/tmux) by extensions ['colcon_pkg']
[0.285s] Level 1:colcon.colcon_core.package_identification:_identify(docker_all/docker_ros2/config/shell/tmux) by extension 'colcon_pkg'
[0.285s] Level 1:colcon.colcon_core.package_identification:_identify(docker_all/docker_ros2/config/shell/tmux) by extensions ['colcon_meta']
[0.285s] Level 1:colcon.colcon_core.package_identification:_identify(docker_all/docker_ros2/config/shell/tmux) by extension 'colcon_meta'
[0.285s] Level 1:colcon.colcon_core.package_identification:_identify(docker_all/docker_ros2/config/shell/tmux) by extensions ['ros']
[0.285s] Level 1:colcon.colcon_core.package_identification:_identify(docker_all/docker_ros2/config/shell/tmux) by extension 'ros'
[0.285s] Level 1:colcon.colcon_core.package_identification:_identify(docker_all/docker_ros2/config/shell/tmux) by extensions ['cmake', 'python']
[0.285s] Level 1:colcon.colcon_core.package_identification:_identify(docker_all/docker_ros2/config/shell/tmux) by extension 'cmake'
[0.285s] Level 1:colcon.colcon_core.package_identification:_identify(docker_all/docker_ros2/config/shell/tmux) by extension 'python'
[0.285s] Level 1:colcon.colcon_core.package_identification:_identify(docker_all/docker_ros2/config/shell/tmux) by extensions ['python_setup_py']
[0.285s] Level 1:colcon.colcon_core.package_identification:_identify(docker_all/docker_ros2/config/shell/tmux) by extension 'python_setup_py'
[0.285s] Level 1:colcon.colcon_core.package_identification:_identify(install) by extensions ['ignore', 'ignore_ament_install']
[0.286s] Level 1:colcon.colcon_core.package_identification:_identify(install) by extension 'ignore'
[0.286s] Level 1:colcon.colcon_core.package_identification:_identify(install) ignored
[0.286s] Level 1:colcon.colcon_core.package_identification:_identify(libmodbus) by extensions ['ignore', 'ignore_ament_install']
[0.286s] Level 1:colcon.colcon_core.package_identification:_identify(libmodbus) by extension 'ignore'
[0.286s] Level 1:colcon.colcon_core.package_identification:_identify(libmodbus) by extension 'ignore_ament_install'
[0.286s] Level 1:colcon.colcon_core.package_identification:_identify(libmodbus) by extensions ['colcon_pkg']
[0.286s] Level 1:colcon.colcon_core.package_identification:_identify(libmodbus) by extension 'colcon_pkg'
[0.286s] Level 1:colcon.colcon_core.package_identification:_identify(libmodbus) by extensions ['colcon_meta']
[0.286s] Level 1:colcon.colcon_core.package_identification:_identify(libmodbus) by extension 'colcon_meta'
[0.286s] Level 1:colcon.colcon_core.package_identification:_identify(libmodbus) by extensions ['ros']
[0.286s] Level 1:colcon.colcon_core.package_identification:_identify(libmodbus) by extension 'ros'
[0.286s] Level 1:colcon.colcon_core.package_identification:_identify(libmodbus) by extensions ['cmake', 'python']
[0.286s] Level 1:colcon.colcon_core.package_identification:_identify(libmodbus) by extension 'cmake'
[0.286s] Level 1:colcon.colcon_core.package_identification:_identify(libmodbus) by extension 'python'
[0.286s] Level 1:colcon.colcon_core.package_identification:_identify(libmodbus) by extensions ['python_setup_py']
[0.286s] Level 1:colcon.colcon_core.package_identification:_identify(libmodbus) by extension 'python_setup_py'
[0.286s] Level 1:colcon.colcon_core.package_identification:_identify(libmodbus/build) by extensions ['ignore', 'ignore_ament_install']
[0.286s] Level 1:colcon.colcon_core.package_identification:_identify(libmodbus/build) by extension 'ignore'
[0.286s] Level 1:colcon.colcon_core.package_identification:_identify(libmodbus/build) ignored
[0.286s] Level 1:colcon.colcon_core.package_identification:_identify(libmodbus/doc) by extensions ['ignore', 'ignore_ament_install']
[0.287s] Level 1:colcon.colcon_core.package_identification:_identify(libmodbus/doc) by extension 'ignore'
[0.287s] Level 1:colcon.colcon_core.package_identification:_identify(libmodbus/doc) by extension 'ignore_ament_install'
[0.287s] Level 1:colcon.colcon_core.package_identification:_identify(libmodbus/doc) by extensions ['colcon_pkg']
[0.287s] Level 1:colcon.colcon_core.package_identification:_identify(libmodbus/doc) by extension 'colcon_pkg'
[0.287s] Level 1:colcon.colcon_core.package_identification:_identify(libmodbus/doc) by extensions ['colcon_meta']
[0.287s] Level 1:colcon.colcon_core.package_identification:_identify(libmodbus/doc) by extension 'colcon_meta'
[0.287s] Level 1:colcon.colcon_core.package_identification:_identify(libmodbus/doc) by extensions ['ros']
[0.287s] Level 1:colcon.colcon_core.package_identification:_identify(libmodbus/doc) by extension 'ros'
[0.287s] Level 1:colcon.colcon_core.package_identification:_identify(libmodbus/doc) by extensions ['cmake', 'python']
[0.287s] Level 1:colcon.colcon_core.package_identification:_identify(libmodbus/doc) by extension 'cmake'
[0.287s] Level 1:colcon.colcon_core.package_identification:_identify(libmodbus/doc) by extension 'python'
[0.287s] Level 1:colcon.colcon_core.package_identification:_identify(libmodbus/doc) by extensions ['python_setup_py']
[0.287s] Level 1:colcon.colcon_core.package_identification:_identify(libmodbus/doc) by extension 'python_setup_py'
[0.287s] Level 1:colcon.colcon_core.package_identification:_identify(libmodbus/install) by extensions ['ignore', 'ignore_ament_install']
[0.287s] Level 1:colcon.colcon_core.package_identification:_identify(libmodbus/install) by extension 'ignore'
[0.287s] Level 1:colcon.colcon_core.package_identification:_identify(libmodbus/install) ignored
[0.287s] Level 1:colcon.colcon_core.package_identification:_identify(libmodbus/log) by extensions ['ignore', 'ignore_ament_install']
[0.287s] Level 1:colcon.colcon_core.package_identification:_identify(libmodbus/log) by extension 'ignore'
[0.287s] Level 1:colcon.colcon_core.package_identification:_identify(libmodbus/log) ignored
[0.287s] Level 1:colcon.colcon_core.package_identification:_identify(libmodbus/m4) by extensions ['ignore', 'ignore_ament_install']
[0.288s] Level 1:colcon.colcon_core.package_identification:_identify(libmodbus/m4) by extension 'ignore'
[0.288s] Level 1:colcon.colcon_core.package_identification:_identify(libmodbus/m4) by extension 'ignore_ament_install'
[0.288s] Level 1:colcon.colcon_core.package_identification:_identify(libmodbus/m4) by extensions ['colcon_pkg']
[0.288s] Level 1:colcon.colcon_core.package_identification:_identify(libmodbus/m4) by extension 'colcon_pkg'
[0.288s] Level 1:colcon.colcon_core.package_identification:_identify(libmodbus/m4) by extensions ['colcon_meta']
[0.288s] Level 1:colcon.colcon_core.package_identification:_identify(libmodbus/m4) by extension 'colcon_meta'
[0.288s] Level 1:colcon.colcon_core.package_identification:_identify(libmodbus/m4) by extensions ['ros']
[0.288s] Level 1:colcon.colcon_core.package_identification:_identify(libmodbus/m4) by extension 'ros'
[0.288s] Level 1:colcon.colcon_core.package_identification:_identify(libmodbus/m4) by extensions ['cmake', 'python']
[0.288s] Level 1:colcon.colcon_core.package_identification:_identify(libmodbus/m4) by extension 'cmake'
[0.288s] Level 1:colcon.colcon_core.package_identification:_identify(libmodbus/m4) by extension 'python'
[0.288s] Level 1:colcon.colcon_core.package_identification:_identify(libmodbus/m4) by extensions ['python_setup_py']
[0.288s] Level 1:colcon.colcon_core.package_identification:_identify(libmodbus/m4) by extension 'python_setup_py'
[0.288s] Level 1:colcon.colcon_core.package_identification:_identify(libmodbus/src) by extensions ['ignore', 'ignore_ament_install']
[0.288s] Level 1:colcon.colcon_core.package_identification:_identify(libmodbus/src) by extension 'ignore'
[0.288s] Level 1:colcon.colcon_core.package_identification:_identify(libmodbus/src) by extension 'ignore_ament_install'
[0.288s] Level 1:colcon.colcon_core.package_identification:_identify(libmodbus/src) by extensions ['colcon_pkg']
[0.288s] Level 1:colcon.colcon_core.package_identification:_identify(libmodbus/src) by extension 'colcon_pkg'
[0.288s] Level 1:colcon.colcon_core.package_identification:_identify(libmodbus/src) by extensions ['colcon_meta']
[0.288s] Level 1:colcon.colcon_core.package_identification:_identify(libmodbus/src) by extension 'colcon_meta'
[0.288s] Level 1:colcon.colcon_core.package_identification:_identify(libmodbus/src) by extensions ['ros']
[0.288s] Level 1:colcon.colcon_core.package_identification:_identify(libmodbus/src) by extension 'ros'
[0.288s] Level 1:colcon.colcon_core.package_identification:_identify(libmodbus/src) by extensions ['cmake', 'python']
[0.288s] Level 1:colcon.colcon_core.package_identification:_identify(libmodbus/src) by extension 'cmake'
[0.289s] Level 1:colcon.colcon_core.package_identification:_identify(libmodbus/src) by extension 'python'
[0.289s] Level 1:colcon.colcon_core.package_identification:_identify(libmodbus/src) by extensions ['python_setup_py']
[0.289s] Level 1:colcon.colcon_core.package_identification:_identify(libmodbus/src) by extension 'python_setup_py'
[0.289s] Level 1:colcon.colcon_core.package_identification:_identify(libmodbus/src/win32) by extensions ['ignore', 'ignore_ament_install']
[0.289s] Level 1:colcon.colcon_core.package_identification:_identify(libmodbus/src/win32) by extension 'ignore'
[0.289s] Level 1:colcon.colcon_core.package_identification:_identify(libmodbus/src/win32) by extension 'ignore_ament_install'
[0.289s] Level 1:colcon.colcon_core.package_identification:_identify(libmodbus/src/win32) by extensions ['colcon_pkg']
[0.289s] Level 1:colcon.colcon_core.package_identification:_identify(libmodbus/src/win32) by extension 'colcon_pkg'
[0.289s] Level 1:colcon.colcon_core.package_identification:_identify(libmodbus/src/win32) by extensions ['colcon_meta']
[0.289s] Level 1:colcon.colcon_core.package_identification:_identify(libmodbus/src/win32) by extension 'colcon_meta'
[0.289s] Level 1:colcon.colcon_core.package_identification:_identify(libmodbus/src/win32) by extensions ['ros']
[0.289s] Level 1:colcon.colcon_core.package_identification:_identify(libmodbus/src/win32) by extension 'ros'
[0.289s] Level 1:colcon.colcon_core.package_identification:_identify(libmodbus/src/win32) by extensions ['cmake', 'python']
[0.289s] Level 1:colcon.colcon_core.package_identification:_identify(libmodbus/src/win32) by extension 'cmake'
[0.289s] Level 1:colcon.colcon_core.package_identification:_identify(libmodbus/src/win32) by extension 'python'
[0.289s] Level 1:colcon.colcon_core.package_identification:_identify(libmodbus/src/win32) by extensions ['python_setup_py']
[0.289s] Level 1:colcon.colcon_core.package_identification:_identify(libmodbus/src/win32) by extension 'python_setup_py'
[0.289s] Level 1:colcon.colcon_core.package_identification:_identify(libmodbus/tests) by extensions ['ignore', 'ignore_ament_install']
[0.289s] Level 1:colcon.colcon_core.package_identification:_identify(libmodbus/tests) by extension 'ignore'
[0.289s] Level 1:colcon.colcon_core.package_identification:_identify(libmodbus/tests) by extension 'ignore_ament_install'
[0.289s] Level 1:colcon.colcon_core.package_identification:_identify(libmodbus/tests) by extensions ['colcon_pkg']
[0.289s] Level 1:colcon.colcon_core.package_identification:_identify(libmodbus/tests) by extension 'colcon_pkg'
[0.290s] Level 1:colcon.colcon_core.package_identification:_identify(libmodbus/tests) by extensions ['colcon_meta']
[0.290s] Level 1:colcon.colcon_core.package_identification:_identify(libmodbus/tests) by extension 'colcon_meta'
[0.290s] Level 1:colcon.colcon_core.package_identification:_identify(libmodbus/tests) by extensions ['ros']
[0.290s] Level 1:colcon.colcon_core.package_identification:_identify(libmodbus/tests) by extension 'ros'
[0.290s] Level 1:colcon.colcon_core.package_identification:_identify(libmodbus/tests) by extensions ['cmake', 'python']
[0.290s] Level 1:colcon.colcon_core.package_identification:_identify(libmodbus/tests) by extension 'cmake'
[0.290s] Level 1:colcon.colcon_core.package_identification:_identify(libmodbus/tests) by extension 'python'
[0.290s] Level 1:colcon.colcon_core.package_identification:_identify(libmodbus/tests) by extensions ['python_setup_py']
[0.290s] Level 1:colcon.colcon_core.package_identification:_identify(libmodbus/tests) by extension 'python_setup_py'
[0.290s] Level 1:colcon.colcon_core.package_identification:_identify(log) by extensions ['ignore', 'ignore_ament_install']
[0.290s] Level 1:colcon.colcon_core.package_identification:_identify(log) by extension 'ignore'
[0.290s] Level 1:colcon.colcon_core.package_identification:_identify(log) ignored
[0.290s] Level 1:colcon.colcon_core.package_identification:_identify(src) by extensions ['ignore', 'ignore_ament_install']
[0.290s] Level 1:colcon.colcon_core.package_identification:_identify(src) by extension 'ignore'
[0.290s] Level 1:colcon.colcon_core.package_identification:_identify(src) by extension 'ignore_ament_install'
[0.290s] Level 1:colcon.colcon_core.package_identification:_identify(src) by extensions ['colcon_pkg']
[0.290s] Level 1:colcon.colcon_core.package_identification:_identify(src) by extension 'colcon_pkg'
[0.290s] Level 1:colcon.colcon_core.package_identification:_identify(src) by extensions ['colcon_meta']
[0.290s] Level 1:colcon.colcon_core.package_identification:_identify(src) by extension 'colcon_meta'
[0.290s] Level 1:colcon.colcon_core.package_identification:_identify(src) by extensions ['ros']
[0.290s] Level 1:colcon.colcon_core.package_identification:_identify(src) by extension 'ros'
[0.290s] Level 1:colcon.colcon_core.package_identification:_identify(src) by extensions ['cmake', 'python']
[0.290s] Level 1:colcon.colcon_core.package_identification:_identify(src) by extension 'cmake'
[0.291s] Level 1:colcon.colcon_core.package_identification:_identify(src) by extension 'python'
[0.291s] Level 1:colcon.colcon_core.package_identification:_identify(src) by extensions ['python_setup_py']
[0.291s] Level 1:colcon.colcon_core.package_identification:_identify(src) by extension 'python_setup_py'
[0.291s] Level 1:colcon.colcon_core.package_identification:_identify(src/docking) by extensions ['ignore', 'ignore_ament_install']
[0.291s] Level 1:colcon.colcon_core.package_identification:_identify(src/docking) by extension 'ignore'
[0.291s] Level 1:colcon.colcon_core.package_identification:_identify(src/docking) by extension 'ignore_ament_install'
[0.291s] Level 1:colcon.colcon_core.package_identification:_identify(src/docking) by extensions ['colcon_pkg']
[0.291s] Level 1:colcon.colcon_core.package_identification:_identify(src/docking) by extension 'colcon_pkg'
[0.291s] Level 1:colcon.colcon_core.package_identification:_identify(src/docking) by extensions ['colcon_meta']
[0.291s] Level 1:colcon.colcon_core.package_identification:_identify(src/docking) by extension 'colcon_meta'
[0.291s] Level 1:colcon.colcon_core.package_identification:_identify(src/docking) by extensions ['ros']
[0.291s] Level 1:colcon.colcon_core.package_identification:_identify(src/docking) by extension 'ros'
[0.291s] Level 1:colcon.colcon_core.package_identification:_identify(src/docking) by extensions ['cmake', 'python']
[0.291s] Level 1:colcon.colcon_core.package_identification:_identify(src/docking) by extension 'cmake'
[0.291s] Level 1:colcon.colcon_core.package_identification:_identify(src/docking) by extension 'python'
[0.291s] Level 1:colcon.colcon_core.package_identification:_identify(src/docking) by extensions ['python_setup_py']
[0.291s] Level 1:colcon.colcon_core.package_identification:_identify(src/docking) by extension 'python_setup_py'
[0.291s] Level 1:colcon.colcon_core.package_identification:_identify(src/docking/docking_pkg) by extensions ['ignore', 'ignore_ament_install']
[0.291s] Level 1:colcon.colcon_core.package_identification:_identify(src/docking/docking_pkg) by extension 'ignore'
[0.291s] Level 1:colcon.colcon_core.package_identification:_identify(src/docking/docking_pkg) by extension 'ignore_ament_install'
[0.291s] Level 1:colcon.colcon_core.package_identification:_identify(src/docking/docking_pkg) by extensions ['colcon_pkg']
[0.291s] Level 1:colcon.colcon_core.package_identification:_identify(src/docking/docking_pkg) by extension 'colcon_pkg'
[0.291s] Level 1:colcon.colcon_core.package_identification:_identify(src/docking/docking_pkg) by extensions ['colcon_meta']
[0.292s] Level 1:colcon.colcon_core.package_identification:_identify(src/docking/docking_pkg) by extension 'colcon_meta'
[0.292s] Level 1:colcon.colcon_core.package_identification:_identify(src/docking/docking_pkg) by extensions ['ros']
[0.292s] Level 1:colcon.colcon_core.package_identification:_identify(src/docking/docking_pkg) by extension 'ros'
[0.294s] DEBUG:colcon.colcon_core.package_identification:Package 'src/docking/docking_pkg' with type 'ros.ament_python' and name 'docking_pkg'
[0.294s] Level 1:colcon.colcon_core.package_identification:_identify(src/docking/realsense-ros) by extensions ['ignore', 'ignore_ament_install']
[0.294s] Level 1:colcon.colcon_core.package_identification:_identify(src/docking/realsense-ros) by extension 'ignore'
[0.294s] Level 1:colcon.colcon_core.package_identification:_identify(src/docking/realsense-ros) by extension 'ignore_ament_install'
[0.294s] Level 1:colcon.colcon_core.package_identification:_identify(src/docking/realsense-ros) by extensions ['colcon_pkg']
[0.294s] Level 1:colcon.colcon_core.package_identification:_identify(src/docking/realsense-ros) by extension 'colcon_pkg'
[0.294s] Level 1:colcon.colcon_core.package_identification:_identify(src/docking/realsense-ros) by extensions ['colcon_meta']
[0.294s] Level 1:colcon.colcon_core.package_identification:_identify(src/docking/realsense-ros) by extension 'colcon_meta'
[0.294s] Level 1:colcon.colcon_core.package_identification:_identify(src/docking/realsense-ros) by extensions ['ros']
[0.294s] Level 1:colcon.colcon_core.package_identification:_identify(src/docking/realsense-ros) by extension 'ros'
[0.294s] Level 1:colcon.colcon_core.package_identification:_identify(src/docking/realsense-ros) by extensions ['cmake', 'python']
[0.294s] Level 1:colcon.colcon_core.package_identification:_identify(src/docking/realsense-ros) by extension 'cmake'
[0.294s] Level 1:colcon.colcon_core.package_identification:_identify(src/docking/realsense-ros) by extension 'python'
[0.294s] Level 1:colcon.colcon_core.package_identification:_identify(src/docking/realsense-ros) by extensions ['python_setup_py']
[0.294s] Level 1:colcon.colcon_core.package_identification:_identify(src/docking/realsense-ros) by extension 'python_setup_py'
[0.294s] Level 1:colcon.colcon_core.package_identification:_identify(src/docking/realsense-ros/realsense2_camera) by extensions ['ignore', 'ignore_ament_install']
[0.294s] Level 1:colcon.colcon_core.package_identification:_identify(src/docking/realsense-ros/realsense2_camera) by extension 'ignore'
[0.295s] Level 1:colcon.colcon_core.package_identification:_identify(src/docking/realsense-ros/realsense2_camera) by extension 'ignore_ament_install'
[0.295s] Level 1:colcon.colcon_core.package_identification:_identify(src/docking/realsense-ros/realsense2_camera) by extensions ['colcon_pkg']
[0.295s] Level 1:colcon.colcon_core.package_identification:_identify(src/docking/realsense-ros/realsense2_camera) by extension 'colcon_pkg'
[0.295s] Level 1:colcon.colcon_core.package_identification:_identify(src/docking/realsense-ros/realsense2_camera) by extensions ['colcon_meta']
[0.295s] Level 1:colcon.colcon_core.package_identification:_identify(src/docking/realsense-ros/realsense2_camera) by extension 'colcon_meta'
[0.295s] Level 1:colcon.colcon_core.package_identification:_identify(src/docking/realsense-ros/realsense2_camera) by extensions ['ros']
[0.295s] Level 1:colcon.colcon_core.package_identification:_identify(src/docking/realsense-ros/realsense2_camera) by extension 'ros'
[0.309s] DEBUG:colcon.colcon_core.package_identification:Package 'src/docking/realsense-ros/realsense2_camera' with type 'ros.ament_cmake' and name 'realsense2_camera'
[0.309s] Level 1:colcon.colcon_core.package_identification:_identify(src/docking/realsense-ros/realsense2_camera_msgs) by extensions ['ignore', 'ignore_ament_install']
[0.309s] Level 1:colcon.colcon_core.package_identification:_identify(src/docking/realsense-ros/realsense2_camera_msgs) by extension 'ignore'
[0.309s] Level 1:colcon.colcon_core.package_identification:_identify(src/docking/realsense-ros/realsense2_camera_msgs) by extension 'ignore_ament_install'
[0.309s] Level 1:colcon.colcon_core.package_identification:_identify(src/docking/realsense-ros/realsense2_camera_msgs) by extensions ['colcon_pkg']
[0.309s] Level 1:colcon.colcon_core.package_identification:_identify(src/docking/realsense-ros/realsense2_camera_msgs) by extension 'colcon_pkg'
[0.309s] Level 1:colcon.colcon_core.package_identification:_identify(src/docking/realsense-ros/realsense2_camera_msgs) by extensions ['colcon_meta']
[0.309s] Level 1:colcon.colcon_core.package_identification:_identify(src/docking/realsense-ros/realsense2_camera_msgs) by extension 'colcon_meta'
[0.309s] Level 1:colcon.colcon_core.package_identification:_identify(src/docking/realsense-ros/realsense2_camera_msgs) by extensions ['ros']
[0.309s] Level 1:colcon.colcon_core.package_identification:_identify(src/docking/realsense-ros/realsense2_camera_msgs) by extension 'ros'
[0.310s] DEBUG:colcon.colcon_core.package_identification:Package 'src/docking/realsense-ros/realsense2_camera_msgs' with type 'ros.ament_cmake' and name 'realsense2_camera_msgs'
[0.310s] Level 1:colcon.colcon_core.package_identification:_identify(src/docking/realsense-ros/realsense2_description) by extensions ['ignore', 'ignore_ament_install']
[0.310s] Level 1:colcon.colcon_core.package_identification:_identify(src/docking/realsense-ros/realsense2_description) by extension 'ignore'
[0.310s] Level 1:colcon.colcon_core.package_identification:_identify(src/docking/realsense-ros/realsense2_description) by extension 'ignore_ament_install'
[0.310s] Level 1:colcon.colcon_core.package_identification:_identify(src/docking/realsense-ros/realsense2_description) by extensions ['colcon_pkg']
[0.310s] Level 1:colcon.colcon_core.package_identification:_identify(src/docking/realsense-ros/realsense2_description) by extension 'colcon_pkg'
[0.310s] Level 1:colcon.colcon_core.package_identification:_identify(src/docking/realsense-ros/realsense2_description) by extensions ['colcon_meta']
[0.310s] Level 1:colcon.colcon_core.package_identification:_identify(src/docking/realsense-ros/realsense2_description) by extension 'colcon_meta'
[0.310s] Level 1:colcon.colcon_core.package_identification:_identify(src/docking/realsense-ros/realsense2_description) by extensions ['ros']
[0.310s] Level 1:colcon.colcon_core.package_identification:_identify(src/docking/realsense-ros/realsense2_description) by extension 'ros'
[0.311s] DEBUG:colcon.colcon_core.package_identification:Package 'src/docking/realsense-ros/realsense2_description' with type 'ros.ament_cmake' and name 'realsense2_description'
[0.311s] Level 1:colcon.colcon_core.package_identification:_identify(src/docking/realsense-ros/scripts) by extensions ['ignore', 'ignore_ament_install']
[0.311s] Level 1:colcon.colcon_core.package_identification:_identify(src/docking/realsense-ros/scripts) by extension 'ignore'
[0.311s] Level 1:colcon.colcon_core.package_identification:_identify(src/docking/realsense-ros/scripts) by extension 'ignore_ament_install'
[0.311s] Level 1:colcon.colcon_core.package_identification:_identify(src/docking/realsense-ros/scripts) by extensions ['colcon_pkg']
[0.311s] Level 1:colcon.colcon_core.package_identification:_identify(src/docking/realsense-ros/scripts) by extension 'colcon_pkg'
[0.311s] Level 1:colcon.colcon_core.package_identification:_identify(src/docking/realsense-ros/scripts) by extensions ['colcon_meta']
[0.311s] Level 1:colcon.colcon_core.package_identification:_identify(src/docking/realsense-ros/scripts) by extension 'colcon_meta'
[0.311s] Level 1:colcon.colcon_core.package_identification:_identify(src/docking/realsense-ros/scripts) by extensions ['ros']
[0.311s] Level 1:colcon.colcon_core.package_identification:_identify(src/docking/realsense-ros/scripts) by extension 'ros'
[0.312s] Level 1:colcon.colcon_core.package_identification:_identify(src/docking/realsense-ros/scripts) by extensions ['cmake', 'python']
[0.312s] Level 1:colcon.colcon_core.package_identification:_identify(src/docking/realsense-ros/scripts) by extension 'cmake'
[0.312s] Level 1:colcon.colcon_core.package_identification:_identify(src/docking/realsense-ros/scripts) by extension 'python'
[0.312s] Level 1:colcon.colcon_core.package_identification:_identify(src/docking/realsense-ros/scripts) by extensions ['python_setup_py']
[0.312s] Level 1:colcon.colcon_core.package_identification:_identify(src/docking/realsense-ros/scripts) by extension 'python_setup_py'
[0.312s] Level 1:colcon.colcon_core.package_identification:_identify(src/gui) by extensions ['ignore', 'ignore_ament_install']
[0.312s] Level 1:colcon.colcon_core.package_identification:_identify(src/gui) by extension 'ignore'
[0.312s] Level 1:colcon.colcon_core.package_identification:_identify(src/gui) by extension 'ignore_ament_install'
[0.312s] Level 1:colcon.colcon_core.package_identification:_identify(src/gui) by extensions ['colcon_pkg']
[0.312s] Level 1:colcon.colcon_core.package_identification:_identify(src/gui) by extension 'colcon_pkg'
[0.312s] Level 1:colcon.colcon_core.package_identification:_identify(src/gui) by extensions ['colcon_meta']
[0.312s] Level 1:colcon.colcon_core.package_identification:_identify(src/gui) by extension 'colcon_meta'
[0.312s] Level 1:colcon.colcon_core.package_identification:_identify(src/gui) by extensions ['ros']
[0.312s] Level 1:colcon.colcon_core.package_identification:_identify(src/gui) by extension 'ros'
[0.312s] Level 1:colcon.colcon_core.package_identification:_identify(src/gui) by extensions ['cmake', 'python']
[0.312s] Level 1:colcon.colcon_core.package_identification:_identify(src/gui) by extension 'cmake'
[0.312s] Level 1:colcon.colcon_core.package_identification:_identify(src/gui) by extension 'python'
[0.312s] Level 1:colcon.colcon_core.package_identification:_identify(src/gui) by extensions ['python_setup_py']
[0.312s] Level 1:colcon.colcon_core.package_identification:_identify(src/gui) by extension 'python_setup_py'
[0.312s] Level 1:colcon.colcon_core.package_identification:_identify(src/gui/gui) by extensions ['ignore', 'ignore_ament_install']
[0.312s] Level 1:colcon.colcon_core.package_identification:_identify(src/gui/gui) by extension 'ignore'
[0.313s] Level 1:colcon.colcon_core.package_identification:_identify(src/gui/gui) by extension 'ignore_ament_install'
[0.313s] Level 1:colcon.colcon_core.package_identification:_identify(src/gui/gui) by extensions ['colcon_pkg']
[0.313s] Level 1:colcon.colcon_core.package_identification:_identify(src/gui/gui) by extension 'colcon_pkg'
[0.313s] Level 1:colcon.colcon_core.package_identification:_identify(src/gui/gui) by extensions ['colcon_meta']
[0.313s] Level 1:colcon.colcon_core.package_identification:_identify(src/gui/gui) by extension 'colcon_meta'
[0.313s] Level 1:colcon.colcon_core.package_identification:_identify(src/gui/gui) by extensions ['ros']
[0.313s] Level 1:colcon.colcon_core.package_identification:_identify(src/gui/gui) by extension 'ros'
[0.313s] DEBUG:colcon.colcon_core.package_identification:Package 'src/gui/gui' with type 'ros.ament_python' and name 'gui'
[0.313s] Level 1:colcon.colcon_core.package_identification:_identify(src/gui/gui_interface) by extensions ['ignore', 'ignore_ament_install']
[0.313s] Level 1:colcon.colcon_core.package_identification:_identify(src/gui/gui_interface) by extension 'ignore'
[0.313s] Level 1:colcon.colcon_core.package_identification:_identify(src/gui/gui_interface) by extension 'ignore_ament_install'
[0.313s] Level 1:colcon.colcon_core.package_identification:_identify(src/gui/gui_interface) by extensions ['colcon_pkg']
[0.313s] Level 1:colcon.colcon_core.package_identification:_identify(src/gui/gui_interface) by extension 'colcon_pkg'
[0.313s] Level 1:colcon.colcon_core.package_identification:_identify(src/gui/gui_interface) by extensions ['colcon_meta']
[0.314s] Level 1:colcon.colcon_core.package_identification:_identify(src/gui/gui_interface) by extension 'colcon_meta'
[0.314s] Level 1:colcon.colcon_core.package_identification:_identify(src/gui/gui_interface) by extensions ['ros']
[0.314s] Level 1:colcon.colcon_core.package_identification:_identify(src/gui/gui_interface) by extension 'ros'
[0.314s] DEBUG:colcon.colcon_core.package_identification:Package 'src/gui/gui_interface' with type 'ros.ament_cmake' and name 'gui_interface'
[0.314s] Level 1:colcon.colcon_core.package_identification:_identify(src/interface) by extensions ['ignore', 'ignore_ament_install']
[0.314s] Level 1:colcon.colcon_core.package_identification:_identify(src/interface) by extension 'ignore'
[0.314s] Level 1:colcon.colcon_core.package_identification:_identify(src/interface) by extension 'ignore_ament_install'
[0.314s] Level 1:colcon.colcon_core.package_identification:_identify(src/interface) by extensions ['colcon_pkg']
[0.314s] Level 1:colcon.colcon_core.package_identification:_identify(src/interface) by extension 'colcon_pkg'
[0.314s] Level 1:colcon.colcon_core.package_identification:_identify(src/interface) by extensions ['colcon_meta']
[0.314s] Level 1:colcon.colcon_core.package_identification:_identify(src/interface) by extension 'colcon_meta'
[0.314s] Level 1:colcon.colcon_core.package_identification:_identify(src/interface) by extensions ['ros']
[0.314s] Level 1:colcon.colcon_core.package_identification:_identify(src/interface) by extension 'ros'
[0.315s] DEBUG:colcon.colcon_core.package_identification:Package 'src/interface' with type 'ros.ament_cmake' and name 'interface'
[0.315s] Level 1:colcon.colcon_core.package_identification:_identify(src/ira_laser_tools) by extensions ['ignore', 'ignore_ament_install']
[0.315s] Level 1:colcon.colcon_core.package_identification:_identify(src/ira_laser_tools) by extension 'ignore'
[0.315s] Level 1:colcon.colcon_core.package_identification:_identify(src/ira_laser_tools) by extension 'ignore_ament_install'
[0.315s] Level 1:colcon.colcon_core.package_identification:_identify(src/ira_laser_tools) by extensions ['colcon_pkg']
[0.315s] Level 1:colcon.colcon_core.package_identification:_identify(src/ira_laser_tools) by extension 'colcon_pkg'
[0.315s] Level 1:colcon.colcon_core.package_identification:_identify(src/ira_laser_tools) by extensions ['colcon_meta']
[0.315s] Level 1:colcon.colcon_core.package_identification:_identify(src/ira_laser_tools) by extension 'colcon_meta'
[0.315s] Level 1:colcon.colcon_core.package_identification:_identify(src/ira_laser_tools) by extensions ['ros']
[0.315s] Level 1:colcon.colcon_core.package_identification:_identify(src/ira_laser_tools) by extension 'ros'
[0.316s] DEBUG:colcon.colcon_core.package_identification:Package 'src/ira_laser_tools' with type 'ros.ament_cmake' and name 'ira_laser_tools'
[0.316s] Level 1:colcon.colcon_core.package_identification:_identify(src/keyboard_control) by extensions ['ignore', 'ignore_ament_install']
[0.317s] Level 1:colcon.colcon_core.package_identification:_identify(src/keyboard_control) by extension 'ignore'
[0.317s] Level 1:colcon.colcon_core.package_identification:_identify(src/keyboard_control) by extension 'ignore_ament_install'
[0.317s] Level 1:colcon.colcon_core.package_identification:_identify(src/keyboard_control) by extensions ['colcon_pkg']
[0.317s] Level 1:colcon.colcon_core.package_identification:_identify(src/keyboard_control) by extension 'colcon_pkg'
[0.317s] Level 1:colcon.colcon_core.package_identification:_identify(src/keyboard_control) by extensions ['colcon_meta']
[0.317s] Level 1:colcon.colcon_core.package_identification:_identify(src/keyboard_control) by extension 'colcon_meta'
[0.317s] Level 1:colcon.colcon_core.package_identification:_identify(src/keyboard_control) by extensions ['ros']
[0.317s] Level 1:colcon.colcon_core.package_identification:_identify(src/keyboard_control) by extension 'ros'
[0.317s] DEBUG:colcon.colcon_core.package_identification:Package 'src/keyboard_control' with type 'ros.ament_cmake' and name 'keyboard_control'
[0.317s] Level 1:colcon.colcon_core.package_identification:_identify(src/linear_move) by extensions ['ignore', 'ignore_ament_install']
[0.318s] Level 1:colcon.colcon_core.package_identification:_identify(src/linear_move) by extension 'ignore'
[0.318s] Level 1:colcon.colcon_core.package_identification:_identify(src/linear_move) by extension 'ignore_ament_install'
[0.318s] Level 1:colcon.colcon_core.package_identification:_identify(src/linear_move) by extensions ['colcon_pkg']
[0.318s] Level 1:colcon.colcon_core.package_identification:_identify(src/linear_move) by extension 'colcon_pkg'
[0.318s] Level 1:colcon.colcon_core.package_identification:_identify(src/linear_move) by extensions ['colcon_meta']
[0.318s] Level 1:colcon.colcon_core.package_identification:_identify(src/linear_move) by extension 'colcon_meta'
[0.318s] Level 1:colcon.colcon_core.package_identification:_identify(src/linear_move) by extensions ['ros']
[0.318s] Level 1:colcon.colcon_core.package_identification:_identify(src/linear_move) by extension 'ros'
[0.318s] DEBUG:colcon.colcon_core.package_identification:Package 'src/linear_move' with type 'ros.ament_cmake' and name 'linear_move'
[0.318s] Level 1:colcon.colcon_core.package_identification:_identify(src/main_control) by extensions ['ignore', 'ignore_ament_install']
[0.318s] Level 1:colcon.colcon_core.package_identification:_identify(src/main_control) by extension 'ignore'
[0.318s] Level 1:colcon.colcon_core.package_identification:_identify(src/main_control) by extension 'ignore_ament_install'
[0.319s] Level 1:colcon.colcon_core.package_identification:_identify(src/main_control) by extensions ['colcon_pkg']
[0.319s] Level 1:colcon.colcon_core.package_identification:_identify(src/main_control) by extension 'colcon_pkg'
[0.319s] Level 1:colcon.colcon_core.package_identification:_identify(src/main_control) by extensions ['colcon_meta']
[0.319s] Level 1:colcon.colcon_core.package_identification:_identify(src/main_control) by extension 'colcon_meta'
[0.319s] Level 1:colcon.colcon_core.package_identification:_identify(src/main_control) by extensions ['ros']
[0.319s] Level 1:colcon.colcon_core.package_identification:_identify(src/main_control) by extension 'ros'
[0.319s] Level 1:colcon.colcon_core.package_identification:_identify(src/main_control) by extensions ['cmake', 'python']
[0.319s] Level 1:colcon.colcon_core.package_identification:_identify(src/main_control) by extension 'cmake'
[0.319s] Level 1:colcon.colcon_core.package_identification:_identify(src/main_control) by extension 'python'
[0.319s] Level 1:colcon.colcon_core.package_identification:_identify(src/main_control) by extensions ['python_setup_py']
[0.319s] Level 1:colcon.colcon_core.package_identification:_identify(src/main_control) by extension 'python_setup_py'
[0.319s] Level 1:colcon.colcon_core.package_identification:_identify(src/main_control/main_control) by extensions ['ignore', 'ignore_ament_install']
[0.319s] Level 1:colcon.colcon_core.package_identification:_identify(src/main_control/main_control) by extension 'ignore'
[0.319s] Level 1:colcon.colcon_core.package_identification:_identify(src/main_control/main_control) by extension 'ignore_ament_install'
[0.319s] Level 1:colcon.colcon_core.package_identification:_identify(src/main_control/main_control) by extensions ['colcon_pkg']
[0.319s] Level 1:colcon.colcon_core.package_identification:_identify(src/main_control/main_control) by extension 'colcon_pkg'
[0.319s] Level 1:colcon.colcon_core.package_identification:_identify(src/main_control/main_control) by extensions ['colcon_meta']
[0.319s] Level 1:colcon.colcon_core.package_identification:_identify(src/main_control/main_control) by extension 'colcon_meta'
[0.319s] Level 1:colcon.colcon_core.package_identification:_identify(src/main_control/main_control) by extensions ['ros']
[0.319s] Level 1:colcon.colcon_core.package_identification:_identify(src/main_control/main_control) by extension 'ros'
[0.320s] DEBUG:colcon.colcon_core.package_identification:Package 'src/main_control/main_control' with type 'ros.ament_python' and name 'main_control'
[0.320s] Level 1:colcon.colcon_core.package_identification:_identify(src/mecanum) by extensions ['ignore', 'ignore_ament_install']
[0.320s] Level 1:colcon.colcon_core.package_identification:_identify(src/mecanum) by extension 'ignore'
[0.320s] Level 1:colcon.colcon_core.package_identification:_identify(src/mecanum) by extension 'ignore_ament_install'
[0.320s] Level 1:colcon.colcon_core.package_identification:_identify(src/mecanum) by extensions ['colcon_pkg']
[0.320s] Level 1:colcon.colcon_core.package_identification:_identify(src/mecanum) by extension 'colcon_pkg'
[0.320s] Level 1:colcon.colcon_core.package_identification:_identify(src/mecanum) by extensions ['colcon_meta']
[0.320s] Level 1:colcon.colcon_core.package_identification:_identify(src/mecanum) by extension 'colcon_meta'
[0.320s] Level 1:colcon.colcon_core.package_identification:_identify(src/mecanum) by extensions ['ros']
[0.320s] Level 1:colcon.colcon_core.package_identification:_identify(src/mecanum) by extension 'ros'
[0.321s] DEBUG:colcon.colcon_core.package_identification:Package 'src/mecanum' with type 'ros.ament_cmake' and name 'mecanum'
[0.321s] Level 1:colcon.colcon_core.package_identification:_identify(src/pallet) by extensions ['ignore', 'ignore_ament_install']
[0.321s] Level 1:colcon.colcon_core.package_identification:_identify(src/pallet) by extension 'ignore'
[0.321s] Level 1:colcon.colcon_core.package_identification:_identify(src/pallet) by extension 'ignore_ament_install'
[0.321s] Level 1:colcon.colcon_core.package_identification:_identify(src/pallet) by extensions ['colcon_pkg']
[0.321s] Level 1:colcon.colcon_core.package_identification:_identify(src/pallet) by extension 'colcon_pkg'
[0.321s] Level 1:colcon.colcon_core.package_identification:_identify(src/pallet) by extensions ['colcon_meta']
[0.321s] Level 1:colcon.colcon_core.package_identification:_identify(src/pallet) by extension 'colcon_meta'
[0.321s] Level 1:colcon.colcon_core.package_identification:_identify(src/pallet) by extensions ['ros']
[0.321s] Level 1:colcon.colcon_core.package_identification:_identify(src/pallet) by extension 'ros'
[0.321s] Level 1:colcon.colcon_core.package_identification:_identify(src/pallet) by extensions ['cmake', 'python']
[0.321s] Level 1:colcon.colcon_core.package_identification:_identify(src/pallet) by extension 'cmake'
[0.321s] Level 1:colcon.colcon_core.package_identification:_identify(src/pallet) by extension 'python'
[0.321s] Level 1:colcon.colcon_core.package_identification:_identify(src/pallet) by extensions ['python_setup_py']
[0.321s] Level 1:colcon.colcon_core.package_identification:_identify(src/pallet) by extension 'python_setup_py'
[0.321s] Level 1:colcon.colcon_core.package_identification:_identify(src/pallet/pallet_interfaces) by extensions ['ignore', 'ignore_ament_install']
[0.322s] Level 1:colcon.colcon_core.package_identification:_identify(src/pallet/pallet_interfaces) by extension 'ignore'
[0.322s] Level 1:colcon.colcon_core.package_identification:_identify(src/pallet/pallet_interfaces) by extension 'ignore_ament_install'
[0.322s] Level 1:colcon.colcon_core.package_identification:_identify(src/pallet/pallet_interfaces) by extensions ['colcon_pkg']
[0.322s] Level 1:colcon.colcon_core.package_identification:_identify(src/pallet/pallet_interfaces) by extension 'colcon_pkg'
[0.322s] Level 1:colcon.colcon_core.package_identification:_identify(src/pallet/pallet_interfaces) by extensions ['colcon_meta']
[0.322s] Level 1:colcon.colcon_core.package_identification:_identify(src/pallet/pallet_interfaces) by extension 'colcon_meta'
[0.322s] Level 1:colcon.colcon_core.package_identification:_identify(src/pallet/pallet_interfaces) by extensions ['ros']
[0.322s] Level 1:colcon.colcon_core.package_identification:_identify(src/pallet/pallet_interfaces) by extension 'ros'
[0.322s] DEBUG:colcon.colcon_core.package_identification:Package 'src/pallet/pallet_interfaces' with type 'ros.ament_cmake' and name 'pallet_interfaces'
[0.322s] Level 1:colcon.colcon_core.package_identification:_identify(src/pallet/pallet_main) by extensions ['ignore', 'ignore_ament_install']
[0.322s] Level 1:colcon.colcon_core.package_identification:_identify(src/pallet/pallet_main) by extension 'ignore'
[0.323s] Level 1:colcon.colcon_core.package_identification:_identify(src/pallet/pallet_main) by extension 'ignore_ament_install'
[0.323s] Level 1:colcon.colcon_core.package_identification:_identify(src/pallet/pallet_main) by extensions ['colcon_pkg']
[0.323s] Level 1:colcon.colcon_core.package_identification:_identify(src/pallet/pallet_main) by extension 'colcon_pkg'
[0.323s] Level 1:colcon.colcon_core.package_identification:_identify(src/pallet/pallet_main) by extensions ['colcon_meta']
[0.323s] Level 1:colcon.colcon_core.package_identification:_identify(src/pallet/pallet_main) by extension 'colcon_meta'
[0.323s] Level 1:colcon.colcon_core.package_identification:_identify(src/pallet/pallet_main) by extensions ['ros']
[0.323s] Level 1:colcon.colcon_core.package_identification:_identify(src/pallet/pallet_main) by extension 'ros'
[0.323s] DEBUG:colcon.colcon_core.package_identification:Package 'src/pallet/pallet_main' with type 'ros.ament_python' and name 'pallet_main'
[0.323s] Level 1:colcon.colcon_core.package_identification:_identify(src/timda_bringup) by extensions ['ignore', 'ignore_ament_install']
[0.323s] Level 1:colcon.colcon_core.package_identification:_identify(src/timda_bringup) by extension 'ignore'
[0.323s] Level 1:colcon.colcon_core.package_identification:_identify(src/timda_bringup) by extension 'ignore_ament_install'
[0.323s] Level 1:colcon.colcon_core.package_identification:_identify(src/timda_bringup) by extensions ['colcon_pkg']
[0.323s] Level 1:colcon.colcon_core.package_identification:_identify(src/timda_bringup) by extension 'colcon_pkg'
[0.323s] Level 1:colcon.colcon_core.package_identification:_identify(src/timda_bringup) by extensions ['colcon_meta']
[0.323s] Level 1:colcon.colcon_core.package_identification:_identify(src/timda_bringup) by extension 'colcon_meta'
[0.324s] Level 1:colcon.colcon_core.package_identification:_identify(src/timda_bringup) by extensions ['ros']
[0.324s] Level 1:colcon.colcon_core.package_identification:_identify(src/timda_bringup) by extension 'ros'
[0.324s] DEBUG:colcon.colcon_core.package_identification:Package 'src/timda_bringup' with type 'ros.ament_cmake' and name 'timda_bringup'
[0.324s] Level 1:colcon.colcon_core.package_identification:_identify(src/timda_sim) by extensions ['ignore', 'ignore_ament_install']
[0.324s] Level 1:colcon.colcon_core.package_identification:_identify(src/timda_sim) by extension 'ignore'
[0.324s] Level 1:colcon.colcon_core.package_identification:_identify(src/timda_sim) by extension 'ignore_ament_install'
[0.324s] Level 1:colcon.colcon_core.package_identification:_identify(src/timda_sim) by extensions ['colcon_pkg']
[0.324s] Level 1:colcon.colcon_core.package_identification:_identify(src/timda_sim) by extension 'colcon_pkg'
[0.324s] Level 1:colcon.colcon_core.package_identification:_identify(src/timda_sim) by extensions ['colcon_meta']
[0.324s] Level 1:colcon.colcon_core.package_identification:_identify(src/timda_sim) by extension 'colcon_meta'
[0.324s] Level 1:colcon.colcon_core.package_identification:_identify(src/timda_sim) by extensions ['ros']
[0.324s] Level 1:colcon.colcon_core.package_identification:_identify(src/timda_sim) by extension 'ros'
[0.324s] Level 1:colcon.colcon_core.package_identification:_identify(src/timda_sim) by extensions ['cmake', 'python']
[0.325s] Level 1:colcon.colcon_core.package_identification:_identify(src/timda_sim) by extension 'cmake'
[0.325s] Level 1:colcon.colcon_core.package_identification:_identify(src/timda_sim) by extension 'python'
[0.325s] Level 1:colcon.colcon_core.package_identification:_identify(src/timda_sim) by extensions ['python_setup_py']
[0.325s] Level 1:colcon.colcon_core.package_identification:_identify(src/timda_sim) by extension 'python_setup_py'
[0.325s] Level 1:colcon.colcon_core.package_identification:_identify(src/timda_sim/mobile_description) by extensions ['ignore', 'ignore_ament_install']
[0.325s] Level 1:colcon.colcon_core.package_identification:_identify(src/timda_sim/mobile_description) by extension 'ignore'
[0.325s] Level 1:colcon.colcon_core.package_identification:_identify(src/timda_sim/mobile_description) by extension 'ignore_ament_install'
[0.325s] Level 1:colcon.colcon_core.package_identification:_identify(src/timda_sim/mobile_description) by extensions ['colcon_pkg']
[0.325s] Level 1:colcon.colcon_core.package_identification:_identify(src/timda_sim/mobile_description) by extension 'colcon_pkg'
[0.325s] Level 1:colcon.colcon_core.package_identification:_identify(src/timda_sim/mobile_description) by extensions ['colcon_meta']
[0.325s] Level 1:colcon.colcon_core.package_identification:_identify(src/timda_sim/mobile_description) by extension 'colcon_meta'
[0.325s] Level 1:colcon.colcon_core.package_identification:_identify(src/timda_sim/mobile_description) by extensions ['ros']
[0.325s] Level 1:colcon.colcon_core.package_identification:_identify(src/timda_sim/mobile_description) by extension 'ros'
[0.325s] DEBUG:colcon.colcon_core.package_identification:Package 'src/timda_sim/mobile_description' with type 'ros.ament_cmake' and name 'mobile_description'
[0.326s] Level 1:colcon.colcon_core.package_identification:_identify(src/timda_sim/robot_arm_description) by extensions ['ignore', 'ignore_ament_install']
[0.326s] Level 1:colcon.colcon_core.package_identification:_identify(src/timda_sim/robot_arm_description) by extension 'ignore'
[0.326s] Level 1:colcon.colcon_core.package_identification:_identify(src/timda_sim/robot_arm_description) by extension 'ignore_ament_install'
[0.326s] Level 1:colcon.colcon_core.package_identification:_identify(src/timda_sim/robot_arm_description) by extensions ['colcon_pkg']
[0.326s] Level 1:colcon.colcon_core.package_identification:_identify(src/timda_sim/robot_arm_description) by extension 'colcon_pkg'
[0.326s] Level 1:colcon.colcon_core.package_identification:_identify(src/timda_sim/robot_arm_description) by extensions ['colcon_meta']
[0.326s] Level 1:colcon.colcon_core.package_identification:_identify(src/timda_sim/robot_arm_description) by extension 'colcon_meta'
[0.326s] Level 1:colcon.colcon_core.package_identification:_identify(src/timda_sim/robot_arm_description) by extensions ['ros']
[0.326s] Level 1:colcon.colcon_core.package_identification:_identify(src/timda_sim/robot_arm_description) by extension 'ros'
[0.326s] DEBUG:colcon.colcon_core.package_identification:Package 'src/timda_sim/robot_arm_description' with type 'ros.ament_cmake' and name 'robot_arm_description'
[0.326s] Level 1:colcon.colcon_core.package_identification:_identify(src/timda_sim/suction_description) by extensions ['ignore', 'ignore_ament_install']
[0.326s] Level 1:colcon.colcon_core.package_identification:_identify(src/timda_sim/suction_description) by extension 'ignore'
[0.326s] Level 1:colcon.colcon_core.package_identification:_identify(src/timda_sim/suction_description) by extension 'ignore_ament_install'
[0.327s] Level 1:colcon.colcon_core.package_identification:_identify(src/timda_sim/suction_description) by extensions ['colcon_pkg']
[0.327s] Level 1:colcon.colcon_core.package_identification:_identify(src/timda_sim/suction_description) by extension 'colcon_pkg'
[0.327s] Level 1:colcon.colcon_core.package_identification:_identify(src/timda_sim/suction_description) by extensions ['colcon_meta']
[0.327s] Level 1:colcon.colcon_core.package_identification:_identify(src/timda_sim/suction_description) by extension 'colcon_meta'
[0.327s] Level 1:colcon.colcon_core.package_identification:_identify(src/timda_sim/suction_description) by extensions ['ros']
[0.327s] Level 1:colcon.colcon_core.package_identification:_identify(src/timda_sim/suction_description) by extension 'ros'
[0.327s] DEBUG:colcon.colcon_core.package_identification:Package 'src/timda_sim/suction_description' with type 'ros.ament_cmake' and name 'suction_description'
[0.327s] Level 1:colcon.colcon_core.package_identification:_identify(src/timda_sim/timda_body_description) by extensions ['ignore', 'ignore_ament_install']
[0.327s] Level 1:colcon.colcon_core.package_identification:_identify(src/timda_sim/timda_body_description) by extension 'ignore'
[0.327s] Level 1:colcon.colcon_core.package_identification:_identify(src/timda_sim/timda_body_description) by extension 'ignore_ament_install'
[0.327s] Level 1:colcon.colcon_core.package_identification:_identify(src/timda_sim/timda_body_description) by extensions ['colcon_pkg']
[0.327s] Level 1:colcon.colcon_core.package_identification:_identify(src/timda_sim/timda_body_description) by extension 'colcon_pkg'
[0.327s] Level 1:colcon.colcon_core.package_identification:_identify(src/timda_sim/timda_body_description) by extensions ['colcon_meta']
[0.327s] Level 1:colcon.colcon_core.package_identification:_identify(src/timda_sim/timda_body_description) by extension 'colcon_meta'
[0.328s] Level 1:colcon.colcon_core.package_identification:_identify(src/timda_sim/timda_body_description) by extensions ['ros']
[0.328s] Level 1:colcon.colcon_core.package_identification:_identify(src/timda_sim/timda_body_description) by extension 'ros'
[0.328s] DEBUG:colcon.colcon_core.package_identification:Package 'src/timda_sim/timda_body_description' with type 'ros.ament_cmake' and name 'timda_body_description'
[0.328s] Level 1:colcon.colcon_core.package_identification:_identify(src/timda_sim/timda_description) by extensions ['ignore', 'ignore_ament_install']
[0.328s] Level 1:colcon.colcon_core.package_identification:_identify(src/timda_sim/timda_description) by extension 'ignore'
[0.328s] Level 1:colcon.colcon_core.package_identification:_identify(src/timda_sim/timda_description) by extension 'ignore_ament_install'
[0.328s] Level 1:colcon.colcon_core.package_identification:_identify(src/timda_sim/timda_description) by extensions ['colcon_pkg']
[0.328s] Level 1:colcon.colcon_core.package_identification:_identify(src/timda_sim/timda_description) by extension 'colcon_pkg'
[0.328s] Level 1:colcon.colcon_core.package_identification:_identify(src/timda_sim/timda_description) by extensions ['colcon_meta']
[0.328s] Level 1:colcon.colcon_core.package_identification:_identify(src/timda_sim/timda_description) by extension 'colcon_meta'
[0.328s] Level 1:colcon.colcon_core.package_identification:_identify(src/timda_sim/timda_description) by extensions ['ros']
[0.328s] Level 1:colcon.colcon_core.package_identification:_identify(src/timda_sim/timda_description) by extension 'ros'
[0.329s] DEBUG:colcon.colcon_core.package_identification:Package 'src/timda_sim/timda_description' with type 'ros.ament_cmake' and name 'timda_description'
[0.329s] Level 1:colcon.colcon_core.package_identification:_identify(src/timda_sim/timda_gazebo) by extensions ['ignore', 'ignore_ament_install']
[0.329s] Level 1:colcon.colcon_core.package_identification:_identify(src/timda_sim/timda_gazebo) by extension 'ignore'
[0.329s] Level 1:colcon.colcon_core.package_identification:_identify(src/timda_sim/timda_gazebo) by extension 'ignore_ament_install'
[0.329s] Level 1:colcon.colcon_core.package_identification:_identify(src/timda_sim/timda_gazebo) by extensions ['colcon_pkg']
[0.329s] Level 1:colcon.colcon_core.package_identification:_identify(src/timda_sim/timda_gazebo) by extension 'colcon_pkg'
[0.329s] Level 1:colcon.colcon_core.package_identification:_identify(src/timda_sim/timda_gazebo) by extensions ['colcon_meta']
[0.329s] Level 1:colcon.colcon_core.package_identification:_identify(src/timda_sim/timda_gazebo) by extension 'colcon_meta'
[0.329s] Level 1:colcon.colcon_core.package_identification:_identify(src/timda_sim/timda_gazebo) by extensions ['ros']
[0.329s] Level 1:colcon.colcon_core.package_identification:_identify(src/timda_sim/timda_gazebo) by extension 'ros'
[0.330s] DEBUG:colcon.colcon_core.package_identification:Package 'src/timda_sim/timda_gazebo' with type 'ros.ament_cmake' and name 'timda_gazebo'
[0.330s] Level 1:colcon.colcon_core.package_discovery:discover_packages(recursive) using defaults
[0.330s] Level 1:colcon.colcon_core.package_discovery:discover_packages(ignore) discover
[0.330s] Level 1:colcon.colcon_core.package_discovery:discover_packages(ignore) using defaults
[0.330s] Level 1:colcon.colcon_core.package_discovery:discover_packages(path) discover
[0.330s] Level 1:colcon.colcon_core.package_discovery:discover_packages(path) using defaults
[0.350s] Level 1:colcon.colcon_core.package_discovery:discover_packages(prefix_path) check parameters
[0.350s] Level 1:colcon.colcon_core.package_discovery:discover_packages(prefix_path) discover
[0.351s] WARNING:colcon.colcon_ros.prefix_path.ament:The path '/home/eating/work/install/docking_interface' in the environment variable AMENT_PREFIX_PATH doesn't exist
[0.352s] WARNING:colcon.colcon_ros.prefix_path.catkin:The path '/home/eating/work/install/docking_interface' in the environment variable CMAKE_PREFIX_PATH doesn't exist
[0.353s] DEBUG:colcon.colcon_installed_package_information.package_discovery:Found 22 installed packages in /home/eating/work/install
[0.354s] DEBUG:colcon.colcon_installed_package_information.package_discovery:Found 278 installed packages in /opt/ros/humble
[0.355s] Level 1:colcon.colcon_core.package_discovery:discover_packages(prefix_path) using defaults
[0.393s] Level 5:colcon.colcon_core.verb:set package 'docking_pkg' build argument 'cmake_args' from command line to 'None'
[0.393s] Level 5:colcon.colcon_core.verb:set package 'docking_pkg' build argument 'cmake_target' from command line to 'None'
[0.393s] Level 5:colcon.colcon_core.verb:set package 'docking_pkg' build argument 'cmake_target_skip_unavailable' from command line to 'False'
[0.393s] Level 5:colcon.colcon_core.verb:set package 'docking_pkg' build argument 'cmake_clean_cache' from command line to 'False'
[0.393s] Level 5:colcon.colcon_core.verb:set package 'docking_pkg' build argument 'cmake_clean_first' from command line to 'False'
[0.393s] Level 5:colcon.colcon_core.verb:set package 'docking_pkg' build argument 'cmake_force_configure' from command line to 'False'
[0.393s] Level 5:colcon.colcon_core.verb:set package 'docking_pkg' build argument 'ament_cmake_args' from command line to 'None'
[0.393s] Level 5:colcon.colcon_core.verb:set package 'docking_pkg' build argument 'catkin_cmake_args' from command line to 'None'
[0.393s] Level 5:colcon.colcon_core.verb:set package 'docking_pkg' build argument 'catkin_skip_building_tests' from command line to 'False'
[0.393s] DEBUG:colcon.colcon_core.verb:Building package 'docking_pkg' with the following arguments: {'ament_cmake_args': None, 'build_base': '/home/eating/work/build/docking_pkg', 'catkin_cmake_args': None, 'catkin_skip_building_tests': False, 'cmake_args': None, 'cmake_clean_cache': False, 'cmake_clean_first': False, 'cmake_force_configure': False, 'cmake_target': None, 'cmake_target_skip_unavailable': False, 'install_base': '/home/eating/work/install/docking_pkg', 'merge_install': False, 'path': '/home/eating/work/src/docking/docking_pkg', 'symlink_install': False, 'test_result_base': None}
[0.393s] Level 5:colcon.colcon_core.verb:set package 'gui_interface' build argument 'cmake_args' from command line to 'None'
[0.393s] Level 5:colcon.colcon_core.verb:set package 'gui_interface' build argument 'cmake_target' from command line to 'None'
[0.393s] Level 5:colcon.colcon_core.verb:set package 'gui_interface' build argument 'cmake_target_skip_unavailable' from command line to 'False'
[0.393s] Level 5:colcon.colcon_core.verb:set package 'gui_interface' build argument 'cmake_clean_cache' from command line to 'False'
[0.393s] Level 5:colcon.colcon_core.verb:set package 'gui_interface' build argument 'cmake_clean_first' from command line to 'False'
[0.393s] Level 5:colcon.colcon_core.verb:set package 'gui_interface' build argument 'cmake_force_configure' from command line to 'False'
[0.393s] Level 5:colcon.colcon_core.verb:set package 'gui_interface' build argument 'ament_cmake_args' from command line to 'None'
[0.393s] Level 5:colcon.colcon_core.verb:set package 'gui_interface' build argument 'catkin_cmake_args' from command line to 'None'
[0.393s] Level 5:colcon.colcon_core.verb:set package 'gui_interface' build argument 'catkin_skip_building_tests' from command line to 'False'
[0.393s] DEBUG:colcon.colcon_core.verb:Building package 'gui_interface' with the following arguments: {'ament_cmake_args': None, 'build_base': '/home/eating/work/build/gui_interface', 'catkin_cmake_args': None, 'catkin_skip_building_tests': False, 'cmake_args': None, 'cmake_clean_cache': False, 'cmake_clean_first': False, 'cmake_force_configure': False, 'cmake_target': None, 'cmake_target_skip_unavailable': False, 'install_base': '/home/eating/work/install/gui_interface', 'merge_install': False, 'path': '/home/eating/work/src/gui/gui_interface', 'symlink_install': False, 'test_result_base': None}
[0.394s] Level 5:colcon.colcon_core.verb:set package 'interface' build argument 'cmake_args' from command line to 'None'
[0.394s] Level 5:colcon.colcon_core.verb:set package 'interface' build argument 'cmake_target' from command line to 'None'
[0.394s] Level 5:colcon.colcon_core.verb:set package 'interface' build argument 'cmake_target_skip_unavailable' from command line to 'False'
[0.394s] Level 5:colcon.colcon_core.verb:set package 'interface' build argument 'cmake_clean_cache' from command line to 'False'
[0.394s] Level 5:colcon.colcon_core.verb:set package 'interface' build argument 'cmake_clean_first' from command line to 'False'
[0.394s] Level 5:colcon.colcon_core.verb:set package 'interface' build argument 'cmake_force_configure' from command line to 'False'
[0.394s] Level 5:colcon.colcon_core.verb:set package 'interface' build argument 'ament_cmake_args' from command line to 'None'
[0.394s] Level 5:colcon.colcon_core.verb:set package 'interface' build argument 'catkin_cmake_args' from command line to 'None'
[0.394s] Level 5:colcon.colcon_core.verb:set package 'interface' build argument 'catkin_skip_building_tests' from command line to 'False'
[0.394s] DEBUG:colcon.colcon_core.verb:Building package 'interface' with the following arguments: {'ament_cmake_args': None, 'build_base': '/home/eating/work/build/interface', 'catkin_cmake_args': None, 'catkin_skip_building_tests': False, 'cmake_args': None, 'cmake_clean_cache': False, 'cmake_clean_first': False, 'cmake_force_configure': False, 'cmake_target': None, 'cmake_target_skip_unavailable': False, 'install_base': '/home/eating/work/install/interface', 'merge_install': False, 'path': '/home/eating/work/src/interface', 'symlink_install': False, 'test_result_base': None}
[0.394s] Level 5:colcon.colcon_core.verb:set package 'ira_laser_tools' build argument 'cmake_args' from command line to 'None'
[0.394s] Level 5:colcon.colcon_core.verb:set package 'ira_laser_tools' build argument 'cmake_target' from command line to 'None'
[0.394s] Level 5:colcon.colcon_core.verb:set package 'ira_laser_tools' build argument 'cmake_target_skip_unavailable' from command line to 'False'
[0.394s] Level 5:colcon.colcon_core.verb:set package 'ira_laser_tools' build argument 'cmake_clean_cache' from command line to 'False'
[0.394s] Level 5:colcon.colcon_core.verb:set package 'ira_laser_tools' build argument 'cmake_clean_first' from command line to 'False'
[0.394s] Level 5:colcon.colcon_core.verb:set package 'ira_laser_tools' build argument 'cmake_force_configure' from command line to 'False'
[0.394s] Level 5:colcon.colcon_core.verb:set package 'ira_laser_tools' build argument 'ament_cmake_args' from command line to 'None'
[0.394s] Level 5:colcon.colcon_core.verb:set package 'ira_laser_tools' build argument 'catkin_cmake_args' from command line to 'None'
[0.394s] Level 5:colcon.colcon_core.verb:set package 'ira_laser_tools' build argument 'catkin_skip_building_tests' from command line to 'False'
[0.394s] DEBUG:colcon.colcon_core.verb:Building package 'ira_laser_tools' with the following arguments: {'ament_cmake_args': None, 'build_base': '/home/eating/work/build/ira_laser_tools', 'catkin_cmake_args': None, 'catkin_skip_building_tests': False, 'cmake_args': None, 'cmake_clean_cache': False, 'cmake_clean_first': False, 'cmake_force_configure': False, 'cmake_target': None, 'cmake_target_skip_unavailable': False, 'install_base': '/home/eating/work/install/ira_laser_tools', 'merge_install': False, 'path': '/home/eating/work/src/ira_laser_tools', 'symlink_install': False, 'test_result_base': None}
[0.395s] Level 5:colcon.colcon_core.verb:set package 'keyboard_control' build argument 'cmake_args' from command line to 'None'
[0.395s] Level 5:colcon.colcon_core.verb:set package 'keyboard_control' build argument 'cmake_target' from command line to 'None'
[0.395s] Level 5:colcon.colcon_core.verb:set package 'keyboard_control' build argument 'cmake_target_skip_unavailable' from command line to 'False'
[0.395s] Level 5:colcon.colcon_core.verb:set package 'keyboard_control' build argument 'cmake_clean_cache' from command line to 'False'
[0.395s] Level 5:colcon.colcon_core.verb:set package 'keyboard_control' build argument 'cmake_clean_first' from command line to 'False'
[0.395s] Level 5:colcon.colcon_core.verb:set package 'keyboard_control' build argument 'cmake_force_configure' from command line to 'False'
[0.395s] Level 5:colcon.colcon_core.verb:set package 'keyboard_control' build argument 'ament_cmake_args' from command line to 'None'
[0.395s] Level 5:colcon.colcon_core.verb:set package 'keyboard_control' build argument 'catkin_cmake_args' from command line to 'None'
[0.395s] Level 5:colcon.colcon_core.verb:set package 'keyboard_control' build argument 'catkin_skip_building_tests' from command line to 'False'
[0.395s] DEBUG:colcon.colcon_core.verb:Building package 'keyboard_control' with the following arguments: {'ament_cmake_args': None, 'build_base': '/home/eating/work/build/keyboard_control', 'catkin_cmake_args': None, 'catkin_skip_building_tests': False, 'cmake_args': None, 'cmake_clean_cache': False, 'cmake_clean_first': False, 'cmake_force_configure': False, 'cmake_target': None, 'cmake_target_skip_unavailable': False, 'install_base': '/home/eating/work/install/keyboard_control', 'merge_install': False, 'path': '/home/eating/work/src/keyboard_control', 'symlink_install': False, 'test_result_base': None}
[0.395s] Level 5:colcon.colcon_core.verb:set package 'linear_move' build argument 'cmake_args' from command line to 'None'
[0.395s] Level 5:colcon.colcon_core.verb:set package 'linear_move' build argument 'cmake_target' from command line to 'None'
[0.395s] Level 5:colcon.colcon_core.verb:set package 'linear_move' build argument 'cmake_target_skip_unavailable' from command line to 'False'
[0.395s] Level 5:colcon.colcon_core.verb:set package 'linear_move' build argument 'cmake_clean_cache' from command line to 'False'
[0.395s] Level 5:colcon.colcon_core.verb:set package 'linear_move' build argument 'cmake_clean_first' from command line to 'False'
[0.395s] Level 5:colcon.colcon_core.verb:set package 'linear_move' build argument 'cmake_force_configure' from command line to 'False'
[0.395s] Level 5:colcon.colcon_core.verb:set package 'linear_move' build argument 'ament_cmake_args' from command line to 'None'
[0.395s] Level 5:colcon.colcon_core.verb:set package 'linear_move' build argument 'catkin_cmake_args' from command line to 'None'
[0.395s] Level 5:colcon.colcon_core.verb:set package 'linear_move' build argument 'catkin_skip_building_tests' from command line to 'False'
[0.395s] DEBUG:colcon.colcon_core.verb:Building package 'linear_move' with the following arguments: {'ament_cmake_args': None, 'build_base': '/home/eating/work/build/linear_move', 'catkin_cmake_args': None, 'catkin_skip_building_tests': False, 'cmake_args': None, 'cmake_clean_cache': False, 'cmake_clean_first': False, 'cmake_force_configure': False, 'cmake_target': None, 'cmake_target_skip_unavailable': False, 'install_base': '/home/eating/work/install/linear_move', 'merge_install': False, 'path': '/home/eating/work/src/linear_move', 'symlink_install': False, 'test_result_base': None}
[0.396s] Level 5:colcon.colcon_core.verb:set package 'mecanum' build argument 'cmake_args' from command line to 'None'
[0.396s] Level 5:colcon.colcon_core.verb:set package 'mecanum' build argument 'cmake_target' from command line to 'None'
[0.396s] Level 5:colcon.colcon_core.verb:set package 'mecanum' build argument 'cmake_target_skip_unavailable' from command line to 'False'
[0.396s] Level 5:colcon.colcon_core.verb:set package 'mecanum' build argument 'cmake_clean_cache' from command line to 'False'
[0.396s] Level 5:colcon.colcon_core.verb:set package 'mecanum' build argument 'cmake_clean_first' from command line to 'False'
[0.396s] Level 5:colcon.colcon_core.verb:set package 'mecanum' build argument 'cmake_force_configure' from command line to 'False'
[0.396s] Level 5:colcon.colcon_core.verb:set package 'mecanum' build argument 'ament_cmake_args' from command line to 'None'
[0.396s] Level 5:colcon.colcon_core.verb:set package 'mecanum' build argument 'catkin_cmake_args' from command line to 'None'
[0.396s] Level 5:colcon.colcon_core.verb:set package 'mecanum' build argument 'catkin_skip_building_tests' from command line to 'False'
[0.396s] DEBUG:colcon.colcon_core.verb:Building package 'mecanum' with the following arguments: {'ament_cmake_args': None, 'build_base': '/home/eating/work/build/mecanum', 'catkin_cmake_args': None, 'catkin_skip_building_tests': False, 'cmake_args': None, 'cmake_clean_cache': False, 'cmake_clean_first': False, 'cmake_force_configure': False, 'cmake_target': None, 'cmake_target_skip_unavailable': False, 'install_base': '/home/eating/work/install/mecanum', 'merge_install': False, 'path': '/home/eating/work/src/mecanum', 'symlink_install': False, 'test_result_base': None}
[0.396s] Level 5:colcon.colcon_core.verb:set package 'mobile_description' build argument 'cmake_args' from command line to 'None'
[0.396s] Level 5:colcon.colcon_core.verb:set package 'mobile_description' build argument 'cmake_target' from command line to 'None'
[0.396s] Level 5:colcon.colcon_core.verb:set package 'mobile_description' build argument 'cmake_target_skip_unavailable' from command line to 'False'
[0.396s] Level 5:colcon.colcon_core.verb:set package 'mobile_description' build argument 'cmake_clean_cache' from command line to 'False'
[0.396s] Level 5:colcon.colcon_core.verb:set package 'mobile_description' build argument 'cmake_clean_first' from command line to 'False'
[0.396s] Level 5:colcon.colcon_core.verb:set package 'mobile_description' build argument 'cmake_force_configure' from command line to 'False'
[0.396s] Level 5:colcon.colcon_core.verb:set package 'mobile_description' build argument 'ament_cmake_args' from command line to 'None'
[0.396s] Level 5:colcon.colcon_core.verb:set package 'mobile_description' build argument 'catkin_cmake_args' from command line to 'None'
[0.396s] Level 5:colcon.colcon_core.verb:set package 'mobile_description' build argument 'catkin_skip_building_tests' from command line to 'False'
[0.397s] DEBUG:colcon.colcon_core.verb:Building package 'mobile_description' with the following arguments: {'ament_cmake_args': None, 'build_base': '/home/eating/work/build/mobile_description', 'catkin_cmake_args': None, 'catkin_skip_building_tests': False, 'cmake_args': None, 'cmake_clean_cache': False, 'cmake_clean_first': False, 'cmake_force_configure': False, 'cmake_target': None, 'cmake_target_skip_unavailable': False, 'install_base': '/home/eating/work/install/mobile_description', 'merge_install': False, 'path': '/home/eating/work/src/timda_sim/mobile_description', 'symlink_install': False, 'test_result_base': None}
[0.397s] Level 5:colcon.colcon_core.verb:set package 'pallet_interfaces' build argument 'cmake_args' from command line to 'None'
[0.397s] Level 5:colcon.colcon_core.verb:set package 'pallet_interfaces' build argument 'cmake_target' from command line to 'None'
[0.397s] Level 5:colcon.colcon_core.verb:set package 'pallet_interfaces' build argument 'cmake_target_skip_unavailable' from command line to 'False'
[0.397s] Level 5:colcon.colcon_core.verb:set package 'pallet_interfaces' build argument 'cmake_clean_cache' from command line to 'False'
[0.397s] Level 5:colcon.colcon_core.verb:set package 'pallet_interfaces' build argument 'cmake_clean_first' from command line to 'False'
[0.397s] Level 5:colcon.colcon_core.verb:set package 'pallet_interfaces' build argument 'cmake_force_configure' from command line to 'False'
[0.397s] Level 5:colcon.colcon_core.verb:set package 'pallet_interfaces' build argument 'ament_cmake_args' from command line to 'None'
[0.397s] Level 5:colcon.colcon_core.verb:set package 'pallet_interfaces' build argument 'catkin_cmake_args' from command line to 'None'
[0.397s] Level 5:colcon.colcon_core.verb:set package 'pallet_interfaces' build argument 'catkin_skip_building_tests' from command line to 'False'
[0.397s] DEBUG:colcon.colcon_core.verb:Building package 'pallet_interfaces' with the following arguments: {'ament_cmake_args': None, 'build_base': '/home/eating/work/build/pallet_interfaces', 'catkin_cmake_args': None, 'catkin_skip_building_tests': False, 'cmake_args': None, 'cmake_clean_cache': False, 'cmake_clean_first': False, 'cmake_force_configure': False, 'cmake_target': None, 'cmake_target_skip_unavailable': False, 'install_base': '/home/eating/work/install/pallet_interfaces', 'merge_install': False, 'path': '/home/eating/work/src/pallet/pallet_interfaces', 'symlink_install': False, 'test_result_base': None}
[0.397s] Level 5:colcon.colcon_core.verb:set package 'pallet_main' build argument 'cmake_args' from command line to 'None'
[0.397s] Level 5:colcon.colcon_core.verb:set package 'pallet_main' build argument 'cmake_target' from command line to 'None'
[0.397s] Level 5:colcon.colcon_core.verb:set package 'pallet_main' build argument 'cmake_target_skip_unavailable' from command line to 'False'
[0.397s] Level 5:colcon.colcon_core.verb:set package 'pallet_main' build argument 'cmake_clean_cache' from command line to 'False'
[0.397s] Level 5:colcon.colcon_core.verb:set package 'pallet_main' build argument 'cmake_clean_first' from command line to 'False'
[0.397s] Level 5:colcon.colcon_core.verb:set package 'pallet_main' build argument 'cmake_force_configure' from command line to 'False'
[0.397s] Level 5:colcon.colcon_core.verb:set package 'pallet_main' build argument 'ament_cmake_args' from command line to 'None'
[0.397s] Level 5:colcon.colcon_core.verb:set package 'pallet_main' build argument 'catkin_cmake_args' from command line to 'None'
[0.397s] Level 5:colcon.colcon_core.verb:set package 'pallet_main' build argument 'catkin_skip_building_tests' from command line to 'False'
[0.398s] DEBUG:colcon.colcon_core.verb:Building package 'pallet_main' with the following arguments: {'ament_cmake_args': None, 'build_base': '/home/eating/work/build/pallet_main', 'catkin_cmake_args': None, 'catkin_skip_building_tests': False, 'cmake_args': None, 'cmake_clean_cache': False, 'cmake_clean_first': False, 'cmake_force_configure': False, 'cmake_target': None, 'cmake_target_skip_unavailable': False, 'install_base': '/home/eating/work/install/pallet_main', 'merge_install': False, 'path': '/home/eating/work/src/pallet/pallet_main', 'symlink_install': False, 'test_result_base': None}
[0.398s] Level 5:colcon.colcon_core.verb:set package 'realsense2_camera_msgs' build argument 'cmake_args' from command line to 'None'
[0.398s] Level 5:colcon.colcon_core.verb:set package 'realsense2_camera_msgs' build argument 'cmake_target' from command line to 'None'
[0.398s] Level 5:colcon.colcon_core.verb:set package 'realsense2_camera_msgs' build argument 'cmake_target_skip_unavailable' from command line to 'False'
[0.398s] Level 5:colcon.colcon_core.verb:set package 'realsense2_camera_msgs' build argument 'cmake_clean_cache' from command line to 'False'
[0.398s] Level 5:colcon.colcon_core.verb:set package 'realsense2_camera_msgs' build argument 'cmake_clean_first' from command line to 'False'
[0.398s] Level 5:colcon.colcon_core.verb:set package 'realsense2_camera_msgs' build argument 'cmake_force_configure' from command line to 'False'
[0.398s] Level 5:colcon.colcon_core.verb:set package 'realsense2_camera_msgs' build argument 'ament_cmake_args' from command line to 'None'
[0.398s] Level 5:colcon.colcon_core.verb:set package 'realsense2_camera_msgs' build argument 'catkin_cmake_args' from command line to 'None'
[0.398s] Level 5:colcon.colcon_core.verb:set package 'realsense2_camera_msgs' build argument 'catkin_skip_building_tests' from command line to 'False'
[0.398s] DEBUG:colcon.colcon_core.verb:Building package 'realsense2_camera_msgs' with the following arguments: {'ament_cmake_args': None, 'build_base': '/home/eating/work/build/realsense2_camera_msgs', 'catkin_cmake_args': None, 'catkin_skip_building_tests': False, 'cmake_args': None, 'cmake_clean_cache': False, 'cmake_clean_first': False, 'cmake_force_configure': False, 'cmake_target': None, 'cmake_target_skip_unavailable': False, 'install_base': '/home/eating/work/install/realsense2_camera_msgs', 'merge_install': False, 'path': '/home/eating/work/src/docking/realsense-ros/realsense2_camera_msgs', 'symlink_install': False, 'test_result_base': None}
[0.398s] Level 5:colcon.colcon_core.verb:set package 'robot_arm_description' build argument 'cmake_args' from command line to 'None'
[0.398s] Level 5:colcon.colcon_core.verb:set package 'robot_arm_description' build argument 'cmake_target' from command line to 'None'
[0.398s] Level 5:colcon.colcon_core.verb:set package 'robot_arm_description' build argument 'cmake_target_skip_unavailable' from command line to 'False'
[0.398s] Level 5:colcon.colcon_core.verb:set package 'robot_arm_description' build argument 'cmake_clean_cache' from command line to 'False'
[0.398s] Level 5:colcon.colcon_core.verb:set package 'robot_arm_description' build argument 'cmake_clean_first' from command line to 'False'
[0.398s] Level 5:colcon.colcon_core.verb:set package 'robot_arm_description' build argument 'cmake_force_configure' from command line to 'False'
[0.398s] Level 5:colcon.colcon_core.verb:set package 'robot_arm_description' build argument 'ament_cmake_args' from command line to 'None'
[0.398s] Level 5:colcon.colcon_core.verb:set package 'robot_arm_description' build argument 'catkin_cmake_args' from command line to 'None'
[0.398s] Level 5:colcon.colcon_core.verb:set package 'robot_arm_description' build argument 'catkin_skip_building_tests' from command line to 'False'
[0.399s] DEBUG:colcon.colcon_core.verb:Building package 'robot_arm_description' with the following arguments: {'ament_cmake_args': None, 'build_base': '/home/eating/work/build/robot_arm_description', 'catkin_cmake_args': None, 'catkin_skip_building_tests': False, 'cmake_args': None, 'cmake_clean_cache': False, 'cmake_clean_first': False, 'cmake_force_configure': False, 'cmake_target': None, 'cmake_target_skip_unavailable': False, 'install_base': '/home/eating/work/install/robot_arm_description', 'merge_install': False, 'path': '/home/eating/work/src/timda_sim/robot_arm_description', 'symlink_install': False, 'test_result_base': None}
[0.399s] Level 5:colcon.colcon_core.verb:set package 'suction_description' build argument 'cmake_args' from command line to 'None'
[0.399s] Level 5:colcon.colcon_core.verb:set package 'suction_description' build argument 'cmake_target' from command line to 'None'
[0.399s] Level 5:colcon.colcon_core.verb:set package 'suction_description' build argument 'cmake_target_skip_unavailable' from command line to 'False'
[0.399s] Level 5:colcon.colcon_core.verb:set package 'suction_description' build argument 'cmake_clean_cache' from command line to 'False'
[0.399s] Level 5:colcon.colcon_core.verb:set package 'suction_description' build argument 'cmake_clean_first' from command line to 'False'
[0.399s] Level 5:colcon.colcon_core.verb:set package 'suction_description' build argument 'cmake_force_configure' from command line to 'False'
[0.399s] Level 5:colcon.colcon_core.verb:set package 'suction_description' build argument 'ament_cmake_args' from command line to 'None'
[0.399s] Level 5:colcon.colcon_core.verb:set package 'suction_description' build argument 'catkin_cmake_args' from command line to 'None'
[0.399s] Level 5:colcon.colcon_core.verb:set package 'suction_description' build argument 'catkin_skip_building_tests' from command line to 'False'
[0.399s] DEBUG:colcon.colcon_core.verb:Building package 'suction_description' with the following arguments: {'ament_cmake_args': None, 'build_base': '/home/eating/work/build/suction_description', 'catkin_cmake_args': None, 'catkin_skip_building_tests': False, 'cmake_args': None, 'cmake_clean_cache': False, 'cmake_clean_first': False, 'cmake_force_configure': False, 'cmake_target': None, 'cmake_target_skip_unavailable': False, 'install_base': '/home/eating/work/install/suction_description', 'merge_install': False, 'path': '/home/eating/work/src/timda_sim/suction_description', 'symlink_install': False, 'test_result_base': None}
[0.399s] Level 5:colcon.colcon_core.verb:set package 'timda_body_description' build argument 'cmake_args' from command line to 'None'
[0.399s] Level 5:colcon.colcon_core.verb:set package 'timda_body_description' build argument 'cmake_target' from command line to 'None'
[0.399s] Level 5:colcon.colcon_core.verb:set package 'timda_body_description' build argument 'cmake_target_skip_unavailable' from command line to 'False'
[0.399s] Level 5:colcon.colcon_core.verb:set package 'timda_body_description' build argument 'cmake_clean_cache' from command line to 'False'
[0.399s] Level 5:colcon.colcon_core.verb:set package 'timda_body_description' build argument 'cmake_clean_first' from command line to 'False'
[0.399s] Level 5:colcon.colcon_core.verb:set package 'timda_body_description' build argument 'cmake_force_configure' from command line to 'False'
[0.399s] Level 5:colcon.colcon_core.verb:set package 'timda_body_description' build argument 'ament_cmake_args' from command line to 'None'
[0.399s] Level 5:colcon.colcon_core.verb:set package 'timda_body_description' build argument 'catkin_cmake_args' from command line to 'None'
[0.399s] Level 5:colcon.colcon_core.verb:set package 'timda_body_description' build argument 'catkin_skip_building_tests' from command line to 'False'
[0.400s] DEBUG:colcon.colcon_core.verb:Building package 'timda_body_description' with the following arguments: {'ament_cmake_args': None, 'build_base': '/home/eating/work/build/timda_body_description', 'catkin_cmake_args': None, 'catkin_skip_building_tests': False, 'cmake_args': None, 'cmake_clean_cache': False, 'cmake_clean_first': False, 'cmake_force_configure': False, 'cmake_target': None, 'cmake_target_skip_unavailable': False, 'install_base': '/home/eating/work/install/timda_body_description', 'merge_install': False, 'path': '/home/eating/work/src/timda_sim/timda_body_description', 'symlink_install': False, 'test_result_base': None}
[0.400s] Level 5:colcon.colcon_core.verb:set package 'timda_bringup' build argument 'cmake_args' from command line to 'None'
[0.400s] Level 5:colcon.colcon_core.verb:set package 'timda_bringup' build argument 'cmake_target' from command line to 'None'
[0.400s] Level 5:colcon.colcon_core.verb:set package 'timda_bringup' build argument 'cmake_target_skip_unavailable' from command line to 'False'
[0.400s] Level 5:colcon.colcon_core.verb:set package 'timda_bringup' build argument 'cmake_clean_cache' from command line to 'False'
[0.400s] Level 5:colcon.colcon_core.verb:set package 'timda_bringup' build argument 'cmake_clean_first' from command line to 'False'
[0.400s] Level 5:colcon.colcon_core.verb:set package 'timda_bringup' build argument 'cmake_force_configure' from command line to 'False'
[0.400s] Level 5:colcon.colcon_core.verb:set package 'timda_bringup' build argument 'ament_cmake_args' from command line to 'None'
[0.400s] Level 5:colcon.colcon_core.verb:set package 'timda_bringup' build argument 'catkin_cmake_args' from command line to 'None'
[0.400s] Level 5:colcon.colcon_core.verb:set package 'timda_bringup' build argument 'catkin_skip_building_tests' from command line to 'False'
[0.400s] DEBUG:colcon.colcon_core.verb:Building package 'timda_bringup' with the following arguments: {'ament_cmake_args': None, 'build_base': '/home/eating/work/build/timda_bringup', 'catkin_cmake_args': None, 'catkin_skip_building_tests': False, 'cmake_args': None, 'cmake_clean_cache': False, 'cmake_clean_first': False, 'cmake_force_configure': False, 'cmake_target': None, 'cmake_target_skip_unavailable': False, 'install_base': '/home/eating/work/install/timda_bringup', 'merge_install': False, 'path': '/home/eating/work/src/timda_bringup', 'symlink_install': False, 'test_result_base': None}
[0.400s] Level 5:colcon.colcon_core.verb:set package 'timda_description' build argument 'cmake_args' from command line to 'None'
[0.400s] Level 5:colcon.colcon_core.verb:set package 'timda_description' build argument 'cmake_target' from command line to 'None'
[0.400s] Level 5:colcon.colcon_core.verb:set package 'timda_description' build argument 'cmake_target_skip_unavailable' from command line to 'False'
[0.400s] Level 5:colcon.colcon_core.verb:set package 'timda_description' build argument 'cmake_clean_cache' from command line to 'False'
[0.400s] Level 5:colcon.colcon_core.verb:set package 'timda_description' build argument 'cmake_clean_first' from command line to 'False'
[0.400s] Level 5:colcon.colcon_core.verb:set package 'timda_description' build argument 'cmake_force_configure' from command line to 'False'
[0.400s] Level 5:colcon.colcon_core.verb:set package 'timda_description' build argument 'ament_cmake_args' from command line to 'None'
[0.400s] Level 5:colcon.colcon_core.verb:set package 'timda_description' build argument 'catkin_cmake_args' from command line to 'None'
[0.400s] Level 5:colcon.colcon_core.verb:set package 'timda_description' build argument 'catkin_skip_building_tests' from command line to 'False'
[0.401s] DEBUG:colcon.colcon_core.verb:Building package 'timda_description' with the following arguments: {'ament_cmake_args': None, 'build_base': '/home/eating/work/build/timda_description', 'catkin_cmake_args': None, 'catkin_skip_building_tests': False, 'cmake_args': None, 'cmake_clean_cache': False, 'cmake_clean_first': False, 'cmake_force_configure': False, 'cmake_target': None, 'cmake_target_skip_unavailable': False, 'install_base': '/home/eating/work/install/timda_description', 'merge_install': False, 'path': '/home/eating/work/src/timda_sim/timda_description', 'symlink_install': False, 'test_result_base': None}
[0.401s] Level 5:colcon.colcon_core.verb:set package 'timda_gazebo' build argument 'cmake_args' from command line to 'None'
[0.401s] Level 5:colcon.colcon_core.verb:set package 'timda_gazebo' build argument 'cmake_target' from command line to 'None'
[0.401s] Level 5:colcon.colcon_core.verb:set package 'timda_gazebo' build argument 'cmake_target_skip_unavailable' from command line to 'False'
[0.401s] Level 5:colcon.colcon_core.verb:set package 'timda_gazebo' build argument 'cmake_clean_cache' from command line to 'False'
[0.401s] Level 5:colcon.colcon_core.verb:set package 'timda_gazebo' build argument 'cmake_clean_first' from command line to 'False'
[0.401s] Level 5:colcon.colcon_core.verb:set package 'timda_gazebo' build argument 'cmake_force_configure' from command line to 'False'
[0.401s] Level 5:colcon.colcon_core.verb:set package 'timda_gazebo' build argument 'ament_cmake_args' from command line to 'None'
[0.401s] Level 5:colcon.colcon_core.verb:set package 'timda_gazebo' build argument 'catkin_cmake_args' from command line to 'None'
[0.401s] Level 5:colcon.colcon_core.verb:set package 'timda_gazebo' build argument 'catkin_skip_building_tests' from command line to 'False'
[0.401s] DEBUG:colcon.colcon_core.verb:Building package 'timda_gazebo' with the following arguments: {'ament_cmake_args': None, 'build_base': '/home/eating/work/build/timda_gazebo', 'catkin_cmake_args': None, 'catkin_skip_building_tests': False, 'cmake_args': None, 'cmake_clean_cache': False, 'cmake_clean_first': False, 'cmake_force_configure': False, 'cmake_target': None, 'cmake_target_skip_unavailable': False, 'install_base': '/home/eating/work/install/timda_gazebo', 'merge_install': False, 'path': '/home/eating/work/src/timda_sim/timda_gazebo', 'symlink_install': False, 'test_result_base': None}
[0.401s] Level 5:colcon.colcon_core.verb:set package 'gui' build argument 'cmake_args' from command line to 'None'
[0.401s] Level 5:colcon.colcon_core.verb:set package 'gui' build argument 'cmake_target' from command line to 'None'
[0.401s] Level 5:colcon.colcon_core.verb:set package 'gui' build argument 'cmake_target_skip_unavailable' from command line to 'False'
[0.401s] Level 5:colcon.colcon_core.verb:set package 'gui' build argument 'cmake_clean_cache' from command line to 'False'
[0.401s] Level 5:colcon.colcon_core.verb:set package 'gui' build argument 'cmake_clean_first' from command line to 'False'
[0.401s] Level 5:colcon.colcon_core.verb:set package 'gui' build argument 'cmake_force_configure' from command line to 'False'
[0.401s] Level 5:colcon.colcon_core.verb:set package 'gui' build argument 'ament_cmake_args' from command line to 'None'
[0.401s] Level 5:colcon.colcon_core.verb:set package 'gui' build argument 'catkin_cmake_args' from command line to 'None'
[0.402s] Level 5:colcon.colcon_core.verb:set package 'gui' build argument 'catkin_skip_building_tests' from command line to 'False'
[0.402s] DEBUG:colcon.colcon_core.verb:Building package 'gui' with the following arguments: {'ament_cmake_args': None, 'build_base': '/home/eating/work/build/gui', 'catkin_cmake_args': None, 'catkin_skip_building_tests': False, 'cmake_args': None, 'cmake_clean_cache': False, 'cmake_clean_first': False, 'cmake_force_configure': False, 'cmake_target': None, 'cmake_target_skip_unavailable': False, 'install_base': '/home/eating/work/install/gui', 'merge_install': False, 'path': '/home/eating/work/src/gui/gui', 'symlink_install': False, 'test_result_base': None}
[0.402s] Level 5:colcon.colcon_core.verb:set package 'main_control' build argument 'cmake_args' from command line to 'None'
[0.402s] Level 5:colcon.colcon_core.verb:set package 'main_control' build argument 'cmake_target' from command line to 'None'
[0.402s] Level 5:colcon.colcon_core.verb:set package 'main_control' build argument 'cmake_target_skip_unavailable' from command line to 'False'
[0.402s] Level 5:colcon.colcon_core.verb:set package 'main_control' build argument 'cmake_clean_cache' from command line to 'False'
[0.402s] Level 5:colcon.colcon_core.verb:set package 'main_control' build argument 'cmake_clean_first' from command line to 'False'
[0.402s] Level 5:colcon.colcon_core.verb:set package 'main_control' build argument 'cmake_force_configure' from command line to 'False'
[0.402s] Level 5:colcon.colcon_core.verb:set package 'main_control' build argument 'ament_cmake_args' from command line to 'None'
[0.402s] Level 5:colcon.colcon_core.verb:set package 'main_control' build argument 'catkin_cmake_args' from command line to 'None'
[0.402s] Level 5:colcon.colcon_core.verb:set package 'main_control' build argument 'catkin_skip_building_tests' from command line to 'False'
[0.402s] DEBUG:colcon.colcon_core.verb:Building package 'main_control' with the following arguments: {'ament_cmake_args': None, 'build_base': '/home/eating/work/build/main_control', 'catkin_cmake_args': None, 'catkin_skip_building_tests': False, 'cmake_args': None, 'cmake_clean_cache': False, 'cmake_clean_first': False, 'cmake_force_configure': False, 'cmake_target': None, 'cmake_target_skip_unavailable': False, 'install_base': '/home/eating/work/install/main_control', 'merge_install': False, 'path': '/home/eating/work/src/main_control/main_control', 'symlink_install': False, 'test_result_base': None}
[0.402s] Level 5:colcon.colcon_core.verb:set package 'realsense2_camera' build argument 'cmake_args' from command line to 'None'
[0.402s] Level 5:colcon.colcon_core.verb:set package 'realsense2_camera' build argument 'cmake_target' from command line to 'None'
[0.402s] Level 5:colcon.colcon_core.verb:set package 'realsense2_camera' build argument 'cmake_target_skip_unavailable' from command line to 'False'
[0.402s] Level 5:colcon.colcon_core.verb:set package 'realsense2_camera' build argument 'cmake_clean_cache' from command line to 'False'
[0.402s] Level 5:colcon.colcon_core.verb:set package 'realsense2_camera' build argument 'cmake_clean_first' from command line to 'False'
[0.402s] Level 5:colcon.colcon_core.verb:set package 'realsense2_camera' build argument 'cmake_force_configure' from command line to 'False'
[0.402s] Level 5:colcon.colcon_core.verb:set package 'realsense2_camera' build argument 'ament_cmake_args' from command line to 'None'
[0.402s] Level 5:colcon.colcon_core.verb:set package 'realsense2_camera' build argument 'catkin_cmake_args' from command line to 'None'
[0.403s] Level 5:colcon.colcon_core.verb:set package 'realsense2_camera' build argument 'catkin_skip_building_tests' from command line to 'False'
[0.403s] DEBUG:colcon.colcon_core.verb:Building package 'realsense2_camera' with the following arguments: {'ament_cmake_args': None, 'build_base': '/home/eating/work/build/realsense2_camera', 'catkin_cmake_args': None, 'catkin_skip_building_tests': False, 'cmake_args': None, 'cmake_clean_cache': False, 'cmake_clean_first': False, 'cmake_force_configure': False, 'cmake_target': None, 'cmake_target_skip_unavailable': False, 'install_base': '/home/eating/work/install/realsense2_camera', 'merge_install': False, 'path': '/home/eating/work/src/docking/realsense-ros/realsense2_camera', 'symlink_install': False, 'test_result_base': None}
[0.403s] Level 5:colcon.colcon_core.verb:set package 'realsense2_description' build argument 'cmake_args' from command line to 'None'
[0.403s] Level 5:colcon.colcon_core.verb:set package 'realsense2_description' build argument 'cmake_target' from command line to 'None'
[0.403s] Level 5:colcon.colcon_core.verb:set package 'realsense2_description' build argument 'cmake_target_skip_unavailable' from command line to 'False'
[0.403s] Level 5:colcon.colcon_core.verb:set package 'realsense2_description' build argument 'cmake_clean_cache' from command line to 'False'
[0.403s] Level 5:colcon.colcon_core.verb:set package 'realsense2_description' build argument 'cmake_clean_first' from command line to 'False'
[0.403s] Level 5:colcon.colcon_core.verb:set package 'realsense2_description' build argument 'cmake_force_configure' from command line to 'False'
[0.403s] Level 5:colcon.colcon_core.verb:set package 'realsense2_description' build argument 'ament_cmake_args' from command line to 'None'
[0.403s] Level 5:colcon.colcon_core.verb:set package 'realsense2_description' build argument 'catkin_cmake_args' from command line to 'None'
[0.403s] Level 5:colcon.colcon_core.verb:set package 'realsense2_description' build argument 'catkin_skip_building_tests' from command line to 'False'
[0.403s] DEBUG:colcon.colcon_core.verb:Building package 'realsense2_description' with the following arguments: {'ament_cmake_args': None, 'build_base': '/home/eating/work/build/realsense2_description', 'catkin_cmake_args': None, 'catkin_skip_building_tests': False, 'cmake_args': None, 'cmake_clean_cache': False, 'cmake_clean_first': False, 'cmake_force_configure': False, 'cmake_target': None, 'cmake_target_skip_unavailable': False, 'install_base': '/home/eating/work/install/realsense2_description', 'merge_install': False, 'path': '/home/eating/work/src/docking/realsense-ros/realsense2_description', 'symlink_install': False, 'test_result_base': None}
[0.403s] INFO:colcon.colcon_core.executor:Executing jobs using 'parallel' executor
[0.404s] DEBUG:colcon.colcon_parallel_executor.executor.parallel:run_until_complete
[0.404s] INFO:colcon.colcon_ros.task.ament_cmake.build:Building ROS package in '/home/eating/work/src/gui/gui_interface' with build type 'ament_cmake'
[0.404s] INFO:colcon.colcon_cmake.task.cmake.build:Building CMake package in '/home/eating/work/src/gui/gui_interface'
[0.407s] INFO:colcon.colcon_core.plugin_system:Skipping extension 'colcon_core.shell.bat': Not used on non-Windows systems
[0.407s] INFO:colcon.colcon_core.shell:Skip shell extension 'powershell' for command environment: Not usable outside of PowerShell
[0.407s] DEBUG:colcon.colcon_core.shell:Skip shell extension 'dsv' for command environment
[0.411s] INFO:colcon.colcon_ros.task.ament_cmake.build:Building ROS package in '/home/eating/work/src/docking/realsense-ros/realsense2_camera_msgs' with build type 'ament_cmake'
[0.412s] INFO:colcon.colcon_cmake.task.cmake.build:Building CMake package in '/home/eating/work/src/docking/realsense-ros/realsense2_camera_msgs'
[0.412s] INFO:colcon.colcon_core.shell:Skip shell extension 'powershell' for command environment: Not usable outside of PowerShell
[0.412s] DEBUG:colcon.colcon_core.shell:Skip shell extension 'dsv' for command environment
[0.416s] INFO:colcon.colcon_ros.task.ament_cmake.build:Building ROS package in '/home/eating/work/src/interface' with build type 'ament_cmake'
[0.416s] INFO:colcon.colcon_cmake.task.cmake.build:Building CMake package in '/home/eating/work/src/interface'
[0.416s] INFO:colcon.colcon_core.shell:Skip shell extension 'powershell' for command environment: Not usable outside of PowerShell
[0.416s] DEBUG:colcon.colcon_core.shell:Skip shell extension 'dsv' for command environment
[0.420s] INFO:colcon.colcon_ros.task.ament_python.build:Building ROS package in '/home/eating/work/src/docking/docking_pkg' with build type 'ament_python'
[0.420s] Level 1:colcon.colcon_core.shell:create_environment_hook('docking_pkg', 'ament_prefix_path')
[0.420s] INFO:colcon.colcon_core.shell:Creating environment hook '/home/eating/work/install/docking_pkg/share/docking_pkg/hook/ament_prefix_path.ps1'
[0.421s] INFO:colcon.colcon_core.shell:Creating environment descriptor '/home/eating/work/install/docking_pkg/share/docking_pkg/hook/ament_prefix_path.dsv'
[0.421s] INFO:colcon.colcon_core.shell:Creating environment hook '/home/eating/work/install/docking_pkg/share/docking_pkg/hook/ament_prefix_path.sh'
[0.422s] INFO:colcon.colcon_core.shell:Skip shell extension 'powershell' for command environment: Not usable outside of PowerShell
[0.422s] DEBUG:colcon.colcon_core.shell:Skip shell extension 'dsv' for command environment
[0.426s] INFO:colcon.colcon_ros.task.ament_cmake.build:Building ROS package in '/home/eating/work/src/ira_laser_tools' with build type 'ament_cmake'
[0.426s] INFO:colcon.colcon_cmake.task.cmake.build:Building CMake package in '/home/eating/work/src/ira_laser_tools'
[0.426s] INFO:colcon.colcon_core.shell:Skip shell extension 'powershell' for command environment: Not usable outside of PowerShell
[0.426s] DEBUG:colcon.colcon_core.shell:Skip shell extension 'dsv' for command environment
[0.429s] INFO:colcon.colcon_ros.task.ament_cmake.build:Building ROS package in '/home/eating/work/src/keyboard_control' with build type 'ament_cmake'
[0.430s] INFO:colcon.colcon_cmake.task.cmake.build:Building CMake package in '/home/eating/work/src/keyboard_control'
[0.430s] INFO:colcon.colcon_core.shell:Skip shell extension 'powershell' for command environment: Not usable outside of PowerShell
[0.430s] DEBUG:colcon.colcon_core.shell:Skip shell extension 'dsv' for command environment
[0.433s] INFO:colcon.colcon_ros.task.ament_cmake.build:Building ROS package in '/home/eating/work/src/linear_move' with build type 'ament_cmake'
[0.433s] INFO:colcon.colcon_cmake.task.cmake.build:Building CMake package in '/home/eating/work/src/linear_move'
[0.434s] INFO:colcon.colcon_core.shell:Skip shell extension 'powershell' for command environment: Not usable outside of PowerShell
[0.434s] DEBUG:colcon.colcon_core.shell:Skip shell extension 'dsv' for command environment
[0.437s] INFO:colcon.colcon_ros.task.ament_cmake.build:Building ROS package in '/home/eating/work/src/mecanum' with build type 'ament_cmake'
[0.437s] INFO:colcon.colcon_cmake.task.cmake.build:Building CMake package in '/home/eating/work/src/mecanum'
[0.438s] INFO:colcon.colcon_core.shell:Skip shell extension 'powershell' for command environment: Not usable outside of PowerShell
[0.438s] DEBUG:colcon.colcon_core.shell:Skip shell extension 'dsv' for command environment
[0.447s] DEBUG:colcon.colcon_core.event_handler.log_command:Invoking command in '/home/eating/work/build/gui_interface': CMAKE_PREFIX_PATH=${CMAKE_PREFIX_PATH}:/home/eating/work/install/pallet_main:/home/eating/work/install/main_control:/home/eating/work/install/gui:/home/eating/work/install/docking_pkg:/opt/ros/humble /usr/bin/cmake --build /home/eating/work/build/gui_interface -- -j8 -l8
[0.450s] DEBUG:colcon.colcon_core.event_handler.log_command:Invoking command in '/home/eating/work/build/realsense2_camera_msgs': CMAKE_PREFIX_PATH=${CMAKE_PREFIX_PATH}:/home/eating/work/install/pallet_main:/home/eating/work/install/main_control:/home/eating/work/install/gui:/home/eating/work/install/docking_pkg:/opt/ros/humble /usr/bin/cmake --build /home/eating/work/build/realsense2_camera_msgs -- -j8 -l8
[0.452s] DEBUG:colcon.colcon_core.event_handler.log_command:Invoking command in '/home/eating/work/build/interface': CMAKE_PREFIX_PATH=${CMAKE_PREFIX_PATH}:/home/eating/work/install/pallet_main:/home/eating/work/install/main_control:/home/eating/work/install/gui:/home/eating/work/install/docking_pkg:/opt/ros/humble /usr/bin/cmake --build /home/eating/work/build/interface -- -j8 -l8
[0.846s] INFO:colcon.colcon_core.task.python.build:Building Python package in '/home/eating/work/src/docking/docking_pkg'
[0.846s] INFO:colcon.colcon_core.shell:Skip shell extension 'powershell' for command environment: Not usable outside of PowerShell
[0.846s] DEBUG:colcon.colcon_core.shell:Skip shell extension 'dsv' for command environment
[0.854s] DEBUG:colcon.colcon_core.event_handler.log_command:Invoking command in '/home/eating/work/build/ira_laser_tools': CMAKE_PREFIX_PATH=${CMAKE_PREFIX_PATH}:/home/eating/work/install/pallet_main:/home/eating/work/install/main_control:/home/eating/work/install/gui:/home/eating/work/install/docking_pkg:/opt/ros/humble /usr/bin/cmake --build /home/eating/work/build/ira_laser_tools -- -j8 -l8
[0.856s] DEBUG:colcon.colcon_core.event_handler.log_command:Invoking command in '/home/eating/work/build/keyboard_control': CMAKE_PREFIX_PATH=${CMAKE_PREFIX_PATH}:/home/eating/work/install/pallet_main:/home/eating/work/install/main_control:/home/eating/work/install/gui:/home/eating/work/install/docking_pkg:/opt/ros/humble /usr/bin/cmake --build /home/eating/work/build/keyboard_control -- -j8 -l8
[0.859s] DEBUG:colcon.colcon_core.event_handler.log_command:Invoking command in '/home/eating/work/build/linear_move': CMAKE_PREFIX_PATH=${CMAKE_PREFIX_PATH}:/home/eating/work/install/pallet_main:/home/eating/work/install/main_control:/home/eating/work/install/gui:/home/eating/work/install/docking_pkg:/opt/ros/humble /usr/bin/cmake --build /home/eating/work/build/linear_move -- -j8 -l8
[0.862s] DEBUG:colcon.colcon_core.event_handler.log_command:Invoking command in '/home/eating/work/build/mecanum': CMAKE_PREFIX_PATH=${CMAKE_PREFIX_PATH}:/home/eating/work/install/pallet_main:/home/eating/work/install/main_control:/home/eating/work/install/gui:/home/eating/work/install/docking_pkg:/opt/ros/humble /usr/bin/cmake --build /home/eating/work/build/mecanum -- -j8 -l8
[0.959s] DEBUG:colcon.colcon_core.event_handler.log_command:Invoked command in '/home/eating/work/build/keyboard_control' returned '0': CMAKE_PREFIX_PATH=${CMAKE_PREFIX_PATH}:/home/eating/work/install/pallet_main:/home/eating/work/install/main_control:/home/eating/work/install/gui:/home/eating/work/install/docking_pkg:/opt/ros/humble /usr/bin/cmake --build /home/eating/work/build/keyboard_control -- -j8 -l8
[0.972s] DEBUG:colcon.colcon_core.event_handler.log_command:Invoking command in '/home/eating/work/build/keyboard_control': CMAKE_PREFIX_PATH=${CMAKE_PREFIX_PATH}:/home/eating/work/install/pallet_main:/home/eating/work/install/main_control:/home/eating/work/install/gui:/home/eating/work/install/docking_pkg:/opt/ros/humble /usr/bin/cmake --install /home/eating/work/build/keyboard_control
[0.975s] DEBUG:colcon.colcon_core.event_handler.log_command:Invoked command in '/home/eating/work/build/mecanum' returned '0': CMAKE_PREFIX_PATH=${CMAKE_PREFIX_PATH}:/home/eating/work/install/pallet_main:/home/eating/work/install/main_control:/home/eating/work/install/gui:/home/eating/work/install/docking_pkg:/opt/ros/humble /usr/bin/cmake --build /home/eating/work/build/mecanum -- -j8 -l8
[0.976s] DEBUG:colcon.colcon_core.event_handler.log_command:Invoking command in '/home/eating/work/build/mecanum': CMAKE_PREFIX_PATH=${CMAKE_PREFIX_PATH}:/home/eating/work/install/pallet_main:/home/eating/work/install/main_control:/home/eating/work/install/gui:/home/eating/work/install/docking_pkg:/opt/ros/humble /usr/bin/cmake --install /home/eating/work/build/mecanum
[0.978s] DEBUG:colcon.colcon_core.event_handler.log_command:Invoked command in '/home/eating/work/build/linear_move' returned '0': CMAKE_PREFIX_PATH=${CMAKE_PREFIX_PATH}:/home/eating/work/install/pallet_main:/home/eating/work/install/main_control:/home/eating/work/install/gui:/home/eating/work/install/docking_pkg:/opt/ros/humble /usr/bin/cmake --build /home/eating/work/build/linear_move -- -j8 -l8
[0.978s] DEBUG:colcon.colcon_core.event_handler.log_command:Invoking command in '/home/eating/work/build/linear_move': CMAKE_PREFIX_PATH=${CMAKE_PREFIX_PATH}:/home/eating/work/install/pallet_main:/home/eating/work/install/main_control:/home/eating/work/install/gui:/home/eating/work/install/docking_pkg:/opt/ros/humble /usr/bin/cmake --install /home/eating/work/build/linear_move
[0.980s] DEBUG:colcon.colcon_core.event_handler.log_command:Invoked command in '/home/eating/work/build/ira_laser_tools' returned '0': CMAKE_PREFIX_PATH=${CMAKE_PREFIX_PATH}:/home/eating/work/install/pallet_main:/home/eating/work/install/main_control:/home/eating/work/install/gui:/home/eating/work/install/docking_pkg:/opt/ros/humble /usr/bin/cmake --build /home/eating/work/build/ira_laser_tools -- -j8 -l8
[0.983s] DEBUG:colcon.colcon_core.event_handler.log_command:Invoking command in '/home/eating/work/build/ira_laser_tools': CMAKE_PREFIX_PATH=${CMAKE_PREFIX_PATH}:/home/eating/work/install/pallet_main:/home/eating/work/install/main_control:/home/eating/work/install/gui:/home/eating/work/install/docking_pkg:/opt/ros/humble /usr/bin/cmake --install /home/eating/work/build/ira_laser_tools
[0.993s] Level 1:colcon.colcon_core.environment:create_environment_scripts_only(keyboard_control)
[0.994s] DEBUG:colcon.colcon_core.event_handler.log_command:Invoked command in '/home/eating/work/build/keyboard_control' returned '0': CMAKE_PREFIX_PATH=${CMAKE_PREFIX_PATH}:/home/eating/work/install/pallet_main:/home/eating/work/install/main_control:/home/eating/work/install/gui:/home/eating/work/install/docking_pkg:/opt/ros/humble /usr/bin/cmake --install /home/eating/work/build/keyboard_control
[0.999s] Level 1:colcon.colcon_core.environment:checking '/home/eating/work/install/keyboard_control' for CMake module files
[1.000s] Level 1:colcon.colcon_core.environment:checking '/home/eating/work/install/keyboard_control' for CMake config files
[1.000s] Level 1:colcon.colcon_core.shell:create_environment_hook('keyboard_control', 'cmake_prefix_path')
[1.000s] INFO:colcon.colcon_core.shell:Creating environment hook '/home/eating/work/install/keyboard_control/share/keyboard_control/hook/cmake_prefix_path.ps1'
[1.001s] INFO:colcon.colcon_core.shell:Creating environment descriptor '/home/eating/work/install/keyboard_control/share/keyboard_control/hook/cmake_prefix_path.dsv'
[1.001s] INFO:colcon.colcon_core.shell:Creating environment hook '/home/eating/work/install/keyboard_control/share/keyboard_control/hook/cmake_prefix_path.sh'
[1.002s] Level 1:colcon.colcon_core.environment:checking '/home/eating/work/install/keyboard_control/lib'
[1.002s] Level 1:colcon.colcon_core.environment:checking '/home/eating/work/install/keyboard_control/bin'
[1.002s] Level 1:colcon.colcon_core.environment:checking '/home/eating/work/install/keyboard_control/lib/pkgconfig/keyboard_control.pc'
[1.002s] Level 1:colcon.colcon_core.environment:checking '/home/eating/work/install/keyboard_control/lib/python3.10/site-packages'
[1.003s] Level 1:colcon.colcon_core.environment:checking '/home/eating/work/install/keyboard_control/bin'
[1.003s] INFO:colcon.colcon_core.shell:Creating package script '/home/eating/work/install/keyboard_control/share/keyboard_control/package.ps1'
[1.004s] INFO:colcon.colcon_core.shell:Creating package descriptor '/home/eating/work/install/keyboard_control/share/keyboard_control/package.dsv'
[1.004s] INFO:colcon.colcon_core.shell:Creating package script '/home/eating/work/install/keyboard_control/share/keyboard_control/package.sh'
[1.005s] INFO:colcon.colcon_core.shell:Creating package script '/home/eating/work/install/keyboard_control/share/keyboard_control/package.bash'
[1.006s] INFO:colcon.colcon_core.shell:Creating package script '/home/eating/work/install/keyboard_control/share/keyboard_control/package.zsh'
[1.006s] Level 1:colcon.colcon_core.environment:create_file_with_runtime_dependencies(/home/eating/work/install/keyboard_control/share/colcon-core/packages/keyboard_control)
[1.007s] Level 1:colcon.colcon_core.environment:create_environment_scripts_only(keyboard_control)
[1.007s] Level 1:colcon.colcon_core.environment:checking '/home/eating/work/install/keyboard_control' for CMake module files
[1.008s] Level 1:colcon.colcon_core.environment:checking '/home/eating/work/install/keyboard_control' for CMake config files
[1.008s] Level 1:colcon.colcon_core.shell:create_environment_hook('keyboard_control', 'cmake_prefix_path')
[1.008s] INFO:colcon.colcon_core.shell:Creating environment hook '/home/eating/work/install/keyboard_control/share/keyboard_control/hook/cmake_prefix_path.ps1'
[1.008s] INFO:colcon.colcon_core.shell:Creating environment descriptor '/home/eating/work/install/keyboard_control/share/keyboard_control/hook/cmake_prefix_path.dsv'
[1.009s] INFO:colcon.colcon_core.shell:Creating environment hook '/home/eating/work/install/keyboard_control/share/keyboard_control/hook/cmake_prefix_path.sh'
[1.009s] Level 1:colcon.colcon_core.environment:checking '/home/eating/work/install/keyboard_control/lib'
[1.009s] Level 1:colcon.colcon_core.environment:checking '/home/eating/work/install/keyboard_control/bin'
[1.009s] Level 1:colcon.colcon_core.environment:checking '/home/eating/work/install/keyboard_control/lib/pkgconfig/keyboard_control.pc'
[1.009s] Level 1:colcon.colcon_core.environment:checking '/home/eating/work/install/keyboard_control/lib/python3.10/site-packages'
[1.010s] Level 1:colcon.colcon_core.environment:checking '/home/eating/work/install/keyboard_control/bin'
[1.010s] INFO:colcon.colcon_core.shell:Creating package script '/home/eating/work/install/keyboard_control/share/keyboard_control/package.ps1'
[1.010s] INFO:colcon.colcon_core.shell:Creating package descriptor '/home/eating/work/install/keyboard_control/share/keyboard_control/package.dsv'
[1.011s] INFO:colcon.colcon_core.shell:Creating package script '/home/eating/work/install/keyboard_control/share/keyboard_control/package.sh'
[1.011s] INFO:colcon.colcon_core.shell:Creating package script '/home/eating/work/install/keyboard_control/share/keyboard_control/package.bash'
[1.012s] INFO:colcon.colcon_core.shell:Creating package script '/home/eating/work/install/keyboard_control/share/keyboard_control/package.zsh'
[1.012s] Level 1:colcon.colcon_core.environment:create_file_with_runtime_dependencies(/home/eating/work/install/keyboard_control/share/colcon-core/packages/keyboard_control)
[1.012s] Level 1:colcon.colcon_core.environment:create_environment_scripts_only(mecanum)
[1.012s] Level 1:colcon.colcon_core.environment:checking '/home/eating/work/install/mecanum' for CMake module files
[1.013s] DEBUG:colcon.colcon_core.event_handler.log_command:Invoked command in '/home/eating/work/build/mecanum' returned '0': CMAKE_PREFIX_PATH=${CMAKE_PREFIX_PATH}:/home/eating/work/install/pallet_main:/home/eating/work/install/main_control:/home/eating/work/install/gui:/home/eating/work/install/docking_pkg:/opt/ros/humble /usr/bin/cmake --install /home/eating/work/build/mecanum
[1.014s] Level 1:colcon.colcon_core.environment:checking '/home/eating/work/install/mecanum' for CMake config files
[1.014s] Level 1:colcon.colcon_core.shell:create_environment_hook('mecanum', 'cmake_prefix_path')
[1.014s] INFO:colcon.colcon_core.shell:Creating environment hook '/home/eating/work/install/mecanum/share/mecanum/hook/cmake_prefix_path.ps1'
[1.015s] INFO:colcon.colcon_core.shell:Creating environment descriptor '/home/eating/work/install/mecanum/share/mecanum/hook/cmake_prefix_path.dsv'
[1.015s] INFO:colcon.colcon_core.shell:Creating environment hook '/home/eating/work/install/mecanum/share/mecanum/hook/cmake_prefix_path.sh'
[1.016s] Level 1:colcon.colcon_core.environment:checking '/home/eating/work/install/mecanum/lib'
[1.016s] Level 1:colcon.colcon_core.environment:checking '/home/eating/work/install/mecanum/bin'
[1.016s] Level 1:colcon.colcon_core.environment:checking '/home/eating/work/install/mecanum/lib/pkgconfig/mecanum.pc'
[1.016s] Level 1:colcon.colcon_core.environment:checking '/home/eating/work/install/mecanum/lib/python3.10/site-packages'
[1.016s] Level 1:colcon.colcon_core.environment:checking '/home/eating/work/install/mecanum/bin'
[1.017s] INFO:colcon.colcon_core.shell:Creating package script '/home/eating/work/install/mecanum/share/mecanum/package.ps1'
[1.017s] INFO:colcon.colcon_core.shell:Creating package descriptor '/home/eating/work/install/mecanum/share/mecanum/package.dsv'
[1.018s] INFO:colcon.colcon_core.shell:Creating package script '/home/eating/work/install/mecanum/share/mecanum/package.sh'
[1.018s] INFO:colcon.colcon_core.shell:Creating package script '/home/eating/work/install/mecanum/share/mecanum/package.bash'
[1.019s] INFO:colcon.colcon_core.shell:Creating package script '/home/eating/work/install/mecanum/share/mecanum/package.zsh'
[1.019s] Level 1:colcon.colcon_core.environment:create_file_with_runtime_dependencies(/home/eating/work/install/mecanum/share/colcon-core/packages/mecanum)
[1.019s] Level 1:colcon.colcon_core.environment:create_environment_scripts_only(mecanum)
[1.020s] Level 1:colcon.colcon_core.environment:checking '/home/eating/work/install/mecanum' for CMake module files
[1.020s] Level 1:colcon.colcon_core.environment:checking '/home/eating/work/install/mecanum' for CMake config files
[1.020s] Level 1:colcon.colcon_core.shell:create_environment_hook('mecanum', 'cmake_prefix_path')
[1.020s] INFO:colcon.colcon_core.shell:Creating environment hook '/home/eating/work/install/mecanum/share/mecanum/hook/cmake_prefix_path.ps1'
[1.021s] INFO:colcon.colcon_core.shell:Creating environment descriptor '/home/eating/work/install/mecanum/share/mecanum/hook/cmake_prefix_path.dsv'
[1.021s] INFO:colcon.colcon_core.shell:Creating environment hook '/home/eating/work/install/mecanum/share/mecanum/hook/cmake_prefix_path.sh'
[1.022s] Level 1:colcon.colcon_core.environment:checking '/home/eating/work/install/mecanum/lib'
[1.022s] Level 1:colcon.colcon_core.environment:checking '/home/eating/work/install/mecanum/bin'
[1.022s] Level 1:colcon.colcon_core.environment:checking '/home/eating/work/install/mecanum/lib/pkgconfig/mecanum.pc'
[1.022s] Level 1:colcon.colcon_core.environment:checking '/home/eating/work/install/mecanum/lib/python3.10/site-packages'
[1.022s] Level 1:colcon.colcon_core.environment:checking '/home/eating/work/install/mecanum/bin'
[1.023s] INFO:colcon.colcon_core.shell:Creating package script '/home/eating/work/install/mecanum/share/mecanum/package.ps1'
[1.023s] INFO:colcon.colcon_core.shell:Creating package descriptor '/home/eating/work/install/mecanum/share/mecanum/package.dsv'
[1.024s] INFO:colcon.colcon_core.shell:Creating package script '/home/eating/work/install/mecanum/share/mecanum/package.sh'
[1.024s] INFO:colcon.colcon_core.shell:Creating package script '/home/eating/work/install/mecanum/share/mecanum/package.bash'
[1.025s] INFO:colcon.colcon_core.shell:Creating package script '/home/eating/work/install/mecanum/share/mecanum/package.zsh'
[1.025s] Level 1:colcon.colcon_core.environment:create_file_with_runtime_dependencies(/home/eating/work/install/mecanum/share/colcon-core/packages/mecanum)
[1.026s] INFO:colcon.colcon_ros.task.ament_cmake.build:Building ROS package in '/home/eating/work/src/timda_sim/mobile_description' with build type 'ament_cmake'
[1.026s] INFO:colcon.colcon_cmake.task.cmake.build:Building CMake package in '/home/eating/work/src/timda_sim/mobile_description'
[1.026s] INFO:colcon.colcon_core.shell:Skip shell extension 'powershell' for command environment: Not usable outside of PowerShell
[1.026s] DEBUG:colcon.colcon_core.shell:Skip shell extension 'dsv' for command environment
[1.031s] INFO:colcon.colcon_ros.task.ament_cmake.build:Building ROS package in '/home/eating/work/src/pallet/pallet_interfaces' with build type 'ament_cmake'
[1.031s] INFO:colcon.colcon_cmake.task.cmake.build:Building CMake package in '/home/eating/work/src/pallet/pallet_interfaces'
[1.031s] INFO:colcon.colcon_core.shell:Skip shell extension 'powershell' for command environment: Not usable outside of PowerShell
[1.031s] DEBUG:colcon.colcon_core.shell:Skip shell extension 'dsv' for command environment
[1.037s] Level 1:colcon.colcon_core.environment:create_environment_scripts_only(linear_move)
[1.037s] Level 1:colcon.colcon_core.environment:checking '/home/eating/work/install/linear_move' for CMake module files
[1.037s] DEBUG:colcon.colcon_core.event_handler.log_command:Invoked command in '/home/eating/work/build/linear_move' returned '0': CMAKE_PREFIX_PATH=${CMAKE_PREFIX_PATH}:/home/eating/work/install/pallet_main:/home/eating/work/install/main_control:/home/eating/work/install/gui:/home/eating/work/install/docking_pkg:/opt/ros/humble /usr/bin/cmake --install /home/eating/work/build/linear_move
[1.038s] Level 1:colcon.colcon_core.environment:checking '/home/eating/work/install/linear_move' for CMake config files
[1.038s] Level 1:colcon.colcon_core.shell:create_environment_hook('linear_move', 'cmake_prefix_path')
[1.038s] INFO:colcon.colcon_core.shell:Creating environment hook '/home/eating/work/install/linear_move/share/linear_move/hook/cmake_prefix_path.ps1'
[1.039s] INFO:colcon.colcon_core.shell:Creating environment descriptor '/home/eating/work/install/linear_move/share/linear_move/hook/cmake_prefix_path.dsv'
[1.039s] INFO:colcon.colcon_core.shell:Creating environment hook '/home/eating/work/install/linear_move/share/linear_move/hook/cmake_prefix_path.sh'
[1.039s] Level 1:colcon.colcon_core.environment:checking '/home/eating/work/install/linear_move/lib'
[1.039s] Level 1:colcon.colcon_core.environment:checking '/home/eating/work/install/linear_move/bin'
[1.039s] Level 1:colcon.colcon_core.environment:checking '/home/eating/work/install/linear_move/lib/pkgconfig/linear_move.pc'
[1.040s] Level 1:colcon.colcon_core.environment:checking '/home/eating/work/install/linear_move/lib/python3.10/site-packages'
[1.040s] Level 1:colcon.colcon_core.environment:checking '/home/eating/work/install/linear_move/bin'
[1.040s] INFO:colcon.colcon_core.shell:Creating package script '/home/eating/work/install/linear_move/share/linear_move/package.ps1'
[1.041s] INFO:colcon.colcon_core.shell:Creating package descriptor '/home/eating/work/install/linear_move/share/linear_move/package.dsv'
[1.041s] INFO:colcon.colcon_core.shell:Creating package script '/home/eating/work/install/linear_move/share/linear_move/package.sh'
[1.041s] INFO:colcon.colcon_core.shell:Creating package script '/home/eating/work/install/linear_move/share/linear_move/package.bash'
[1.042s] INFO:colcon.colcon_core.shell:Creating package script '/home/eating/work/install/linear_move/share/linear_move/package.zsh'
[1.042s] Level 1:colcon.colcon_core.environment:create_file_with_runtime_dependencies(/home/eating/work/install/linear_move/share/colcon-core/packages/linear_move)
[1.043s] Level 1:colcon.colcon_core.environment:create_environment_scripts_only(linear_move)
[1.043s] Level 1:colcon.colcon_core.environment:checking '/home/eating/work/install/linear_move' for CMake module files
[1.043s] Level 1:colcon.colcon_core.environment:checking '/home/eating/work/install/linear_move' for CMake config files
[1.043s] Level 1:colcon.colcon_core.shell:create_environment_hook('linear_move', 'cmake_prefix_path')
[1.043s] INFO:colcon.colcon_core.shell:Creating environment hook '/home/eating/work/install/linear_move/share/linear_move/hook/cmake_prefix_path.ps1'
[1.044s] INFO:colcon.colcon_core.shell:Creating environment descriptor '/home/eating/work/install/linear_move/share/linear_move/hook/cmake_prefix_path.dsv'
[1.044s] INFO:colcon.colcon_core.shell:Creating environment hook '/home/eating/work/install/linear_move/share/linear_move/hook/cmake_prefix_path.sh'
[1.045s] Level 1:colcon.colcon_core.environment:checking '/home/eating/work/install/linear_move/lib'
[1.045s] Level 1:colcon.colcon_core.environment:checking '/home/eating/work/install/linear_move/bin'
[1.045s] Level 1:colcon.colcon_core.environment:checking '/home/eating/work/install/linear_move/lib/pkgconfig/linear_move.pc'
[1.045s] Level 1:colcon.colcon_core.environment:checking '/home/eating/work/install/linear_move/lib/python3.10/site-packages'
[1.045s] Level 1:colcon.colcon_core.environment:checking '/home/eating/work/install/linear_move/bin'
[1.045s] INFO:colcon.colcon_core.shell:Creating package script '/home/eating/work/install/linear_move/share/linear_move/package.ps1'
[1.046s] INFO:colcon.colcon_core.shell:Creating package descriptor '/home/eating/work/install/linear_move/share/linear_move/package.dsv'
[1.046s] INFO:colcon.colcon_core.shell:Creating package script '/home/eating/work/install/linear_move/share/linear_move/package.sh'
[1.047s] INFO:colcon.colcon_core.shell:Creating package script '/home/eating/work/install/linear_move/share/linear_move/package.bash'
[1.047s] INFO:colcon.colcon_core.shell:Creating package script '/home/eating/work/install/linear_move/share/linear_move/package.zsh'
[1.047s] Level 1:colcon.colcon_core.environment:create_file_with_runtime_dependencies(/home/eating/work/install/linear_move/share/colcon-core/packages/linear_move)
[1.048s] Level 1:colcon.colcon_core.environment:create_environment_scripts_only(ira_laser_tools)
[1.048s] Level 1:colcon.colcon_core.environment:checking '/home/eating/work/install/ira_laser_tools' for CMake module files
[1.049s] DEBUG:colcon.colcon_core.event_handler.log_command:Invoked command in '/home/eating/work/build/ira_laser_tools' returned '0': CMAKE_PREFIX_PATH=${CMAKE_PREFIX_PATH}:/home/eating/work/install/pallet_main:/home/eating/work/install/main_control:/home/eating/work/install/gui:/home/eating/work/install/docking_pkg:/opt/ros/humble /usr/bin/cmake --install /home/eating/work/build/ira_laser_tools
[1.049s] Level 1:colcon.colcon_core.environment:checking '/home/eating/work/install/ira_laser_tools' for CMake config files
[1.050s] Level 1:colcon.colcon_core.shell:create_environment_hook('ira_laser_tools', 'cmake_prefix_path')
[1.050s] INFO:colcon.colcon_core.shell:Creating environment hook '/home/eating/work/install/ira_laser_tools/share/ira_laser_tools/hook/cmake_prefix_path.ps1'
[1.050s] INFO:colcon.colcon_core.shell:Creating environment descriptor '/home/eating/work/install/ira_laser_tools/share/ira_laser_tools/hook/cmake_prefix_path.dsv'
[1.051s] INFO:colcon.colcon_core.shell:Creating environment hook '/home/eating/work/install/ira_laser_tools/share/ira_laser_tools/hook/cmake_prefix_path.sh'
[1.051s] Level 1:colcon.colcon_core.environment:checking '/home/eating/work/install/ira_laser_tools/lib'
[1.051s] Level 1:colcon.colcon_core.environment:checking '/home/eating/work/install/ira_laser_tools/bin'
[1.051s] Level 1:colcon.colcon_core.environment:checking '/home/eating/work/install/ira_laser_tools/lib/pkgconfig/ira_laser_tools.pc'
[1.052s] Level 1:colcon.colcon_core.environment:checking '/home/eating/work/install/ira_laser_tools/lib/python3.10/site-packages'
[1.052s] Level 1:colcon.colcon_core.environment:checking '/home/eating/work/install/ira_laser_tools/bin'
[1.052s] INFO:colcon.colcon_core.shell:Creating package script '/home/eating/work/install/ira_laser_tools/share/ira_laser_tools/package.ps1'
[1.053s] INFO:colcon.colcon_core.shell:Creating package descriptor '/home/eating/work/install/ira_laser_tools/share/ira_laser_tools/package.dsv'
[1.053s] INFO:colcon.colcon_core.shell:Creating package script '/home/eating/work/install/ira_laser_tools/share/ira_laser_tools/package.sh'
[1.053s] INFO:colcon.colcon_core.shell:Creating package script '/home/eating/work/install/ira_laser_tools/share/ira_laser_tools/package.bash'
[1.054s] INFO:colcon.colcon_core.shell:Creating package script '/home/eating/work/install/ira_laser_tools/share/ira_laser_tools/package.zsh'
[1.054s] Level 1:colcon.colcon_core.environment:create_file_with_runtime_dependencies(/home/eating/work/install/ira_laser_tools/share/colcon-core/packages/ira_laser_tools)
[1.054s] Level 1:colcon.colcon_core.environment:create_environment_scripts_only(ira_laser_tools)
[1.055s] Level 1:colcon.colcon_core.environment:checking '/home/eating/work/install/ira_laser_tools' for CMake module files
[1.055s] Level 1:colcon.colcon_core.environment:checking '/home/eating/work/install/ira_laser_tools' for CMake config files
[1.055s] Level 1:colcon.colcon_core.shell:create_environment_hook('ira_laser_tools', 'cmake_prefix_path')
[1.055s] INFO:colcon.colcon_core.shell:Creating environment hook '/home/eating/work/install/ira_laser_tools/share/ira_laser_tools/hook/cmake_prefix_path.ps1'
[1.056s] INFO:colcon.colcon_core.shell:Creating environment descriptor '/home/eating/work/install/ira_laser_tools/share/ira_laser_tools/hook/cmake_prefix_path.dsv'
[1.056s] INFO:colcon.colcon_core.shell:Creating environment hook '/home/eating/work/install/ira_laser_tools/share/ira_laser_tools/hook/cmake_prefix_path.sh'
[1.056s] Level 1:colcon.colcon_core.environment:checking '/home/eating/work/install/ira_laser_tools/lib'
[1.057s] Level 1:colcon.colcon_core.environment:checking '/home/eating/work/install/ira_laser_tools/bin'
[1.057s] Level 1:colcon.colcon_core.environment:checking '/home/eating/work/install/ira_laser_tools/lib/pkgconfig/ira_laser_tools.pc'
[1.057s] Level 1:colcon.colcon_core.environment:checking '/home/eating/work/install/ira_laser_tools/lib/python3.10/site-packages'
[1.057s] Level 1:colcon.colcon_core.environment:checking '/home/eating/work/install/ira_laser_tools/bin'
[1.057s] INFO:colcon.colcon_core.shell:Creating package script '/home/eating/work/install/ira_laser_tools/share/ira_laser_tools/package.ps1'
[1.058s] INFO:colcon.colcon_core.shell:Creating package descriptor '/home/eating/work/install/ira_laser_tools/share/ira_laser_tools/package.dsv'
[1.058s] INFO:colcon.colcon_core.shell:Creating package script '/home/eating/work/install/ira_laser_tools/share/ira_laser_tools/package.sh'
[1.058s] INFO:colcon.colcon_core.shell:Creating package script '/home/eating/work/install/ira_laser_tools/share/ira_laser_tools/package.bash'
[1.059s] INFO:colcon.colcon_core.shell:Creating package script '/home/eating/work/install/ira_laser_tools/share/ira_laser_tools/package.zsh'
[1.059s] Level 1:colcon.colcon_core.environment:create_file_with_runtime_dependencies(/home/eating/work/install/ira_laser_tools/share/colcon-core/packages/ira_laser_tools)
[1.060s] INFO:colcon.colcon_ros.task.ament_python.build:Building ROS package in '/home/eating/work/src/pallet/pallet_main' with build type 'ament_python'
[1.060s] Level 1:colcon.colcon_core.shell:create_environment_hook('pallet_main', 'ament_prefix_path')
[1.060s] INFO:colcon.colcon_core.shell:Creating environment hook '/home/eating/work/install/pallet_main/share/pallet_main/hook/ament_prefix_path.ps1'
[1.061s] INFO:colcon.colcon_core.shell:Creating environment descriptor '/home/eating/work/install/pallet_main/share/pallet_main/hook/ament_prefix_path.dsv'
[1.061s] INFO:colcon.colcon_core.shell:Creating environment hook '/home/eating/work/install/pallet_main/share/pallet_main/hook/ament_prefix_path.sh'
[1.062s] INFO:colcon.colcon_core.shell:Skip shell extension 'powershell' for command environment: Not usable outside of PowerShell
[1.062s] DEBUG:colcon.colcon_core.shell:Skip shell extension 'dsv' for command environment
[1.066s] INFO:colcon.colcon_ros.task.ament_cmake.build:Building ROS package in '/home/eating/work/src/timda_sim/robot_arm_description' with build type 'ament_cmake'
[1.066s] INFO:colcon.colcon_cmake.task.cmake.build:Building CMake package in '/home/eating/work/src/timda_sim/robot_arm_description'
[1.067s] INFO:colcon.colcon_core.shell:Skip shell extension 'powershell' for command environment: Not usable outside of PowerShell
[1.067s] DEBUG:colcon.colcon_core.shell:Skip shell extension 'dsv' for command environment
[1.072s] DEBUG:colcon.colcon_core.event_handler.log_command:Invoked command in '/home/eating/work/build/gui_interface' returned '0': CMAKE_PREFIX_PATH=${CMAKE_PREFIX_PATH}:/home/eating/work/install/pallet_main:/home/eating/work/install/main_control:/home/eating/work/install/gui:/home/eating/work/install/docking_pkg:/opt/ros/humble /usr/bin/cmake --build /home/eating/work/build/gui_interface -- -j8 -l8
[1.074s] DEBUG:colcon.colcon_core.event_handler.log_command:Invoking command in '/home/eating/work/build/gui_interface': CMAKE_PREFIX_PATH=${CMAKE_PREFIX_PATH}:/home/eating/work/install/pallet_main:/home/eating/work/install/main_control:/home/eating/work/install/gui:/home/eating/work/install/docking_pkg:/opt/ros/humble /usr/bin/cmake --install /home/eating/work/build/gui_interface
[1.077s] DEBUG:colcon.colcon_core.event_handler.log_command:Invoking command in '/home/eating/work/build/mobile_description': CMAKE_PREFIX_PATH=${CMAKE_PREFIX_PATH}:/home/eating/work/install/pallet_main:/home/eating/work/install/main_control:/home/eating/work/install/gui:/home/eating/work/install/docking_pkg:/opt/ros/humble /usr/bin/cmake --build /home/eating/work/build/mobile_description -- -j8 -l8
[1.082s] DEBUG:colcon.colcon_core.event_handler.log_command:Invoking command in '/home/eating/work/build/pallet_interfaces': CMAKE_PREFIX_PATH=${CMAKE_PREFIX_PATH}:/home/eating/work/install/pallet_main:/home/eating/work/install/main_control:/home/eating/work/install/gui:/home/eating/work/install/docking_pkg:/opt/ros/humble /usr/bin/cmake --build /home/eating/work/build/pallet_interfaces -- -j8 -l8
[1.083s] DEBUG:colcon.colcon_core.event_handler.log_command:Invoked command in '/home/eating/work/build/realsense2_camera_msgs' returned '0': CMAKE_PREFIX_PATH=${CMAKE_PREFIX_PATH}:/home/eating/work/install/pallet_main:/home/eating/work/install/main_control:/home/eating/work/install/gui:/home/eating/work/install/docking_pkg:/opt/ros/humble /usr/bin/cmake --build /home/eating/work/build/realsense2_camera_msgs -- -j8 -l8
[1.083s] DEBUG:colcon.colcon_core.event_handler.log_command:Invoking command in '/home/eating/work/build/realsense2_camera_msgs': CMAKE_PREFIX_PATH=${CMAKE_PREFIX_PATH}:/home/eating/work/install/pallet_main:/home/eating/work/install/main_control:/home/eating/work/install/gui:/home/eating/work/install/docking_pkg:/opt/ros/humble /usr/bin/cmake --install /home/eating/work/build/realsense2_camera_msgs
[1.409s] INFO:colcon.colcon_core.task.python.build:Building Python package in '/home/eating/work/src/pallet/pallet_main'
[1.410s] INFO:colcon.colcon_core.shell:Skip shell extension 'powershell' for command environment: Not usable outside of PowerShell
[1.410s] DEBUG:colcon.colcon_core.shell:Skip shell extension 'dsv' for command environment
[1.417s] DEBUG:colcon.colcon_core.event_handler.log_command:Invoking command in '/home/eating/work/build/robot_arm_description': CMAKE_PREFIX_PATH=${CMAKE_PREFIX_PATH}:/home/eating/work/install/pallet_main:/home/eating/work/install/main_control:/home/eating/work/install/gui:/home/eating/work/install/docking_pkg:/opt/ros/humble /usr/bin/cmake --build /home/eating/work/build/robot_arm_description -- -j8 -l8
[1.418s] DEBUG:colcon.colcon_core.event_handler.log_command:Invoked command in '/home/eating/work/build/mobile_description' returned '0': CMAKE_PREFIX_PATH=${CMAKE_PREFIX_PATH}:/home/eating/work/install/pallet_main:/home/eating/work/install/main_control:/home/eating/work/install/gui:/home/eating/work/install/docking_pkg:/opt/ros/humble /usr/bin/cmake --build /home/eating/work/build/mobile_description -- -j8 -l8
[1.420s] DEBUG:colcon.colcon_core.event_handler.log_command:Invoking command in '/home/eating/work/build/mobile_description': CMAKE_PREFIX_PATH=${CMAKE_PREFIX_PATH}:/home/eating/work/install/pallet_main:/home/eating/work/install/main_control:/home/eating/work/install/gui:/home/eating/work/install/docking_pkg:/opt/ros/humble /usr/bin/cmake --install /home/eating/work/build/mobile_description
[1.420s] DEBUG:colcon.colcon_core.event_handler.log_command:Invoked command in '/home/eating/work/build/interface' returned '0': CMAKE_PREFIX_PATH=${CMAKE_PREFIX_PATH}:/home/eating/work/install/pallet_main:/home/eating/work/install/main_control:/home/eating/work/install/gui:/home/eating/work/install/docking_pkg:/opt/ros/humble /usr/bin/cmake --build /home/eating/work/build/interface -- -j8 -l8
[1.421s] DEBUG:colcon.colcon_core.event_handler.log_command:Invoking command in '/home/eating/work/build/interface': CMAKE_PREFIX_PATH=${CMAKE_PREFIX_PATH}:/home/eating/work/install/pallet_main:/home/eating/work/install/main_control:/home/eating/work/install/gui:/home/eating/work/install/docking_pkg:/opt/ros/humble /usr/bin/cmake --install /home/eating/work/build/interface
[1.422s] Level 1:colcon.colcon_core.environment:create_environment_scripts_only(realsense2_camera_msgs)
[1.422s] Level 1:colcon.colcon_core.environment:checking '/home/eating/work/install/realsense2_camera_msgs' for CMake module files
[1.423s] DEBUG:colcon.colcon_core.event_handler.log_command:Invoked command in '/home/eating/work/build/realsense2_camera_msgs' returned '0': CMAKE_PREFIX_PATH=${CMAKE_PREFIX_PATH}:/home/eating/work/install/pallet_main:/home/eating/work/install/main_control:/home/eating/work/install/gui:/home/eating/work/install/docking_pkg:/opt/ros/humble /usr/bin/cmake --install /home/eating/work/build/realsense2_camera_msgs
[1.423s] Level 1:colcon.colcon_core.environment:checking '/home/eating/work/install/realsense2_camera_msgs' for CMake config files
[1.424s] Level 1:colcon.colcon_core.shell:create_environment_hook('realsense2_camera_msgs', 'cmake_prefix_path')
[1.424s] INFO:colcon.colcon_core.shell:Creating environment hook '/home/eating/work/install/realsense2_camera_msgs/share/realsense2_camera_msgs/hook/cmake_prefix_path.ps1'
[1.425s] INFO:colcon.colcon_core.shell:Creating environment descriptor '/home/eating/work/install/realsense2_camera_msgs/share/realsense2_camera_msgs/hook/cmake_prefix_path.dsv'
[1.425s] INFO:colcon.colcon_core.shell:Creating environment hook '/home/eating/work/install/realsense2_camera_msgs/share/realsense2_camera_msgs/hook/cmake_prefix_path.sh'
[1.426s] Level 1:colcon.colcon_core.environment:checking '/home/eating/work/install/realsense2_camera_msgs/lib'
[1.426s] Level 1:colcon.colcon_core.shell:create_environment_hook('realsense2_camera_msgs', 'ld_library_path_lib')
[1.426s] INFO:colcon.colcon_core.shell:Creating environment hook '/home/eating/work/install/realsense2_camera_msgs/share/realsense2_camera_msgs/hook/ld_library_path_lib.ps1'
[1.426s] INFO:colcon.colcon_core.shell:Creating environment descriptor '/home/eating/work/install/realsense2_camera_msgs/share/realsense2_camera_msgs/hook/ld_library_path_lib.dsv'
[1.427s] INFO:colcon.colcon_core.shell:Creating environment hook '/home/eating/work/install/realsense2_camera_msgs/share/realsense2_camera_msgs/hook/ld_library_path_lib.sh'
[1.427s] Level 1:colcon.colcon_core.environment:checking '/home/eating/work/install/realsense2_camera_msgs/bin'
[1.427s] Level 1:colcon.colcon_core.environment:checking '/home/eating/work/install/realsense2_camera_msgs/lib/pkgconfig/realsense2_camera_msgs.pc'
[1.427s] Level 1:colcon.colcon_core.environment:checking '/home/eating/work/install/realsense2_camera_msgs/lib/python3.10/site-packages'
[1.427s] Level 1:colcon.colcon_core.environment:checking '/home/eating/work/install/realsense2_camera_msgs/bin'
[1.428s] INFO:colcon.colcon_core.shell:Creating package script '/home/eating/work/install/realsense2_camera_msgs/share/realsense2_camera_msgs/package.ps1'
[1.428s] INFO:colcon.colcon_core.shell:Creating package descriptor '/home/eating/work/install/realsense2_camera_msgs/share/realsense2_camera_msgs/package.dsv'
[1.429s] INFO:colcon.colcon_core.shell:Creating package script '/home/eating/work/install/realsense2_camera_msgs/share/realsense2_camera_msgs/package.sh'
[1.429s] INFO:colcon.colcon_core.shell:Creating package script '/home/eating/work/install/realsense2_camera_msgs/share/realsense2_camera_msgs/package.bash'
[1.429s] INFO:colcon.colcon_core.shell:Creating package script '/home/eating/work/install/realsense2_camera_msgs/share/realsense2_camera_msgs/package.zsh'
[1.430s] Level 1:colcon.colcon_core.environment:create_file_with_runtime_dependencies(/home/eating/work/install/realsense2_camera_msgs/share/colcon-core/packages/realsense2_camera_msgs)
[1.430s] Level 1:colcon.colcon_core.environment:create_environment_scripts_only(realsense2_camera_msgs)
[1.430s] Level 1:colcon.colcon_core.environment:checking '/home/eating/work/install/realsense2_camera_msgs' for CMake module files
[1.431s] Level 1:colcon.colcon_core.environment:checking '/home/eating/work/install/realsense2_camera_msgs' for CMake config files
[1.432s] Level 1:colcon.colcon_core.shell:create_environment_hook('realsense2_camera_msgs', 'cmake_prefix_path')
[1.432s] INFO:colcon.colcon_core.shell:Creating environment hook '/home/eating/work/install/realsense2_camera_msgs/share/realsense2_camera_msgs/hook/cmake_prefix_path.ps1'
[1.433s] INFO:colcon.colcon_core.shell:Creating environment descriptor '/home/eating/work/install/realsense2_camera_msgs/share/realsense2_camera_msgs/hook/cmake_prefix_path.dsv'
[1.433s] INFO:colcon.colcon_core.shell:Creating environment hook '/home/eating/work/install/realsense2_camera_msgs/share/realsense2_camera_msgs/hook/cmake_prefix_path.sh'
[1.434s] Level 1:colcon.colcon_core.environment:checking '/home/eating/work/install/realsense2_camera_msgs/lib'
[1.434s] Level 1:colcon.colcon_core.shell:create_environment_hook('realsense2_camera_msgs', 'ld_library_path_lib')
[1.434s] INFO:colcon.colcon_core.shell:Creating environment hook '/home/eating/work/install/realsense2_camera_msgs/share/realsense2_camera_msgs/hook/ld_library_path_lib.ps1'
[1.435s] INFO:colcon.colcon_core.shell:Creating environment descriptor '/home/eating/work/install/realsense2_camera_msgs/share/realsense2_camera_msgs/hook/ld_library_path_lib.dsv'
[1.435s] INFO:colcon.colcon_core.shell:Creating environment hook '/home/eating/work/install/realsense2_camera_msgs/share/realsense2_camera_msgs/hook/ld_library_path_lib.sh'
[1.436s] Level 1:colcon.colcon_core.environment:checking '/home/eating/work/install/realsense2_camera_msgs/bin'
[1.436s] Level 1:colcon.colcon_core.environment:checking '/home/eating/work/install/realsense2_camera_msgs/lib/pkgconfig/realsense2_camera_msgs.pc'
[1.436s] Level 1:colcon.colcon_core.environment:checking '/home/eating/work/install/realsense2_camera_msgs/lib/python3.10/site-packages'
[1.437s] Level 1:colcon.colcon_core.environment:checking '/home/eating/work/install/realsense2_camera_msgs/bin'
[1.437s] INFO:colcon.colcon_core.shell:Creating package script '/home/eating/work/install/realsense2_camera_msgs/share/realsense2_camera_msgs/package.ps1'
[1.438s] INFO:colcon.colcon_core.shell:Creating package descriptor '/home/eating/work/install/realsense2_camera_msgs/share/realsense2_camera_msgs/package.dsv'
[1.439s] INFO:colcon.colcon_core.shell:Creating package script '/home/eating/work/install/realsense2_camera_msgs/share/realsense2_camera_msgs/package.sh'
[1.439s] INFO:colcon.colcon_core.shell:Creating package script '/home/eating/work/install/realsense2_camera_msgs/share/realsense2_camera_msgs/package.bash'
[1.440s] INFO:colcon.colcon_core.shell:Creating package script '/home/eating/work/install/realsense2_camera_msgs/share/realsense2_camera_msgs/package.zsh'
[1.440s] Level 1:colcon.colcon_core.environment:create_file_with_runtime_dependencies(/home/eating/work/install/realsense2_camera_msgs/share/colcon-core/packages/realsense2_camera_msgs)
[1.440s] Level 1:colcon.colcon_core.environment:create_environment_scripts_only(gui_interface)
[1.441s] Level 1:colcon.colcon_core.environment:checking '/home/eating/work/install/gui_interface' for CMake module files
[1.442s] DEBUG:colcon.colcon_core.event_handler.log_command:Invoked command in '/home/eating/work/build/gui_interface' returned '0': CMAKE_PREFIX_PATH=${CMAKE_PREFIX_PATH}:/home/eating/work/install/pallet_main:/home/eating/work/install/main_control:/home/eating/work/install/gui:/home/eating/work/install/docking_pkg:/opt/ros/humble /usr/bin/cmake --install /home/eating/work/build/gui_interface
[1.443s] Level 1:colcon.colcon_core.environment:checking '/home/eating/work/install/gui_interface' for CMake config files
[1.443s] Level 1:colcon.colcon_core.shell:create_environment_hook('gui_interface', 'cmake_prefix_path')
[1.444s] INFO:colcon.colcon_core.shell:Creating environment hook '/home/eating/work/install/gui_interface/share/gui_interface/hook/cmake_prefix_path.ps1'
[1.444s] INFO:colcon.colcon_core.shell:Creating environment descriptor '/home/eating/work/install/gui_interface/share/gui_interface/hook/cmake_prefix_path.dsv'
[1.445s] INFO:colcon.colcon_core.shell:Creating environment hook '/home/eating/work/install/gui_interface/share/gui_interface/hook/cmake_prefix_path.sh'
[1.445s] Level 1:colcon.colcon_core.environment:checking '/home/eating/work/install/gui_interface/lib'
[1.446s] Level 1:colcon.colcon_core.shell:create_environment_hook('gui_interface', 'ld_library_path_lib')
[1.446s] INFO:colcon.colcon_core.shell:Creating environment hook '/home/eating/work/install/gui_interface/share/gui_interface/hook/ld_library_path_lib.ps1'
[1.446s] INFO:colcon.colcon_core.shell:Creating environment descriptor '/home/eating/work/install/gui_interface/share/gui_interface/hook/ld_library_path_lib.dsv'
[1.447s] INFO:colcon.colcon_core.shell:Creating environment hook '/home/eating/work/install/gui_interface/share/gui_interface/hook/ld_library_path_lib.sh'
[1.447s] Level 1:colcon.colcon_core.environment:checking '/home/eating/work/install/gui_interface/bin'
[1.447s] Level 1:colcon.colcon_core.environment:checking '/home/eating/work/install/gui_interface/lib/pkgconfig/gui_interface.pc'
[1.448s] Level 1:colcon.colcon_core.environment:checking '/home/eating/work/install/gui_interface/lib/python3.10/site-packages'
[1.448s] Level 1:colcon.colcon_core.environment:checking '/home/eating/work/install/gui_interface/bin'
[1.449s] INFO:colcon.colcon_core.shell:Creating package script '/home/eating/work/install/gui_interface/share/gui_interface/package.ps1'
[1.449s] INFO:colcon.colcon_core.shell:Creating package descriptor '/home/eating/work/install/gui_interface/share/gui_interface/package.dsv'
[1.450s] INFO:colcon.colcon_core.shell:Creating package script '/home/eating/work/install/gui_interface/share/gui_interface/package.sh'
[1.450s] INFO:colcon.colcon_core.shell:Creating package script '/home/eating/work/install/gui_interface/share/gui_interface/package.bash'
[1.451s] INFO:colcon.colcon_core.shell:Creating package script '/home/eating/work/install/gui_interface/share/gui_interface/package.zsh'
[1.451s] Level 1:colcon.colcon_core.environment:create_file_with_runtime_dependencies(/home/eating/work/install/gui_interface/share/colcon-core/packages/gui_interface)
[1.452s] Level 1:colcon.colcon_core.environment:create_environment_scripts_only(gui_interface)
[1.452s] Level 1:colcon.colcon_core.environment:checking '/home/eating/work/install/gui_interface' for CMake module files
[1.453s] Level 1:colcon.colcon_core.environment:checking '/home/eating/work/install/gui_interface' for CMake config files
[1.454s] Level 1:colcon.colcon_core.shell:create_environment_hook('gui_interface', 'cmake_prefix_path')
[1.454s] INFO:colcon.colcon_core.shell:Creating environment hook '/home/eating/work/install/gui_interface/share/gui_interface/hook/cmake_prefix_path.ps1'
[1.455s] INFO:colcon.colcon_core.shell:Creating environment descriptor '/home/eating/work/install/gui_interface/share/gui_interface/hook/cmake_prefix_path.dsv'
[1.455s] INFO:colcon.colcon_core.shell:Creating environment hook '/home/eating/work/install/gui_interface/share/gui_interface/hook/cmake_prefix_path.sh'
[1.456s] Level 1:colcon.colcon_core.environment:checking '/home/eating/work/install/gui_interface/lib'
[1.456s] Level 1:colcon.colcon_core.shell:create_environment_hook('gui_interface', 'ld_library_path_lib')
[1.456s] INFO:colcon.colcon_core.shell:Creating environment hook '/home/eating/work/install/gui_interface/share/gui_interface/hook/ld_library_path_lib.ps1'
[1.457s] INFO:colcon.colcon_core.shell:Creating environment descriptor '/home/eating/work/install/gui_interface/share/gui_interface/hook/ld_library_path_lib.dsv'
[1.457s] INFO:colcon.colcon_core.shell:Creating environment hook '/home/eating/work/install/gui_interface/share/gui_interface/hook/ld_library_path_lib.sh'
[1.458s] Level 1:colcon.colcon_core.environment:checking '/home/eating/work/install/gui_interface/bin'
[1.458s] Level 1:colcon.colcon_core.environment:checking '/home/eating/work/install/gui_interface/lib/pkgconfig/gui_interface.pc'
[1.458s] Level 1:colcon.colcon_core.environment:checking '/home/eating/work/install/gui_interface/lib/python3.10/site-packages'
[1.458s] Level 1:colcon.colcon_core.environment:checking '/home/eating/work/install/gui_interface/bin'
[1.458s] INFO:colcon.colcon_core.shell:Creating package script '/home/eating/work/install/gui_interface/share/gui_interface/package.ps1'
[1.459s] INFO:colcon.colcon_core.shell:Creating package descriptor '/home/eating/work/install/gui_interface/share/gui_interface/package.dsv'
[1.460s] INFO:colcon.colcon_core.shell:Creating package script '/home/eating/work/install/gui_interface/share/gui_interface/package.sh'
[1.460s] INFO:colcon.colcon_core.shell:Creating package script '/home/eating/work/install/gui_interface/share/gui_interface/package.bash'
[1.460s] INFO:colcon.colcon_core.shell:Creating package script '/home/eating/work/install/gui_interface/share/gui_interface/package.zsh'
[1.461s] Level 1:colcon.colcon_core.environment:create_file_with_runtime_dependencies(/home/eating/work/install/gui_interface/share/colcon-core/packages/gui_interface)
[1.463s] INFO:colcon.colcon_ros.task.ament_cmake.build:Building ROS package in '/home/eating/work/src/timda_sim/suction_description' with build type 'ament_cmake'
[1.465s] INFO:colcon.colcon_cmake.task.cmake.build:Building CMake package in '/home/eating/work/src/timda_sim/suction_description'
[1.466s] INFO:colcon.colcon_core.shell:Skip shell extension 'powershell' for command environment: Not usable outside of PowerShell
[1.466s] DEBUG:colcon.colcon_core.shell:Skip shell extension 'dsv' for command environment
[1.467s] DEBUG:colcon.colcon_core.event_handler.log_command:Invoking command in '/home/eating/work/src/docking/docking_pkg': PYTHONPATH=/home/eating/work/build/docking_pkg/prefix_override:/usr/lib/python3/dist-packages/colcon_core/task/python/colcon_distutils_commands:/home/eating/work/install/docking_pkg/lib/python3.10/site-packages:${PYTHONPATH} /usr/bin/python3 -W ignore:setup.py install is deprecated -W ignore:easy_install command is deprecated setup.py egg_info --egg-base ../../../build/docking_pkg build --build-base /home/eating/work/build/docking_pkg/build install --record /home/eating/work/build/docking_pkg/install.log --single-version-externally-managed install_data
[1.486s] INFO:colcon.colcon_ros.task.ament_cmake.build:Building ROS package in '/home/eating/work/src/timda_sim/timda_body_description' with build type 'ament_cmake'
[1.486s] INFO:colcon.colcon_cmake.task.cmake.build:Building CMake package in '/home/eating/work/src/timda_sim/timda_body_description'
[1.487s] INFO:colcon.colcon_core.shell:Skip shell extension 'powershell' for command environment: Not usable outside of PowerShell
[1.487s] DEBUG:colcon.colcon_core.shell:Skip shell extension 'dsv' for command environment
[1.497s] Level 1:colcon.colcon_core.environment:create_environment_scripts_only(mobile_description)
[1.498s] Level 1:colcon.colcon_core.environment:checking '/home/eating/work/install/mobile_description' for CMake module files
[1.499s] DEBUG:colcon.colcon_core.event_handler.log_command:Invoked command in '/home/eating/work/build/mobile_description' returned '0': CMAKE_PREFIX_PATH=${CMAKE_PREFIX_PATH}:/home/eating/work/install/pallet_main:/home/eating/work/install/main_control:/home/eating/work/install/gui:/home/eating/work/install/docking_pkg:/opt/ros/humble /usr/bin/cmake --install /home/eating/work/build/mobile_description
[1.499s] Level 1:colcon.colcon_core.environment:checking '/home/eating/work/install/mobile_description' for CMake config files
[1.500s] Level 1:colcon.colcon_core.shell:create_environment_hook('mobile_description', 'cmake_prefix_path')
[1.500s] INFO:colcon.colcon_core.shell:Creating environment hook '/home/eating/work/install/mobile_description/share/mobile_description/hook/cmake_prefix_path.ps1'
[1.501s] INFO:colcon.colcon_core.shell:Creating environment descriptor '/home/eating/work/install/mobile_description/share/mobile_description/hook/cmake_prefix_path.dsv'
[1.501s] INFO:colcon.colcon_core.shell:Creating environment hook '/home/eating/work/install/mobile_description/share/mobile_description/hook/cmake_prefix_path.sh'
[1.503s] Level 1:colcon.colcon_core.environment:checking '/home/eating/work/install/mobile_description/bin'
[1.503s] Level 1:colcon.colcon_core.environment:checking '/home/eating/work/install/mobile_description/lib/pkgconfig/mobile_description.pc'
[1.503s] Level 1:colcon.colcon_core.environment:checking '/home/eating/work/install/mobile_description/lib/python3.10/site-packages'
[1.503s] Level 1:colcon.colcon_core.environment:checking '/home/eating/work/install/mobile_description/bin'
[1.504s] INFO:colcon.colcon_core.shell:Creating package script '/home/eating/work/install/mobile_description/share/mobile_description/package.ps1'
[1.505s] INFO:colcon.colcon_core.shell:Creating package descriptor '/home/eating/work/install/mobile_description/share/mobile_description/package.dsv'
[1.505s] INFO:colcon.colcon_core.shell:Creating package script '/home/eating/work/install/mobile_description/share/mobile_description/package.sh'
[1.506s] INFO:colcon.colcon_core.shell:Creating package script '/home/eating/work/install/mobile_description/share/mobile_description/package.bash'
[1.507s] INFO:colcon.colcon_core.shell:Creating package script '/home/eating/work/install/mobile_description/share/mobile_description/package.zsh'
[1.507s] Level 1:colcon.colcon_core.environment:create_file_with_runtime_dependencies(/home/eating/work/install/mobile_description/share/colcon-core/packages/mobile_description)
[1.507s] Level 1:colcon.colcon_core.environment:create_environment_scripts_only(mobile_description)
[1.508s] Level 1:colcon.colcon_core.environment:checking '/home/eating/work/install/mobile_description' for CMake module files
[1.508s] Level 1:colcon.colcon_core.environment:checking '/home/eating/work/install/mobile_description' for CMake config files
[1.508s] Level 1:colcon.colcon_core.shell:create_environment_hook('mobile_description', 'cmake_prefix_path')
[1.509s] INFO:colcon.colcon_core.shell:Creating environment hook '/home/eating/work/install/mobile_description/share/mobile_description/hook/cmake_prefix_path.ps1'
[1.509s] INFO:colcon.colcon_core.shell:Creating environment descriptor '/home/eating/work/install/mobile_description/share/mobile_description/hook/cmake_prefix_path.dsv'
[1.509s] INFO:colcon.colcon_core.shell:Creating environment hook '/home/eating/work/install/mobile_description/share/mobile_description/hook/cmake_prefix_path.sh'
[1.510s] Level 1:colcon.colcon_core.environment:checking '/home/eating/work/install/mobile_description/bin'
[1.510s] Level 1:colcon.colcon_core.environment:checking '/home/eating/work/install/mobile_description/lib/pkgconfig/mobile_description.pc'
[1.510s] Level 1:colcon.colcon_core.environment:checking '/home/eating/work/install/mobile_description/lib/python3.10/site-packages'
[1.510s] Level 1:colcon.colcon_core.environment:checking '/home/eating/work/install/mobile_description/bin'
[1.511s] INFO:colcon.colcon_core.shell:Creating package script '/home/eating/work/install/mobile_description/share/mobile_description/package.ps1'
[1.511s] INFO:colcon.colcon_core.shell:Creating package descriptor '/home/eating/work/install/mobile_description/share/mobile_description/package.dsv'
[1.512s] INFO:colcon.colcon_core.shell:Creating package script '/home/eating/work/install/mobile_description/share/mobile_description/package.sh'
[1.512s] INFO:colcon.colcon_core.shell:Creating package script '/home/eating/work/install/mobile_description/share/mobile_description/package.bash'
[1.512s] INFO:colcon.colcon_core.shell:Creating package script '/home/eating/work/install/mobile_description/share/mobile_description/package.zsh'
[1.513s] Level 1:colcon.colcon_core.environment:create_file_with_runtime_dependencies(/home/eating/work/install/mobile_description/share/colcon-core/packages/mobile_description)
[1.514s] DEBUG:colcon.colcon_core.event_handler.log_command:Invoked command in '/home/eating/work/build/robot_arm_description' returned '0': CMAKE_PREFIX_PATH=${CMAKE_PREFIX_PATH}:/home/eating/work/install/pallet_main:/home/eating/work/install/main_control:/home/eating/work/install/gui:/home/eating/work/install/docking_pkg:/opt/ros/humble /usr/bin/cmake --build /home/eating/work/build/robot_arm_description -- -j8 -l8
[1.515s] DEBUG:colcon.colcon_core.event_handler.log_command:Invoking command in '/home/eating/work/build/robot_arm_description': CMAKE_PREFIX_PATH=${CMAKE_PREFIX_PATH}:/home/eating/work/install/pallet_main:/home/eating/work/install/main_control:/home/eating/work/install/gui:/home/eating/work/install/docking_pkg:/opt/ros/humble /usr/bin/cmake --install /home/eating/work/build/robot_arm_description
[1.516s] INFO:colcon.colcon_ros.task.ament_cmake.build:Building ROS package in '/home/eating/work/src/timda_bringup' with build type 'ament_cmake'
[1.516s] INFO:colcon.colcon_cmake.task.cmake.build:Building CMake package in '/home/eating/work/src/timda_bringup'
[1.516s] INFO:colcon.colcon_core.shell:Skip shell extension 'powershell' for command environment: Not usable outside of PowerShell
[1.516s] DEBUG:colcon.colcon_core.shell:Skip shell extension 'dsv' for command environment
[1.521s] Level 1:colcon.colcon_core.environment:create_environment_scripts_only(interface)
[1.521s] Level 1:colcon.colcon_core.environment:checking '/home/eating/work/install/interface' for CMake module files
[1.522s] DEBUG:colcon.colcon_core.event_handler.log_command:Invoked command in '/home/eating/work/build/interface' returned '0': CMAKE_PREFIX_PATH=${CMAKE_PREFIX_PATH}:/home/eating/work/install/pallet_main:/home/eating/work/install/main_control:/home/eating/work/install/gui:/home/eating/work/install/docking_pkg:/opt/ros/humble /usr/bin/cmake --install /home/eating/work/build/interface
[1.523s] Level 1:colcon.colcon_core.environment:checking '/home/eating/work/install/interface' for CMake config files
[1.527s] Level 1:colcon.colcon_core.shell:create_environment_hook('interface', 'cmake_prefix_path')
[1.527s] INFO:colcon.colcon_core.shell:Creating environment hook '/home/eating/work/install/interface/share/interface/hook/cmake_prefix_path.ps1'
[1.528s] INFO:colcon.colcon_core.shell:Creating environment descriptor '/home/eating/work/install/interface/share/interface/hook/cmake_prefix_path.dsv'
[1.529s] INFO:colcon.colcon_core.shell:Creating environment hook '/home/eating/work/install/interface/share/interface/hook/cmake_prefix_path.sh'
[1.529s] Level 1:colcon.colcon_core.environment:checking '/home/eating/work/install/interface/lib'
[1.529s] Level 1:colcon.colcon_core.shell:create_environment_hook('interface', 'ld_library_path_lib')
[1.530s] INFO:colcon.colcon_core.shell:Creating environment hook '/home/eating/work/install/interface/share/interface/hook/ld_library_path_lib.ps1'
[1.530s] INFO:colcon.colcon_core.shell:Creating environment descriptor '/home/eating/work/install/interface/share/interface/hook/ld_library_path_lib.dsv'
[1.530s] INFO:colcon.colcon_core.shell:Creating environment hook '/home/eating/work/install/interface/share/interface/hook/ld_library_path_lib.sh'
[1.531s] Level 1:colcon.colcon_core.environment:checking '/home/eating/work/install/interface/bin'
[1.531s] Level 1:colcon.colcon_core.environment:checking '/home/eating/work/install/interface/lib/pkgconfig/interface.pc'
[1.531s] Level 1:colcon.colcon_core.environment:checking '/home/eating/work/install/interface/lib/python3.10/site-packages'
[1.531s] Level 1:colcon.colcon_core.environment:checking '/home/eating/work/install/interface/bin'
[1.531s] INFO:colcon.colcon_core.shell:Creating package script '/home/eating/work/install/interface/share/interface/package.ps1'
[1.532s] INFO:colcon.colcon_core.shell:Creating package descriptor '/home/eating/work/install/interface/share/interface/package.dsv'
[1.532s] INFO:colcon.colcon_core.shell:Creating package script '/home/eating/work/install/interface/share/interface/package.sh'
[1.533s] INFO:colcon.colcon_core.shell:Creating package script '/home/eating/work/install/interface/share/interface/package.bash'
[1.533s] INFO:colcon.colcon_core.shell:Creating package script '/home/eating/work/install/interface/share/interface/package.zsh'
[1.533s] Level 1:colcon.colcon_core.environment:create_file_with_runtime_dependencies(/home/eating/work/install/interface/share/colcon-core/packages/interface)
[1.534s] Level 1:colcon.colcon_core.environment:create_environment_scripts_only(interface)
[1.534s] Level 1:colcon.colcon_core.environment:checking '/home/eating/work/install/interface' for CMake module files
[1.534s] Level 1:colcon.colcon_core.environment:checking '/home/eating/work/install/interface' for CMake config files
[1.535s] Level 1:colcon.colcon_core.shell:create_environment_hook('interface', 'cmake_prefix_path')
[1.535s] INFO:colcon.colcon_core.shell:Creating environment hook '/home/eating/work/install/interface/share/interface/hook/cmake_prefix_path.ps1'
[1.535s] INFO:colcon.colcon_core.shell:Creating environment descriptor '/home/eating/work/install/interface/share/interface/hook/cmake_prefix_path.dsv'
[1.536s] INFO:colcon.colcon_core.shell:Creating environment hook '/home/eating/work/install/interface/share/interface/hook/cmake_prefix_path.sh'
[1.536s] Level 1:colcon.colcon_core.environment:checking '/home/eating/work/install/interface/lib'
[1.536s] Level 1:colcon.colcon_core.shell:create_environment_hook('interface', 'ld_library_path_lib')
[1.536s] INFO:colcon.colcon_core.shell:Creating environment hook '/home/eating/work/install/interface/share/interface/hook/ld_library_path_lib.ps1'
[1.537s] INFO:colcon.colcon_core.shell:Creating environment descriptor '/home/eating/work/install/interface/share/interface/hook/ld_library_path_lib.dsv'
[1.537s] INFO:colcon.colcon_core.shell:Creating environment hook '/home/eating/work/install/interface/share/interface/hook/ld_library_path_lib.sh'
[1.537s] Level 1:colcon.colcon_core.environment:checking '/home/eating/work/install/interface/bin'
[1.537s] Level 1:colcon.colcon_core.environment:checking '/home/eating/work/install/interface/lib/pkgconfig/interface.pc'
[1.538s] Level 1:colcon.colcon_core.environment:checking '/home/eating/work/install/interface/lib/python3.10/site-packages'
[1.538s] Level 1:colcon.colcon_core.environment:checking '/home/eating/work/install/interface/bin'
[1.538s] INFO:colcon.colcon_core.shell:Creating package script '/home/eating/work/install/interface/share/interface/package.ps1'
[1.539s] INFO:colcon.colcon_core.shell:Creating package descriptor '/home/eating/work/install/interface/share/interface/package.dsv'
[1.539s] INFO:colcon.colcon_core.shell:Creating package script '/home/eating/work/install/interface/share/interface/package.sh'
[1.540s] INFO:colcon.colcon_core.shell:Creating package script '/home/eating/work/install/interface/share/interface/package.bash'
[1.540s] INFO:colcon.colcon_core.shell:Creating package script '/home/eating/work/install/interface/share/interface/package.zsh'
[1.541s] Level 1:colcon.colcon_core.environment:create_file_with_runtime_dependencies(/home/eating/work/install/interface/share/colcon-core/packages/interface)
[1.542s] INFO:colcon.colcon_ros.task.ament_cmake.build:Building ROS package in '/home/eating/work/src/timda_sim/timda_description' with build type 'ament_cmake'
[1.542s] INFO:colcon.colcon_cmake.task.cmake.build:Building CMake package in '/home/eating/work/src/timda_sim/timda_description'
[1.542s] INFO:colcon.colcon_core.shell:Skip shell extension 'powershell' for command environment: Not usable outside of PowerShell
[1.542s] DEBUG:colcon.colcon_core.shell:Skip shell extension 'dsv' for command environment
[1.549s] DEBUG:colcon.colcon_core.event_handler.log_command:Invoking command in '/home/eating/work/build/suction_description': CMAKE_PREFIX_PATH=${CMAKE_PREFIX_PATH}:/home/eating/work/install/pallet_main:/home/eating/work/install/main_control:/home/eating/work/install/gui:/home/eating/work/install/docking_pkg:/opt/ros/humble /usr/bin/cmake --build /home/eating/work/build/suction_description -- -j8 -l8
[1.553s] DEBUG:colcon.colcon_core.event_handler.log_command:Invoking command in '/home/eating/work/build/timda_body_description': CMAKE_PREFIX_PATH=${CMAKE_PREFIX_PATH}:/home/eating/work/install/pallet_main:/home/eating/work/install/main_control:/home/eating/work/install/gui:/home/eating/work/install/docking_pkg:/opt/ros/humble /usr/bin/cmake --build /home/eating/work/build/timda_body_description -- -j8 -l8
[1.553s] DEBUG:colcon.colcon_core.event_handler.log_command:Invoked command in '/home/eating/work/build/pallet_interfaces' returned '0': CMAKE_PREFIX_PATH=${CMAKE_PREFIX_PATH}:/home/eating/work/install/pallet_main:/home/eating/work/install/main_control:/home/eating/work/install/gui:/home/eating/work/install/docking_pkg:/opt/ros/humble /usr/bin/cmake --build /home/eating/work/build/pallet_interfaces -- -j8 -l8
[1.555s] DEBUG:colcon.colcon_core.event_handler.log_command:Invoking command in '/home/eating/work/build/pallet_interfaces': CMAKE_PREFIX_PATH=${CMAKE_PREFIX_PATH}:/home/eating/work/install/pallet_main:/home/eating/work/install/main_control:/home/eating/work/install/gui:/home/eating/work/install/docking_pkg:/opt/ros/humble /usr/bin/cmake --install /home/eating/work/build/pallet_interfaces
[1.556s] Level 1:colcon.colcon_core.environment:create_environment_scripts_only(robot_arm_description)
[1.557s] Level 1:colcon.colcon_core.environment:checking '/home/eating/work/install/robot_arm_description' for CMake module files
[1.558s] Level 1:colcon.colcon_core.environment:checking '/home/eating/work/install/robot_arm_description' for CMake config files
[1.558s] DEBUG:colcon.colcon_core.event_handler.log_command:Invoked command in '/home/eating/work/build/robot_arm_description' returned '0': CMAKE_PREFIX_PATH=${CMAKE_PREFIX_PATH}:/home/eating/work/install/pallet_main:/home/eating/work/install/main_control:/home/eating/work/install/gui:/home/eating/work/install/docking_pkg:/opt/ros/humble /usr/bin/cmake --install /home/eating/work/build/robot_arm_description
[1.558s] Level 1:colcon.colcon_core.shell:create_environment_hook('robot_arm_description', 'cmake_prefix_path')
[1.559s] INFO:colcon.colcon_core.shell:Creating environment hook '/home/eating/work/install/robot_arm_description/share/robot_arm_description/hook/cmake_prefix_path.ps1'
[1.559s] INFO:colcon.colcon_core.shell:Creating environment descriptor '/home/eating/work/install/robot_arm_description/share/robot_arm_description/hook/cmake_prefix_path.dsv'
[1.560s] INFO:colcon.colcon_core.shell:Creating environment hook '/home/eating/work/install/robot_arm_description/share/robot_arm_description/hook/cmake_prefix_path.sh'
[1.561s] Level 1:colcon.colcon_core.environment:checking '/home/eating/work/install/robot_arm_description/bin'
[1.561s] Level 1:colcon.colcon_core.environment:checking '/home/eating/work/install/robot_arm_description/lib/pkgconfig/robot_arm_description.pc'
[1.561s] Level 1:colcon.colcon_core.environment:checking '/home/eating/work/install/robot_arm_description/lib/python3.10/site-packages'
[1.561s] Level 1:colcon.colcon_core.environment:checking '/home/eating/work/install/robot_arm_description/bin'
[1.561s] INFO:colcon.colcon_core.shell:Creating package script '/home/eating/work/install/robot_arm_description/share/robot_arm_description/package.ps1'
[1.562s] INFO:colcon.colcon_core.shell:Creating package descriptor '/home/eating/work/install/robot_arm_description/share/robot_arm_description/package.dsv'
[1.562s] INFO:colcon.colcon_core.shell:Creating package script '/home/eating/work/install/robot_arm_description/share/robot_arm_description/package.sh'
[1.563s] INFO:colcon.colcon_core.shell:Creating package script '/home/eating/work/install/robot_arm_description/share/robot_arm_description/package.bash'
[1.563s] INFO:colcon.colcon_core.shell:Creating package script '/home/eating/work/install/robot_arm_description/share/robot_arm_description/package.zsh'
[1.563s] Level 1:colcon.colcon_core.environment:create_file_with_runtime_dependencies(/home/eating/work/install/robot_arm_description/share/colcon-core/packages/robot_arm_description)
[1.564s] Level 1:colcon.colcon_core.environment:create_environment_scripts_only(robot_arm_description)
[1.564s] Level 1:colcon.colcon_core.environment:checking '/home/eating/work/install/robot_arm_description' for CMake module files
[1.565s] Level 1:colcon.colcon_core.environment:checking '/home/eating/work/install/robot_arm_description' for CMake config files
[1.565s] Level 1:colcon.colcon_core.shell:create_environment_hook('robot_arm_description', 'cmake_prefix_path')
[1.565s] INFO:colcon.colcon_core.shell:Creating environment hook '/home/eating/work/install/robot_arm_description/share/robot_arm_description/hook/cmake_prefix_path.ps1'
[1.565s] INFO:colcon.colcon_core.shell:Creating environment descriptor '/home/eating/work/install/robot_arm_description/share/robot_arm_description/hook/cmake_prefix_path.dsv'
[1.566s] INFO:colcon.colcon_core.shell:Creating environment hook '/home/eating/work/install/robot_arm_description/share/robot_arm_description/hook/cmake_prefix_path.sh'
[1.566s] Level 1:colcon.colcon_core.environment:checking '/home/eating/work/install/robot_arm_description/bin'
[1.566s] Level 1:colcon.colcon_core.environment:checking '/home/eating/work/install/robot_arm_description/lib/pkgconfig/robot_arm_description.pc'
[1.567s] Level 1:colcon.colcon_core.environment:checking '/home/eating/work/install/robot_arm_description/lib/python3.10/site-packages'
[1.567s] Level 1:colcon.colcon_core.environment:checking '/home/eating/work/install/robot_arm_description/bin'
[1.567s] INFO:colcon.colcon_core.shell:Creating package script '/home/eating/work/install/robot_arm_description/share/robot_arm_description/package.ps1'
[1.568s] INFO:colcon.colcon_core.shell:Creating package descriptor '/home/eating/work/install/robot_arm_description/share/robot_arm_description/package.dsv'
[1.568s] INFO:colcon.colcon_core.shell:Creating package script '/home/eating/work/install/robot_arm_description/share/robot_arm_description/package.sh'
[1.569s] INFO:colcon.colcon_core.shell:Creating package script '/home/eating/work/install/robot_arm_description/share/robot_arm_description/package.bash'
[1.569s] INFO:colcon.colcon_core.shell:Creating package script '/home/eating/work/install/robot_arm_description/share/robot_arm_description/package.zsh'
[1.569s] Level 1:colcon.colcon_core.environment:create_file_with_runtime_dependencies(/home/eating/work/install/robot_arm_description/share/colcon-core/packages/robot_arm_description)
[1.576s] INFO:colcon.colcon_ros.task.ament_cmake.build:Building ROS package in '/home/eating/work/src/timda_sim/timda_gazebo' with build type 'ament_cmake'
[1.576s] INFO:colcon.colcon_cmake.task.cmake.build:Building CMake package in '/home/eating/work/src/timda_sim/timda_gazebo'
[1.577s] INFO:colcon.colcon_core.shell:Skip shell extension 'powershell' for command environment: Not usable outside of PowerShell
[1.577s] DEBUG:colcon.colcon_core.shell:Skip shell extension 'dsv' for command environment
[1.590s] DEBUG:colcon.colcon_core.event_handler.log_command:Invoking command in '/home/eating/work/build/timda_bringup': CMAKE_PREFIX_PATH=${CMAKE_PREFIX_PATH}:/home/eating/work/install/pallet_main:/home/eating/work/install/main_control:/home/eating/work/install/gui:/home/eating/work/install/docking_pkg:/opt/ros/humble /usr/bin/cmake --build /home/eating/work/build/timda_bringup -- -j8 -l8
[1.600s] DEBUG:colcon.colcon_core.event_handler.log_command:Invoking command in '/home/eating/work/build/timda_description': CMAKE_PREFIX_PATH=${CMAKE_PREFIX_PATH}:/home/eating/work/install/pallet_main:/home/eating/work/install/main_control:/home/eating/work/install/gui:/home/eating/work/install/docking_pkg:/opt/ros/humble /usr/bin/cmake --build /home/eating/work/build/timda_description -- -j8 -l8
[1.602s] DEBUG:colcon.colcon_core.event_handler.log_command:Invoked command in '/home/eating/work/build/suction_description' returned '0': CMAKE_PREFIX_PATH=${CMAKE_PREFIX_PATH}:/home/eating/work/install/pallet_main:/home/eating/work/install/main_control:/home/eating/work/install/gui:/home/eating/work/install/docking_pkg:/opt/ros/humble /usr/bin/cmake --build /home/eating/work/build/suction_description -- -j8 -l8
[1.603s] DEBUG:colcon.colcon_core.event_handler.log_command:Invoking command in '/home/eating/work/build/suction_description': CMAKE_PREFIX_PATH=${CMAKE_PREFIX_PATH}:/home/eating/work/install/pallet_main:/home/eating/work/install/main_control:/home/eating/work/install/gui:/home/eating/work/install/docking_pkg:/opt/ros/humble /usr/bin/cmake --install /home/eating/work/build/suction_description
[1.604s] DEBUG:colcon.colcon_core.event_handler.log_command:Invoked command in '/home/eating/work/build/timda_body_description' returned '0': CMAKE_PREFIX_PATH=${CMAKE_PREFIX_PATH}:/home/eating/work/install/pallet_main:/home/eating/work/install/main_control:/home/eating/work/install/gui:/home/eating/work/install/docking_pkg:/opt/ros/humble /usr/bin/cmake --build /home/eating/work/build/timda_body_description -- -j8 -l8
[1.605s] DEBUG:colcon.colcon_core.event_handler.log_command:Invoking command in '/home/eating/work/build/timda_body_description': CMAKE_PREFIX_PATH=${CMAKE_PREFIX_PATH}:/home/eating/work/install/pallet_main:/home/eating/work/install/main_control:/home/eating/work/install/gui:/home/eating/work/install/docking_pkg:/opt/ros/humble /usr/bin/cmake --install /home/eating/work/build/timda_body_description
[1.627s] Level 1:colcon.colcon_core.environment:create_environment_scripts_only(suction_description)
[1.628s] Level 1:colcon.colcon_core.environment:checking '/home/eating/work/install/suction_description' for CMake module files
[1.629s] DEBUG:colcon.colcon_core.event_handler.log_command:Invoking command in '/home/eating/work/build/timda_gazebo': CMAKE_PREFIX_PATH=${CMAKE_PREFIX_PATH}:/home/eating/work/install/pallet_main:/home/eating/work/install/main_control:/home/eating/work/install/gui:/home/eating/work/install/docking_pkg:/opt/ros/humble /usr/bin/cmake --build /home/eating/work/build/timda_gazebo -- -j8 -l8
[1.633s] Level 1:colcon.colcon_core.environment:checking '/home/eating/work/install/suction_description' for CMake config files
[1.636s] Level 1:colcon.colcon_core.shell:create_environment_hook('suction_description', 'cmake_prefix_path')
[1.637s] INFO:colcon.colcon_core.shell:Creating environment hook '/home/eating/work/install/suction_description/share/suction_description/hook/cmake_prefix_path.ps1'
[1.638s] INFO:colcon.colcon_core.shell:Creating environment descriptor '/home/eating/work/install/suction_description/share/suction_description/hook/cmake_prefix_path.dsv'
[1.638s] DEBUG:colcon.colcon_core.event_handler.log_command:Invoked command in '/home/eating/work/build/suction_description' returned '0': CMAKE_PREFIX_PATH=${CMAKE_PREFIX_PATH}:/home/eating/work/install/pallet_main:/home/eating/work/install/main_control:/home/eating/work/install/gui:/home/eating/work/install/docking_pkg:/opt/ros/humble /usr/bin/cmake --install /home/eating/work/build/suction_description
[1.639s] INFO:colcon.colcon_core.shell:Creating environment hook '/home/eating/work/install/suction_description/share/suction_description/hook/cmake_prefix_path.sh'
[1.641s] Level 1:colcon.colcon_core.environment:checking '/home/eating/work/install/suction_description/bin'
[1.641s] Level 1:colcon.colcon_core.environment:checking '/home/eating/work/install/suction_description/lib/pkgconfig/suction_description.pc'
[1.641s] Level 1:colcon.colcon_core.environment:checking '/home/eating/work/install/suction_description/lib/python3.10/site-packages'
[1.642s] Level 1:colcon.colcon_core.environment:checking '/home/eating/work/install/suction_description/bin'
[1.642s] INFO:colcon.colcon_core.shell:Creating package script '/home/eating/work/install/suction_description/share/suction_description/package.ps1'
[1.643s] INFO:colcon.colcon_core.shell:Creating package descriptor '/home/eating/work/install/suction_description/share/suction_description/package.dsv'
[1.644s] INFO:colcon.colcon_core.shell:Creating package script '/home/eating/work/install/suction_description/share/suction_description/package.sh'
[1.645s] INFO:colcon.colcon_core.shell:Creating package script '/home/eating/work/install/suction_description/share/suction_description/package.bash'
[1.646s] INFO:colcon.colcon_core.shell:Creating package script '/home/eating/work/install/suction_description/share/suction_description/package.zsh'
[1.647s] Level 1:colcon.colcon_core.environment:create_file_with_runtime_dependencies(/home/eating/work/install/suction_description/share/colcon-core/packages/suction_description)
[1.649s] Level 1:colcon.colcon_core.environment:create_environment_scripts_only(suction_description)
[1.649s] Level 1:colcon.colcon_core.environment:checking '/home/eating/work/install/suction_description' for CMake module files
[1.650s] Level 1:colcon.colcon_core.environment:checking '/home/eating/work/install/suction_description' for CMake config files
[1.651s] Level 1:colcon.colcon_core.shell:create_environment_hook('suction_description', 'cmake_prefix_path')
[1.651s] INFO:colcon.colcon_core.shell:Creating environment hook '/home/eating/work/install/suction_description/share/suction_description/hook/cmake_prefix_path.ps1'
[1.652s] INFO:colcon.colcon_core.shell:Creating environment descriptor '/home/eating/work/install/suction_description/share/suction_description/hook/cmake_prefix_path.dsv'
[1.652s] INFO:colcon.colcon_core.shell:Creating environment hook '/home/eating/work/install/suction_description/share/suction_description/hook/cmake_prefix_path.sh'
[1.653s] Level 1:colcon.colcon_core.environment:checking '/home/eating/work/install/suction_description/bin'
[1.653s] Level 1:colcon.colcon_core.environment:checking '/home/eating/work/install/suction_description/lib/pkgconfig/suction_description.pc'
[1.654s] Level 1:colcon.colcon_core.environment:checking '/home/eating/work/install/suction_description/lib/python3.10/site-packages'
[1.654s] Level 1:colcon.colcon_core.environment:checking '/home/eating/work/install/suction_description/bin'
[1.654s] INFO:colcon.colcon_core.shell:Creating package script '/home/eating/work/install/suction_description/share/suction_description/package.ps1'
[1.655s] INFO:colcon.colcon_core.shell:Creating package descriptor '/home/eating/work/install/suction_description/share/suction_description/package.dsv'
[1.656s] INFO:colcon.colcon_core.shell:Creating package script '/home/eating/work/install/suction_description/share/suction_description/package.sh'
[1.656s] INFO:colcon.colcon_core.shell:Creating package script '/home/eating/work/install/suction_description/share/suction_description/package.bash'
[1.657s] INFO:colcon.colcon_core.shell:Creating package script '/home/eating/work/install/suction_description/share/suction_description/package.zsh'
[1.658s] Level 1:colcon.colcon_core.environment:create_file_with_runtime_dependencies(/home/eating/work/install/suction_description/share/colcon-core/packages/suction_description)
[1.659s] INFO:colcon.colcon_ros.task.ament_python.build:Building ROS package in '/home/eating/work/src/gui/gui' with build type 'ament_python'
[1.659s] Level 1:colcon.colcon_core.shell:create_environment_hook('gui', 'ament_prefix_path')
[1.659s] INFO:colcon.colcon_core.shell:Creating environment hook '/home/eating/work/install/gui/share/gui/hook/ament_prefix_path.ps1'
[1.660s] INFO:colcon.colcon_core.shell:Creating environment descriptor '/home/eating/work/install/gui/share/gui/hook/ament_prefix_path.dsv'
[1.660s] INFO:colcon.colcon_core.shell:Creating environment hook '/home/eating/work/install/gui/share/gui/hook/ament_prefix_path.sh'
[1.661s] INFO:colcon.colcon_core.shell:Skip shell extension 'powershell' for command environment: Not usable outside of PowerShell
[1.661s] DEBUG:colcon.colcon_core.shell:Skip shell extension 'dsv' for command environment
[1.668s] DEBUG:colcon.colcon_core.event_handler.log_command:Invoked command in '/home/eating/work/build/timda_bringup' returned '0': CMAKE_PREFIX_PATH=${CMAKE_PREFIX_PATH}:/home/eating/work/install/pallet_main:/home/eating/work/install/main_control:/home/eating/work/install/gui:/home/eating/work/install/docking_pkg:/opt/ros/humble /usr/bin/cmake --build /home/eating/work/build/timda_bringup -- -j8 -l8
[1.669s] DEBUG:colcon.colcon_core.event_handler.log_command:Invoking command in '/home/eating/work/build/timda_bringup': CMAKE_PREFIX_PATH=${CMAKE_PREFIX_PATH}:/home/eating/work/install/pallet_main:/home/eating/work/install/main_control:/home/eating/work/install/gui:/home/eating/work/install/docking_pkg:/opt/ros/humble /usr/bin/cmake --install /home/eating/work/build/timda_bringup
[1.671s] Level 1:colcon.colcon_core.environment:create_environment_scripts_only(timda_body_description)
[1.671s] DEBUG:colcon.colcon_core.event_handler.log_command:Invoked command in '/home/eating/work/build/timda_body_description' returned '0': CMAKE_PREFIX_PATH=${CMAKE_PREFIX_PATH}:/home/eating/work/install/pallet_main:/home/eating/work/install/main_control:/home/eating/work/install/gui:/home/eating/work/install/docking_pkg:/opt/ros/humble /usr/bin/cmake --install /home/eating/work/build/timda_body_description
[1.672s] Level 1:colcon.colcon_core.environment:checking '/home/eating/work/install/timda_body_description' for CMake module files
[1.672s] Level 1:colcon.colcon_core.environment:checking '/home/eating/work/install/timda_body_description' for CMake config files
[1.672s] Level 1:colcon.colcon_core.shell:create_environment_hook('timda_body_description', 'cmake_prefix_path')
[1.673s] INFO:colcon.colcon_core.shell:Creating environment hook '/home/eating/work/install/timda_body_description/share/timda_body_description/hook/cmake_prefix_path.ps1'
[1.673s] INFO:colcon.colcon_core.shell:Creating environment descriptor '/home/eating/work/install/timda_body_description/share/timda_body_description/hook/cmake_prefix_path.dsv'
[1.673s] INFO:colcon.colcon_core.shell:Creating environment hook '/home/eating/work/install/timda_body_description/share/timda_body_description/hook/cmake_prefix_path.sh'
[1.674s] Level 1:colcon.colcon_core.environment:checking '/home/eating/work/install/timda_body_description/bin'
[1.674s] Level 1:colcon.colcon_core.environment:checking '/home/eating/work/install/timda_body_description/lib/pkgconfig/timda_body_description.pc'
[1.674s] Level 1:colcon.colcon_core.environment:checking '/home/eating/work/install/timda_body_description/lib/python3.10/site-packages'
[1.675s] Level 1:colcon.colcon_core.environment:checking '/home/eating/work/install/timda_body_description/bin'
[1.675s] INFO:colcon.colcon_core.shell:Creating package script '/home/eating/work/install/timda_body_description/share/timda_body_description/package.ps1'
[1.675s] INFO:colcon.colcon_core.shell:Creating package descriptor '/home/eating/work/install/timda_body_description/share/timda_body_description/package.dsv'
[1.676s] INFO:colcon.colcon_core.shell:Creating package script '/home/eating/work/install/timda_body_description/share/timda_body_description/package.sh'
[1.676s] INFO:colcon.colcon_core.shell:Creating package script '/home/eating/work/install/timda_body_description/share/timda_body_description/package.bash'
[1.677s] INFO:colcon.colcon_core.shell:Creating package script '/home/eating/work/install/timda_body_description/share/timda_body_description/package.zsh'
[1.678s] Level 1:colcon.colcon_core.environment:create_file_with_runtime_dependencies(/home/eating/work/install/timda_body_description/share/colcon-core/packages/timda_body_description)
[1.679s] Level 1:colcon.colcon_core.environment:create_environment_scripts_only(timda_body_description)
[1.679s] Level 1:colcon.colcon_core.environment:checking '/home/eating/work/install/timda_body_description' for CMake module files
[1.680s] Level 1:colcon.colcon_core.environment:checking '/home/eating/work/install/timda_body_description' for CMake config files
[1.680s] Level 1:colcon.colcon_core.shell:create_environment_hook('timda_body_description', 'cmake_prefix_path')
[1.681s] INFO:colcon.colcon_core.shell:Creating environment hook '/home/eating/work/install/timda_body_description/share/timda_body_description/hook/cmake_prefix_path.ps1'
[1.681s] INFO:colcon.colcon_core.shell:Creating environment descriptor '/home/eating/work/install/timda_body_description/share/timda_body_description/hook/cmake_prefix_path.dsv'
[1.681s] INFO:colcon.colcon_core.shell:Creating environment hook '/home/eating/work/install/timda_body_description/share/timda_body_description/hook/cmake_prefix_path.sh'
[1.682s] Level 1:colcon.colcon_core.environment:checking '/home/eating/work/install/timda_body_description/bin'
[1.682s] Level 1:colcon.colcon_core.environment:checking '/home/eating/work/install/timda_body_description/lib/pkgconfig/timda_body_description.pc'
[1.682s] Level 1:colcon.colcon_core.environment:checking '/home/eating/work/install/timda_body_description/lib/python3.10/site-packages'
[1.682s] Level 1:colcon.colcon_core.environment:checking '/home/eating/work/install/timda_body_description/bin'
[1.683s] INFO:colcon.colcon_core.shell:Creating package script '/home/eating/work/install/timda_body_description/share/timda_body_description/package.ps1'
[1.683s] INFO:colcon.colcon_core.shell:Creating package descriptor '/home/eating/work/install/timda_body_description/share/timda_body_description/package.dsv'
[1.683s] INFO:colcon.colcon_core.shell:Creating package script '/home/eating/work/install/timda_body_description/share/timda_body_description/package.sh'
[1.684s] INFO:colcon.colcon_core.shell:Creating package script '/home/eating/work/install/timda_body_description/share/timda_body_description/package.bash'
[1.684s] INFO:colcon.colcon_core.shell:Creating package script '/home/eating/work/install/timda_body_description/share/timda_body_description/package.zsh'
[1.684s] Level 1:colcon.colcon_core.environment:create_file_with_runtime_dependencies(/home/eating/work/install/timda_body_description/share/colcon-core/packages/timda_body_description)
[1.685s] Level 1:colcon.colcon_core.environment:create_environment_scripts_only(pallet_interfaces)
[1.685s] Level 1:colcon.colcon_core.environment:checking '/home/eating/work/install/pallet_interfaces' for CMake module files
[1.686s] DEBUG:colcon.colcon_core.event_handler.log_command:Invoked command in '/home/eating/work/build/pallet_interfaces' returned '0': CMAKE_PREFIX_PATH=${CMAKE_PREFIX_PATH}:/home/eating/work/install/pallet_main:/home/eating/work/install/main_control:/home/eating/work/install/gui:/home/eating/work/install/docking_pkg:/opt/ros/humble /usr/bin/cmake --install /home/eating/work/build/pallet_interfaces
[1.686s] Level 1:colcon.colcon_core.environment:checking '/home/eating/work/install/pallet_interfaces' for CMake config files
[1.687s] Level 1:colcon.colcon_core.shell:create_environment_hook('pallet_interfaces', 'cmake_prefix_path')
[1.687s] INFO:colcon.colcon_core.shell:Creating environment hook '/home/eating/work/install/pallet_interfaces/share/pallet_interfaces/hook/cmake_prefix_path.ps1'
[1.687s] INFO:colcon.colcon_core.shell:Creating environment descriptor '/home/eating/work/install/pallet_interfaces/share/pallet_interfaces/hook/cmake_prefix_path.dsv'
[1.688s] INFO:colcon.colcon_core.shell:Creating environment hook '/home/eating/work/install/pallet_interfaces/share/pallet_interfaces/hook/cmake_prefix_path.sh'
[1.688s] Level 1:colcon.colcon_core.environment:checking '/home/eating/work/install/pallet_interfaces/lib'
[1.688s] Level 1:colcon.colcon_core.shell:create_environment_hook('pallet_interfaces', 'ld_library_path_lib')
[1.689s] INFO:colcon.colcon_core.shell:Creating environment hook '/home/eating/work/install/pallet_interfaces/share/pallet_interfaces/hook/ld_library_path_lib.ps1'
[1.689s] INFO:colcon.colcon_core.shell:Creating environment descriptor '/home/eating/work/install/pallet_interfaces/share/pallet_interfaces/hook/ld_library_path_lib.dsv'
[1.689s] INFO:colcon.colcon_core.shell:Creating environment hook '/home/eating/work/install/pallet_interfaces/share/pallet_interfaces/hook/ld_library_path_lib.sh'
[1.690s] Level 1:colcon.colcon_core.environment:checking '/home/eating/work/install/pallet_interfaces/bin'
[1.690s] Level 1:colcon.colcon_core.environment:checking '/home/eating/work/install/pallet_interfaces/lib/pkgconfig/pallet_interfaces.pc'
[1.690s] Level 1:colcon.colcon_core.environment:checking '/home/eating/work/install/pallet_interfaces/lib/python3.10/site-packages'
[1.690s] Level 1:colcon.colcon_core.environment:checking '/home/eating/work/install/pallet_interfaces/bin'
[1.691s] INFO:colcon.colcon_core.shell:Creating package script '/home/eating/work/install/pallet_interfaces/share/pallet_interfaces/package.ps1'
[1.692s] INFO:colcon.colcon_core.shell:Creating package descriptor '/home/eating/work/install/pallet_interfaces/share/pallet_interfaces/package.dsv'
[1.692s] INFO:colcon.colcon_core.shell:Creating package script '/home/eating/work/install/pallet_interfaces/share/pallet_interfaces/package.sh'
[1.693s] INFO:colcon.colcon_core.shell:Creating package script '/home/eating/work/install/pallet_interfaces/share/pallet_interfaces/package.bash'
[1.693s] INFO:colcon.colcon_core.shell:Creating package script '/home/eating/work/install/pallet_interfaces/share/pallet_interfaces/package.zsh'
[1.693s] Level 1:colcon.colcon_core.environment:create_file_with_runtime_dependencies(/home/eating/work/install/pallet_interfaces/share/colcon-core/packages/pallet_interfaces)
[1.694s] Level 1:colcon.colcon_core.environment:create_environment_scripts_only(pallet_interfaces)
[1.694s] Level 1:colcon.colcon_core.environment:checking '/home/eating/work/install/pallet_interfaces' for CMake module files
[1.695s] Level 1:colcon.colcon_core.environment:checking '/home/eating/work/install/pallet_interfaces' for CMake config files
[1.695s] Level 1:colcon.colcon_core.shell:create_environment_hook('pallet_interfaces', 'cmake_prefix_path')
[1.695s] INFO:colcon.colcon_core.shell:Creating environment hook '/home/eating/work/install/pallet_interfaces/share/pallet_interfaces/hook/cmake_prefix_path.ps1'
[1.696s] INFO:colcon.colcon_core.shell:Creating environment descriptor '/home/eating/work/install/pallet_interfaces/share/pallet_interfaces/hook/cmake_prefix_path.dsv'
[1.696s] INFO:colcon.colcon_core.shell:Creating environment hook '/home/eating/work/install/pallet_interfaces/share/pallet_interfaces/hook/cmake_prefix_path.sh'
[1.696s] Level 1:colcon.colcon_core.environment:checking '/home/eating/work/install/pallet_interfaces/lib'
[1.696s] Level 1:colcon.colcon_core.shell:create_environment_hook('pallet_interfaces', 'ld_library_path_lib')
[1.697s] INFO:colcon.colcon_core.shell:Creating environment hook '/home/eating/work/install/pallet_interfaces/share/pallet_interfaces/hook/ld_library_path_lib.ps1'
[1.697s] INFO:colcon.colcon_core.shell:Creating environment descriptor '/home/eating/work/install/pallet_interfaces/share/pallet_interfaces/hook/ld_library_path_lib.dsv'
[1.697s] INFO:colcon.colcon_core.shell:Creating environment hook '/home/eating/work/install/pallet_interfaces/share/pallet_interfaces/hook/ld_library_path_lib.sh'
[1.697s] Level 1:colcon.colcon_core.environment:checking '/home/eating/work/install/pallet_interfaces/bin'
[1.698s] Level 1:colcon.colcon_core.environment:checking '/home/eating/work/install/pallet_interfaces/lib/pkgconfig/pallet_interfaces.pc'
[1.698s] Level 1:colcon.colcon_core.environment:checking '/home/eating/work/install/pallet_interfaces/lib/python3.10/site-packages'
[1.698s] Level 1:colcon.colcon_core.environment:checking '/home/eating/work/install/pallet_interfaces/bin'
[1.698s] INFO:colcon.colcon_core.shell:Creating package script '/home/eating/work/install/pallet_interfaces/share/pallet_interfaces/package.ps1'
[1.699s] INFO:colcon.colcon_core.shell:Creating package descriptor '/home/eating/work/install/pallet_interfaces/share/pallet_interfaces/package.dsv'
[1.699s] INFO:colcon.colcon_core.shell:Creating package script '/home/eating/work/install/pallet_interfaces/share/pallet_interfaces/package.sh'
[1.699s] INFO:colcon.colcon_core.shell:Creating package script '/home/eating/work/install/pallet_interfaces/share/pallet_interfaces/package.bash'
[1.700s] INFO:colcon.colcon_core.shell:Creating package script '/home/eating/work/install/pallet_interfaces/share/pallet_interfaces/package.zsh'
[1.700s] Level 1:colcon.colcon_core.environment:create_file_with_runtime_dependencies(/home/eating/work/install/pallet_interfaces/share/colcon-core/packages/pallet_interfaces)
[1.701s] DEBUG:colcon.colcon_core.event_handler.log_command:Invoked command in '/home/eating/work/build/timda_description' returned '0': CMAKE_PREFIX_PATH=${CMAKE_PREFIX_PATH}:/home/eating/work/install/pallet_main:/home/eating/work/install/main_control:/home/eating/work/install/gui:/home/eating/work/install/docking_pkg:/opt/ros/humble /usr/bin/cmake --build /home/eating/work/build/timda_description -- -j8 -l8
[1.702s] DEBUG:colcon.colcon_core.event_handler.log_command:Invoking command in '/home/eating/work/build/timda_description': CMAKE_PREFIX_PATH=${CMAKE_PREFIX_PATH}:/home/eating/work/install/pallet_main:/home/eating/work/install/main_control:/home/eating/work/install/gui:/home/eating/work/install/docking_pkg:/opt/ros/humble /usr/bin/cmake --install /home/eating/work/build/timda_description
[1.703s] INFO:colcon.colcon_ros.task.ament_python.build:Building ROS package in '/home/eating/work/src/main_control/main_control' with build type 'ament_python'
[1.703s] Level 1:colcon.colcon_core.shell:create_environment_hook('main_control', 'ament_prefix_path')
[1.703s] INFO:colcon.colcon_core.shell:Creating environment hook '/home/eating/work/install/main_control/share/main_control/hook/ament_prefix_path.ps1'
[1.703s] INFO:colcon.colcon_core.shell:Creating environment descriptor '/home/eating/work/install/main_control/share/main_control/hook/ament_prefix_path.dsv'
[1.704s] INFO:colcon.colcon_core.shell:Creating environment hook '/home/eating/work/install/main_control/share/main_control/hook/ament_prefix_path.sh'
[1.704s] INFO:colcon.colcon_core.shell:Skip shell extension 'powershell' for command environment: Not usable outside of PowerShell
[1.704s] DEBUG:colcon.colcon_core.shell:Skip shell extension 'dsv' for command environment
[1.708s] INFO:colcon.colcon_ros.task.ament_cmake.build:Building ROS package in '/home/eating/work/src/docking/realsense-ros/realsense2_camera' with build type 'ament_cmake'
[1.708s] INFO:colcon.colcon_cmake.task.cmake.build:Building CMake package in '/home/eating/work/src/docking/realsense-ros/realsense2_camera'
[1.709s] INFO:colcon.colcon_core.shell:Skip shell extension 'powershell' for command environment: Not usable outside of PowerShell
[1.709s] DEBUG:colcon.colcon_core.shell:Skip shell extension 'dsv' for command environment
[1.715s] DEBUG:colcon.colcon_core.event_handler.log_command:Invoked command in '/home/eating/work/build/timda_gazebo' returned '0': CMAKE_PREFIX_PATH=${CMAKE_PREFIX_PATH}:/home/eating/work/install/pallet_main:/home/eating/work/install/main_control:/home/eating/work/install/gui:/home/eating/work/install/docking_pkg:/opt/ros/humble /usr/bin/cmake --build /home/eating/work/build/timda_gazebo -- -j8 -l8
[1.717s] DEBUG:colcon.colcon_core.event_handler.log_command:Invoking command in '/home/eating/work/build/timda_gazebo': CMAKE_PREFIX_PATH=${CMAKE_PREFIX_PATH}:/home/eating/work/install/pallet_main:/home/eating/work/install/main_control:/home/eating/work/install/gui:/home/eating/work/install/docking_pkg:/opt/ros/humble /usr/bin/cmake --install /home/eating/work/build/timda_gazebo
[1.719s] Level 1:colcon.colcon_core.environment:create_environment_scripts_only(timda_bringup)
[1.720s] Level 1:colcon.colcon_core.environment:checking '/home/eating/work/install/timda_bringup' for CMake module files
[1.722s] DEBUG:colcon.colcon_core.event_handler.log_command:Invoked command in '/home/eating/work/build/timda_bringup' returned '0': CMAKE_PREFIX_PATH=${CMAKE_PREFIX_PATH}:/home/eating/work/install/pallet_main:/home/eating/work/install/main_control:/home/eating/work/install/gui:/home/eating/work/install/docking_pkg:/opt/ros/humble /usr/bin/cmake --install /home/eating/work/build/timda_bringup
[1.723s] Level 1:colcon.colcon_core.environment:checking '/home/eating/work/install/timda_bringup' for CMake config files
[1.723s] Level 1:colcon.colcon_core.shell:create_environment_hook('timda_bringup', 'cmake_prefix_path')
[1.723s] INFO:colcon.colcon_core.shell:Creating environment hook '/home/eating/work/install/timda_bringup/share/timda_bringup/hook/cmake_prefix_path.ps1'
[1.724s] INFO:colcon.colcon_core.shell:Creating environment descriptor '/home/eating/work/install/timda_bringup/share/timda_bringup/hook/cmake_prefix_path.dsv'
[1.724s] INFO:colcon.colcon_core.shell:Creating environment hook '/home/eating/work/install/timda_bringup/share/timda_bringup/hook/cmake_prefix_path.sh'
[1.726s] Level 1:colcon.colcon_core.environment:checking '/home/eating/work/install/timda_bringup/bin'
[1.726s] Level 1:colcon.colcon_core.environment:checking '/home/eating/work/install/timda_bringup/lib/pkgconfig/timda_bringup.pc'
[1.727s] Level 1:colcon.colcon_core.environment:checking '/home/eating/work/install/timda_bringup/lib/python3.10/site-packages'
[1.727s] Level 1:colcon.colcon_core.environment:checking '/home/eating/work/install/timda_bringup/bin'
[1.728s] INFO:colcon.colcon_core.shell:Creating package script '/home/eating/work/install/timda_bringup/share/timda_bringup/package.ps1'
[1.728s] INFO:colcon.colcon_core.shell:Creating package descriptor '/home/eating/work/install/timda_bringup/share/timda_bringup/package.dsv'
[1.729s] INFO:colcon.colcon_core.shell:Creating package script '/home/eating/work/install/timda_bringup/share/timda_bringup/package.sh'
[1.729s] INFO:colcon.colcon_core.shell:Creating package script '/home/eating/work/install/timda_bringup/share/timda_bringup/package.bash'
[1.729s] INFO:colcon.colcon_core.shell:Creating package script '/home/eating/work/install/timda_bringup/share/timda_bringup/package.zsh'
[1.730s] Level 1:colcon.colcon_core.environment:create_file_with_runtime_dependencies(/home/eating/work/install/timda_bringup/share/colcon-core/packages/timda_bringup)
[1.730s] Level 1:colcon.colcon_core.environment:create_environment_scripts_only(timda_bringup)
[1.730s] Level 1:colcon.colcon_core.environment:checking '/home/eating/work/install/timda_bringup' for CMake module files
[1.731s] Level 1:colcon.colcon_core.environment:checking '/home/eating/work/install/timda_bringup' for CMake config files
[1.731s] Level 1:colcon.colcon_core.shell:create_environment_hook('timda_bringup', 'cmake_prefix_path')
[1.731s] INFO:colcon.colcon_core.shell:Creating environment hook '/home/eating/work/install/timda_bringup/share/timda_bringup/hook/cmake_prefix_path.ps1'
[1.731s] INFO:colcon.colcon_core.shell:Creating environment descriptor '/home/eating/work/install/timda_bringup/share/timda_bringup/hook/cmake_prefix_path.dsv'
[1.732s] INFO:colcon.colcon_core.shell:Creating environment hook '/home/eating/work/install/timda_bringup/share/timda_bringup/hook/cmake_prefix_path.sh'
[1.732s] Level 1:colcon.colcon_core.environment:checking '/home/eating/work/install/timda_bringup/bin'
[1.732s] Level 1:colcon.colcon_core.environment:checking '/home/eating/work/install/timda_bringup/lib/pkgconfig/timda_bringup.pc'
[1.732s] Level 1:colcon.colcon_core.environment:checking '/home/eating/work/install/timda_bringup/lib/python3.10/site-packages'
[1.733s] Level 1:colcon.colcon_core.environment:checking '/home/eating/work/install/timda_bringup/bin'
[1.733s] INFO:colcon.colcon_core.shell:Creating package script '/home/eating/work/install/timda_bringup/share/timda_bringup/package.ps1'
[1.733s] INFO:colcon.colcon_core.shell:Creating package descriptor '/home/eating/work/install/timda_bringup/share/timda_bringup/package.dsv'
[1.734s] INFO:colcon.colcon_core.shell:Creating package script '/home/eating/work/install/timda_bringup/share/timda_bringup/package.sh'
[1.734s] INFO:colcon.colcon_core.shell:Creating package script '/home/eating/work/install/timda_bringup/share/timda_bringup/package.bash'
[1.734s] INFO:colcon.colcon_core.shell:Creating package script '/home/eating/work/install/timda_bringup/share/timda_bringup/package.zsh'
[1.735s] Level 1:colcon.colcon_core.environment:create_file_with_runtime_dependencies(/home/eating/work/install/timda_bringup/share/colcon-core/packages/timda_bringup)
[2.010s] INFO:colcon.colcon_core.task.python.build:Building Python package in '/home/eating/work/src/gui/gui'
[2.010s] INFO:colcon.colcon_core.shell:Skip shell extension 'powershell' for command environment: Not usable outside of PowerShell
[2.011s] DEBUG:colcon.colcon_core.shell:Skip shell extension 'dsv' for command environment
[2.016s] INFO:colcon.colcon_ros.task.ament_cmake.build:Building ROS package in '/home/eating/work/src/docking/realsense-ros/realsense2_description' with build type 'ament_cmake'
[2.016s] INFO:colcon.colcon_cmake.task.cmake.build:Building CMake package in '/home/eating/work/src/docking/realsense-ros/realsense2_description'
[2.016s] INFO:colcon.colcon_core.shell:Skip shell extension 'powershell' for command environment: Not usable outside of PowerShell
[2.016s] DEBUG:colcon.colcon_core.shell:Skip shell extension 'dsv' for command environment
[2.021s] Level 1:colcon.colcon_core.environment:create_environment_scripts_only(timda_description)
[2.022s] Level 1:colcon.colcon_core.environment:checking '/home/eating/work/install/timda_description' for CMake module files
[2.022s] DEBUG:colcon.colcon_core.event_handler.log_command:Invoked command in '/home/eating/work/build/timda_description' returned '0': CMAKE_PREFIX_PATH=${CMAKE_PREFIX_PATH}:/home/eating/work/install/pallet_main:/home/eating/work/install/main_control:/home/eating/work/install/gui:/home/eating/work/install/docking_pkg:/opt/ros/humble /usr/bin/cmake --install /home/eating/work/build/timda_description
[2.022s] Level 1:colcon.colcon_core.environment:checking '/home/eating/work/install/timda_description' for CMake config files
[2.023s] Level 1:colcon.colcon_core.shell:create_environment_hook('timda_description', 'cmake_prefix_path')
[2.023s] INFO:colcon.colcon_core.shell:Creating environment hook '/home/eating/work/install/timda_description/share/timda_description/hook/cmake_prefix_path.ps1'
[2.023s] INFO:colcon.colcon_core.shell:Creating environment descriptor '/home/eating/work/install/timda_description/share/timda_description/hook/cmake_prefix_path.dsv'
[2.024s] INFO:colcon.colcon_core.shell:Creating environment hook '/home/eating/work/install/timda_description/share/timda_description/hook/cmake_prefix_path.sh'
[2.024s] Level 1:colcon.colcon_core.environment:checking '/home/eating/work/install/timda_description/bin'
[2.024s] Level 1:colcon.colcon_core.environment:checking '/home/eating/work/install/timda_description/lib/pkgconfig/timda_description.pc'
[2.025s] Level 1:colcon.colcon_core.environment:checking '/home/eating/work/install/timda_description/lib/python3.10/site-packages'
[2.025s] Level 1:colcon.colcon_core.environment:checking '/home/eating/work/install/timda_description/bin'
[2.025s] INFO:colcon.colcon_core.shell:Creating package script '/home/eating/work/install/timda_description/share/timda_description/package.ps1'
[2.025s] INFO:colcon.colcon_core.shell:Creating package descriptor '/home/eating/work/install/timda_description/share/timda_description/package.dsv'
[2.026s] INFO:colcon.colcon_core.shell:Creating package script '/home/eating/work/install/timda_description/share/timda_description/package.sh'
[2.026s] INFO:colcon.colcon_core.shell:Creating package script '/home/eating/work/install/timda_description/share/timda_description/package.bash'
[2.026s] INFO:colcon.colcon_core.shell:Creating package script '/home/eating/work/install/timda_description/share/timda_description/package.zsh'
[2.027s] Level 1:colcon.colcon_core.environment:create_file_with_runtime_dependencies(/home/eating/work/install/timda_description/share/colcon-core/packages/timda_description)
[2.027s] Level 1:colcon.colcon_core.environment:create_environment_scripts_only(timda_description)
[2.027s] Level 1:colcon.colcon_core.environment:checking '/home/eating/work/install/timda_description' for CMake module files
[2.028s] Level 1:colcon.colcon_core.environment:checking '/home/eating/work/install/timda_description' for CMake config files
[2.028s] Level 1:colcon.colcon_core.shell:create_environment_hook('timda_description', 'cmake_prefix_path')
[2.028s] INFO:colcon.colcon_core.shell:Creating environment hook '/home/eating/work/install/timda_description/share/timda_description/hook/cmake_prefix_path.ps1'
[2.028s] INFO:colcon.colcon_core.shell:Creating environment descriptor '/home/eating/work/install/timda_description/share/timda_description/hook/cmake_prefix_path.dsv'
[2.029s] INFO:colcon.colcon_core.shell:Creating environment hook '/home/eating/work/install/timda_description/share/timda_description/hook/cmake_prefix_path.sh'
[2.029s] Level 1:colcon.colcon_core.environment:checking '/home/eating/work/install/timda_description/bin'
[2.029s] Level 1:colcon.colcon_core.environment:checking '/home/eating/work/install/timda_description/lib/pkgconfig/timda_description.pc'
[2.029s] Level 1:colcon.colcon_core.environment:checking '/home/eating/work/install/timda_description/lib/python3.10/site-packages'
[2.030s] Level 1:colcon.colcon_core.environment:checking '/home/eating/work/install/timda_description/bin'
[2.030s] INFO:colcon.colcon_core.shell:Creating package script '/home/eating/work/install/timda_description/share/timda_description/package.ps1'
[2.030s] INFO:colcon.colcon_core.shell:Creating package descriptor '/home/eating/work/install/timda_description/share/timda_description/package.dsv'
[2.031s] INFO:colcon.colcon_core.shell:Creating package script '/home/eating/work/install/timda_description/share/timda_description/package.sh'
[2.031s] INFO:colcon.colcon_core.shell:Creating package script '/home/eating/work/install/timda_description/share/timda_description/package.bash'
[2.031s] INFO:colcon.colcon_core.shell:Creating package script '/home/eating/work/install/timda_description/share/timda_description/package.zsh'
[2.032s] Level 1:colcon.colcon_core.environment:create_file_with_runtime_dependencies(/home/eating/work/install/timda_description/share/colcon-core/packages/timda_description)
[2.290s] INFO:colcon.colcon_core.task.python.build:Building Python package in '/home/eating/work/src/main_control/main_control'
[2.290s] INFO:colcon.colcon_core.shell:Skip shell extension 'powershell' for command environment: Not usable outside of PowerShell
[2.290s] DEBUG:colcon.colcon_core.shell:Skip shell extension 'dsv' for command environment
[2.298s] Level 1:colcon.colcon_core.environment:checking '/home/eating/work/install/docking_pkg' for CMake module files
[2.298s] DEBUG:colcon.colcon_core.event_handler.log_command:Invoking command in '/home/eating/work/build/realsense2_camera': CMAKE_PREFIX_PATH=/home/eating/work/install/realsense2_camera_msgs:/home/eating/work/install/timda_gazebo:/home/eating/work/install/timda_description:/home/eating/work/install/timda_bringup:/home/eating/work/install/timda_body_description:/home/eating/work/install/suction_description:/home/eating/work/install/robot_arm_description:/home/eating/work/install/realsense2_description:/home/eating/work/install/realsense2_camera:/home/eating/work/install/pallet_interfaces:/home/eating/work/install/mobile_description:/home/eating/work/install/mecanum:/home/eating/work/install/linear_move:/home/eating/work/install/keyboard_control:/home/eating/work/install/ira_laser_tools:/home/eating/work/install/interface:/home/eating/work/install/gui_interface:/home/eating/work/install/docking_interface:/home/eating/work/install/pallet_main:/home/eating/work/install/main_control:/home/eating/work/install/gui:/home/eating/work/install/docking_pkg:/opt/ros/humble LD_LIBRARY_PATH=/home/eating/work/install/realsense2_camera_msgs/lib:/home/eating/work/install/realsense2_camera/lib:/home/eating/work/install/pallet_interfaces/lib:/home/eating/work/install/interface/lib:/home/eating/work/install/gui_interface/lib:/home/eating/work/install/docking_interface/lib:/opt/ros/humble/opt/rviz_ogre_vendor/lib:/opt/ros/humble/lib/x86_64-linux-gnu:/opt/ros/humble/lib /usr/bin/cmake --build /home/eating/work/build/realsense2_camera -- -j8 -l8
[2.298s] DEBUG:colcon.colcon_core.event_handler.log_command:Invoked command in '/home/eating/work/src/docking/docking_pkg' returned '0': PYTHONPATH=/home/eating/work/build/docking_pkg/prefix_override:/usr/lib/python3/dist-packages/colcon_core/task/python/colcon_distutils_commands:/home/eating/work/install/docking_pkg/lib/python3.10/site-packages:${PYTHONPATH} /usr/bin/python3 -W ignore:setup.py install is deprecated -W ignore:easy_install command is deprecated setup.py egg_info --egg-base ../../../build/docking_pkg build --build-base /home/eating/work/build/docking_pkg/build install --record /home/eating/work/build/docking_pkg/install.log --single-version-externally-managed install_data
[2.299s] Level 1:colcon.colcon_core.environment:checking '/home/eating/work/install/docking_pkg' for CMake config files
[2.299s] Level 1:colcon.colcon_core.environment:checking '/home/eating/work/install/docking_pkg/lib'
[2.300s] Level 1:colcon.colcon_core.environment:checking '/home/eating/work/install/docking_pkg/bin'
[2.300s] Level 1:colcon.colcon_core.environment:checking '/home/eating/work/install/docking_pkg/lib/pkgconfig/docking_pkg.pc'
[2.300s] Level 1:colcon.colcon_core.environment:checking '/home/eating/work/install/docking_pkg/lib/python3.10/site-packages'
[2.300s] Level 1:colcon.colcon_core.shell:create_environment_hook('docking_pkg', 'pythonpath')
[2.300s] INFO:colcon.colcon_core.shell:Creating environment hook '/home/eating/work/install/docking_pkg/share/docking_pkg/hook/pythonpath.ps1'
[2.301s] INFO:colcon.colcon_core.shell:Creating environment descriptor '/home/eating/work/install/docking_pkg/share/docking_pkg/hook/pythonpath.dsv'
[2.301s] INFO:colcon.colcon_core.shell:Creating environment hook '/home/eating/work/install/docking_pkg/share/docking_pkg/hook/pythonpath.sh'
[2.302s] Level 1:colcon.colcon_core.environment:checking '/home/eating/work/install/docking_pkg/bin'
[2.302s] Level 1:colcon.colcon_core.environment:create_environment_scripts_only(docking_pkg)
[2.302s] INFO:colcon.colcon_core.shell:Creating package script '/home/eating/work/install/docking_pkg/share/docking_pkg/package.ps1'
[2.303s] INFO:colcon.colcon_core.shell:Creating package descriptor '/home/eating/work/install/docking_pkg/share/docking_pkg/package.dsv'
[2.303s] INFO:colcon.colcon_core.shell:Creating package script '/home/eating/work/install/docking_pkg/share/docking_pkg/package.sh'
[2.304s] INFO:colcon.colcon_core.shell:Creating package script '/home/eating/work/install/docking_pkg/share/docking_pkg/package.bash'
[2.304s] INFO:colcon.colcon_core.shell:Creating package script '/home/eating/work/install/docking_pkg/share/docking_pkg/package.zsh'
[2.304s] Level 1:colcon.colcon_core.environment:create_file_with_runtime_dependencies(/home/eating/work/install/docking_pkg/share/colcon-core/packages/docking_pkg)
[2.304s] Level 1:colcon.colcon_core.environment:create_environment_scripts_only(timda_gazebo)
[2.305s] Level 1:colcon.colcon_core.environment:checking '/home/eating/work/install/timda_gazebo' for CMake module files
[2.305s] DEBUG:colcon.colcon_core.event_handler.log_command:Invoked command in '/home/eating/work/build/timda_gazebo' returned '0': CMAKE_PREFIX_PATH=${CMAKE_PREFIX_PATH}:/home/eating/work/install/pallet_main:/home/eating/work/install/main_control:/home/eating/work/install/gui:/home/eating/work/install/docking_pkg:/opt/ros/humble /usr/bin/cmake --install /home/eating/work/build/timda_gazebo
[2.305s] Level 1:colcon.colcon_core.environment:checking '/home/eating/work/install/timda_gazebo' for CMake config files
[2.306s] Level 1:colcon.colcon_core.shell:create_environment_hook('timda_gazebo', 'cmake_prefix_path')
[2.306s] INFO:colcon.colcon_core.shell:Creating environment hook '/home/eating/work/install/timda_gazebo/share/timda_gazebo/hook/cmake_prefix_path.ps1'
[2.306s] INFO:colcon.colcon_core.shell:Creating environment descriptor '/home/eating/work/install/timda_gazebo/share/timda_gazebo/hook/cmake_prefix_path.dsv'
[2.306s] INFO:colcon.colcon_core.shell:Creating environment hook '/home/eating/work/install/timda_gazebo/share/timda_gazebo/hook/cmake_prefix_path.sh'
[2.307s] Level 1:colcon.colcon_core.environment:checking '/home/eating/work/install/timda_gazebo/bin'
[2.307s] Level 1:colcon.colcon_core.environment:checking '/home/eating/work/install/timda_gazebo/lib/pkgconfig/timda_gazebo.pc'
[2.307s] Level 1:colcon.colcon_core.environment:checking '/home/eating/work/install/timda_gazebo/lib/python3.10/site-packages'
[2.307s] Level 1:colcon.colcon_core.environment:checking '/home/eating/work/install/timda_gazebo/bin'
[2.308s] INFO:colcon.colcon_core.shell:Creating package script '/home/eating/work/install/timda_gazebo/share/timda_gazebo/package.ps1'
[2.308s] INFO:colcon.colcon_core.shell:Creating package descriptor '/home/eating/work/install/timda_gazebo/share/timda_gazebo/package.dsv'
[2.308s] INFO:colcon.colcon_core.shell:Creating package script '/home/eating/work/install/timda_gazebo/share/timda_gazebo/package.sh'
[2.309s] INFO:colcon.colcon_core.shell:Creating package script '/home/eating/work/install/timda_gazebo/share/timda_gazebo/package.bash'
[2.309s] INFO:colcon.colcon_core.shell:Creating package script '/home/eating/work/install/timda_gazebo/share/timda_gazebo/package.zsh'
[2.309s] Level 1:colcon.colcon_core.environment:create_file_with_runtime_dependencies(/home/eating/work/install/timda_gazebo/share/colcon-core/packages/timda_gazebo)
[2.310s] Level 1:colcon.colcon_core.environment:create_environment_scripts_only(timda_gazebo)
[2.310s] Level 1:colcon.colcon_core.environment:checking '/home/eating/work/install/timda_gazebo' for CMake module files
[2.310s] Level 1:colcon.colcon_core.environment:checking '/home/eating/work/install/timda_gazebo' for CMake config files
[2.311s] Level 1:colcon.colcon_core.shell:create_environment_hook('timda_gazebo', 'cmake_prefix_path')
[2.311s] INFO:colcon.colcon_core.shell:Creating environment hook '/home/eating/work/install/timda_gazebo/share/timda_gazebo/hook/cmake_prefix_path.ps1'
[2.311s] INFO:colcon.colcon_core.shell:Creating environment descriptor '/home/eating/work/install/timda_gazebo/share/timda_gazebo/hook/cmake_prefix_path.dsv'
[2.311s] INFO:colcon.colcon_core.shell:Creating environment hook '/home/eating/work/install/timda_gazebo/share/timda_gazebo/hook/cmake_prefix_path.sh'
[2.312s] Level 1:colcon.colcon_core.environment:checking '/home/eating/work/install/timda_gazebo/bin'
[2.312s] Level 1:colcon.colcon_core.environment:checking '/home/eating/work/install/timda_gazebo/lib/pkgconfig/timda_gazebo.pc'
[2.312s] Level 1:colcon.colcon_core.environment:checking '/home/eating/work/install/timda_gazebo/lib/python3.10/site-packages'
[2.312s] Level 1:colcon.colcon_core.environment:checking '/home/eating/work/install/timda_gazebo/bin'
[2.313s] INFO:colcon.colcon_core.shell:Creating package script '/home/eating/work/install/timda_gazebo/share/timda_gazebo/package.ps1'
[2.313s] INFO:colcon.colcon_core.shell:Creating package descriptor '/home/eating/work/install/timda_gazebo/share/timda_gazebo/package.dsv'
[2.313s] INFO:colcon.colcon_core.shell:Creating package script '/home/eating/work/install/timda_gazebo/share/timda_gazebo/package.sh'
[2.314s] INFO:colcon.colcon_core.shell:Creating package script '/home/eating/work/install/timda_gazebo/share/timda_gazebo/package.bash'
[2.314s] INFO:colcon.colcon_core.shell:Creating package script '/home/eating/work/install/timda_gazebo/share/timda_gazebo/package.zsh'
[2.315s] Level 1:colcon.colcon_core.environment:create_file_with_runtime_dependencies(/home/eating/work/install/timda_gazebo/share/colcon-core/packages/timda_gazebo)
[2.318s] DEBUG:colcon.colcon_core.event_handler.log_command:Invoking command in '/home/eating/work/src/pallet/pallet_main': PYTHONPATH=/home/eating/work/build/pallet_main/prefix_override:/usr/lib/python3/dist-packages/colcon_core/task/python/colcon_distutils_commands:/home/eating/work/install/pallet_main/lib/python3.10/site-packages:${PYTHONPATH} /usr/bin/python3 -W ignore:setup.py install is deprecated -W ignore:easy_install command is deprecated setup.py egg_info --egg-base ../../../build/pallet_main build --build-base /home/eating/work/build/pallet_main/build install --record /home/eating/work/build/pallet_main/install.log --single-version-externally-managed install_data
[2.324s] DEBUG:colcon.colcon_core.event_handler.log_command:Invoking command in '/home/eating/work/build/realsense2_description': CMAKE_PREFIX_PATH=/home/eating/work/install/realsense2_camera_msgs:/home/eating/work/install/timda_gazebo:/home/eating/work/install/timda_description:/home/eating/work/install/timda_bringup:/home/eating/work/install/timda_body_description:/home/eating/work/install/suction_description:/home/eating/work/install/robot_arm_description:/home/eating/work/install/realsense2_description:/home/eating/work/install/realsense2_camera:/home/eating/work/install/pallet_interfaces:/home/eating/work/install/mobile_description:/home/eating/work/install/mecanum:/home/eating/work/install/linear_move:/home/eating/work/install/keyboard_control:/home/eating/work/install/ira_laser_tools:/home/eating/work/install/interface:/home/eating/work/install/gui_interface:/home/eating/work/install/docking_interface:/home/eating/work/install/pallet_main:/home/eating/work/install/main_control:/home/eating/work/install/gui:/home/eating/work/install/docking_pkg:/opt/ros/humble LD_LIBRARY_PATH=/home/eating/work/install/realsense2_camera_msgs/lib:/home/eating/work/install/realsense2_camera/lib:/home/eating/work/install/pallet_interfaces/lib:/home/eating/work/install/interface/lib:/home/eating/work/install/gui_interface/lib:/home/eating/work/install/docking_interface/lib:/opt/ros/humble/opt/rviz_ogre_vendor/lib:/opt/ros/humble/lib/x86_64-linux-gnu:/opt/ros/humble/lib /usr/bin/cmake --build /home/eating/work/build/realsense2_description -- -j8 -l8
[2.372s] DEBUG:colcon.colcon_core.event_handler.log_command:Invoked command in '/home/eating/work/build/realsense2_description' returned '0': CMAKE_PREFIX_PATH=/home/eating/work/install/realsense2_camera_msgs:/home/eating/work/install/timda_gazebo:/home/eating/work/install/timda_description:/home/eating/work/install/timda_bringup:/home/eating/work/install/timda_body_description:/home/eating/work/install/suction_description:/home/eating/work/install/robot_arm_description:/home/eating/work/install/realsense2_description:/home/eating/work/install/realsense2_camera:/home/eating/work/install/pallet_interfaces:/home/eating/work/install/mobile_description:/home/eating/work/install/mecanum:/home/eating/work/install/linear_move:/home/eating/work/install/keyboard_control:/home/eating/work/install/ira_laser_tools:/home/eating/work/install/interface:/home/eating/work/install/gui_interface:/home/eating/work/install/docking_interface:/home/eating/work/install/pallet_main:/home/eating/work/install/main_control:/home/eating/work/install/gui:/home/eating/work/install/docking_pkg:/opt/ros/humble LD_LIBRARY_PATH=/home/eating/work/install/realsense2_camera_msgs/lib:/home/eating/work/install/realsense2_camera/lib:/home/eating/work/install/pallet_interfaces/lib:/home/eating/work/install/interface/lib:/home/eating/work/install/gui_interface/lib:/home/eating/work/install/docking_interface/lib:/opt/ros/humble/opt/rviz_ogre_vendor/lib:/opt/ros/humble/lib/x86_64-linux-gnu:/opt/ros/humble/lib /usr/bin/cmake --build /home/eating/work/build/realsense2_description -- -j8 -l8
[2.372s] DEBUG:colcon.colcon_core.event_handler.log_command:Invoking command in '/home/eating/work/build/realsense2_description': CMAKE_PREFIX_PATH=/home/eating/work/install/realsense2_camera_msgs:/home/eating/work/install/timda_gazebo:/home/eating/work/install/timda_description:/home/eating/work/install/timda_bringup:/home/eating/work/install/timda_body_description:/home/eating/work/install/suction_description:/home/eating/work/install/robot_arm_description:/home/eating/work/install/realsense2_description:/home/eating/work/install/realsense2_camera:/home/eating/work/install/pallet_interfaces:/home/eating/work/install/mobile_description:/home/eating/work/install/mecanum:/home/eating/work/install/linear_move:/home/eating/work/install/keyboard_control:/home/eating/work/install/ira_laser_tools:/home/eating/work/install/interface:/home/eating/work/install/gui_interface:/home/eating/work/install/docking_interface:/home/eating/work/install/pallet_main:/home/eating/work/install/main_control:/home/eating/work/install/gui:/home/eating/work/install/docking_pkg:/opt/ros/humble LD_LIBRARY_PATH=/home/eating/work/install/realsense2_camera_msgs/lib:/home/eating/work/install/realsense2_camera/lib:/home/eating/work/install/pallet_interfaces/lib:/home/eating/work/install/interface/lib:/home/eating/work/install/gui_interface/lib:/home/eating/work/install/docking_interface/lib:/opt/ros/humble/opt/rviz_ogre_vendor/lib:/opt/ros/humble/lib/x86_64-linux-gnu:/opt/ros/humble/lib /usr/bin/cmake --install /home/eating/work/build/realsense2_description
[2.383s] Level 1:colcon.colcon_core.environment:create_environment_scripts_only(realsense2_description)
[2.384s] Level 1:colcon.colcon_core.environment:checking '/home/eating/work/install/realsense2_description' for CMake module files
[2.385s] Level 1:colcon.colcon_core.environment:checking '/home/eating/work/install/realsense2_description' for CMake config files
[2.387s] Level 1:colcon.colcon_core.shell:create_environment_hook('realsense2_description', 'cmake_prefix_path')
[2.387s] INFO:colcon.colcon_core.shell:Creating environment hook '/home/eating/work/install/realsense2_description/share/realsense2_description/hook/cmake_prefix_path.ps1'
[2.387s] DEBUG:colcon.colcon_core.event_handler.log_command:Invoked command in '/home/eating/work/build/realsense2_description' returned '0': CMAKE_PREFIX_PATH=/home/eating/work/install/realsense2_camera_msgs:/home/eating/work/install/timda_gazebo:/home/eating/work/install/timda_description:/home/eating/work/install/timda_bringup:/home/eating/work/install/timda_body_description:/home/eating/work/install/suction_description:/home/eating/work/install/robot_arm_description:/home/eating/work/install/realsense2_description:/home/eating/work/install/realsense2_camera:/home/eating/work/install/pallet_interfaces:/home/eating/work/install/mobile_description:/home/eating/work/install/mecanum:/home/eating/work/install/linear_move:/home/eating/work/install/keyboard_control:/home/eating/work/install/ira_laser_tools:/home/eating/work/install/interface:/home/eating/work/install/gui_interface:/home/eating/work/install/docking_interface:/home/eating/work/install/pallet_main:/home/eating/work/install/main_control:/home/eating/work/install/gui:/home/eating/work/install/docking_pkg:/opt/ros/humble LD_LIBRARY_PATH=/home/eating/work/install/realsense2_camera_msgs/lib:/home/eating/work/install/realsense2_camera/lib:/home/eating/work/install/pallet_interfaces/lib:/home/eating/work/install/interface/lib:/home/eating/work/install/gui_interface/lib:/home/eating/work/install/docking_interface/lib:/opt/ros/humble/opt/rviz_ogre_vendor/lib:/opt/ros/humble/lib/x86_64-linux-gnu:/opt/ros/humble/lib /usr/bin/cmake --install /home/eating/work/build/realsense2_description
[2.388s] INFO:colcon.colcon_core.shell:Creating environment descriptor '/home/eating/work/install/realsense2_description/share/realsense2_description/hook/cmake_prefix_path.dsv'
[2.388s] INFO:colcon.colcon_core.shell:Creating environment hook '/home/eating/work/install/realsense2_description/share/realsense2_description/hook/cmake_prefix_path.sh'
[2.389s] Level 1:colcon.colcon_core.environment:checking '/home/eating/work/install/realsense2_description/bin'
[2.389s] Level 1:colcon.colcon_core.environment:checking '/home/eating/work/install/realsense2_description/lib/pkgconfig/realsense2_description.pc'
[2.389s] Level 1:colcon.colcon_core.environment:checking '/home/eating/work/install/realsense2_description/lib/python3.10/site-packages'
[2.389s] Level 1:colcon.colcon_core.environment:checking '/home/eating/work/install/realsense2_description/bin'
[2.389s] INFO:colcon.colcon_core.shell:Creating package script '/home/eating/work/install/realsense2_description/share/realsense2_description/package.ps1'
[2.390s] INFO:colcon.colcon_core.shell:Creating package descriptor '/home/eating/work/install/realsense2_description/share/realsense2_description/package.dsv'
[2.390s] INFO:colcon.colcon_core.shell:Creating package script '/home/eating/work/install/realsense2_description/share/realsense2_description/package.sh'
[2.391s] INFO:colcon.colcon_core.shell:Creating package script '/home/eating/work/install/realsense2_description/share/realsense2_description/package.bash'
[2.391s] INFO:colcon.colcon_core.shell:Creating package script '/home/eating/work/install/realsense2_description/share/realsense2_description/package.zsh'
[2.392s] Level 1:colcon.colcon_core.environment:create_file_with_runtime_dependencies(/home/eating/work/install/realsense2_description/share/colcon-core/packages/realsense2_description)
[2.392s] Level 1:colcon.colcon_core.environment:create_environment_scripts_only(realsense2_description)
[2.393s] Level 1:colcon.colcon_core.environment:checking '/home/eating/work/install/realsense2_description' for CMake module files
[2.393s] Level 1:colcon.colcon_core.environment:checking '/home/eating/work/install/realsense2_description' for CMake config files
[2.394s] Level 1:colcon.colcon_core.shell:create_environment_hook('realsense2_description', 'cmake_prefix_path')
[2.394s] INFO:colcon.colcon_core.shell:Creating environment hook '/home/eating/work/install/realsense2_description/share/realsense2_description/hook/cmake_prefix_path.ps1'
[2.394s] INFO:colcon.colcon_core.shell:Creating environment descriptor '/home/eating/work/install/realsense2_description/share/realsense2_description/hook/cmake_prefix_path.dsv'
[2.394s] INFO:colcon.colcon_core.shell:Creating environment hook '/home/eating/work/install/realsense2_description/share/realsense2_description/hook/cmake_prefix_path.sh'
[2.395s] Level 1:colcon.colcon_core.environment:checking '/home/eating/work/install/realsense2_description/bin'
[2.395s] Level 1:colcon.colcon_core.environment:checking '/home/eating/work/install/realsense2_description/lib/pkgconfig/realsense2_description.pc'
[2.395s] Level 1:colcon.colcon_core.environment:checking '/home/eating/work/install/realsense2_description/lib/python3.10/site-packages'
[2.395s] Level 1:colcon.colcon_core.environment:checking '/home/eating/work/install/realsense2_description/bin'
[2.396s] INFO:colcon.colcon_core.shell:Creating package script '/home/eating/work/install/realsense2_description/share/realsense2_description/package.ps1'
[2.396s] INFO:colcon.colcon_core.shell:Creating package descriptor '/home/eating/work/install/realsense2_description/share/realsense2_description/package.dsv'
[2.397s] INFO:colcon.colcon_core.shell:Creating package script '/home/eating/work/install/realsense2_description/share/realsense2_description/package.sh'
[2.397s] INFO:colcon.colcon_core.shell:Creating package script '/home/eating/work/install/realsense2_description/share/realsense2_description/package.bash'
[2.397s] INFO:colcon.colcon_core.shell:Creating package script '/home/eating/work/install/realsense2_description/share/realsense2_description/package.zsh'
[2.398s] Level 1:colcon.colcon_core.environment:create_file_with_runtime_dependencies(/home/eating/work/install/realsense2_description/share/colcon-core/packages/realsense2_description)
[2.402s] DEBUG:colcon.colcon_core.event_handler.log_command:Invoked command in '/home/eating/work/build/realsense2_camera' returned '0': CMAKE_PREFIX_PATH=/home/eating/work/install/realsense2_camera_msgs:/home/eating/work/install/timda_gazebo:/home/eating/work/install/timda_description:/home/eating/work/install/timda_bringup:/home/eating/work/install/timda_body_description:/home/eating/work/install/suction_description:/home/eating/work/install/robot_arm_description:/home/eating/work/install/realsense2_description:/home/eating/work/install/realsense2_camera:/home/eating/work/install/pallet_interfaces:/home/eating/work/install/mobile_description:/home/eating/work/install/mecanum:/home/eating/work/install/linear_move:/home/eating/work/install/keyboard_control:/home/eating/work/install/ira_laser_tools:/home/eating/work/install/interface:/home/eating/work/install/gui_interface:/home/eating/work/install/docking_interface:/home/eating/work/install/pallet_main:/home/eating/work/install/main_control:/home/eating/work/install/gui:/home/eating/work/install/docking_pkg:/opt/ros/humble LD_LIBRARY_PATH=/home/eating/work/install/realsense2_camera_msgs/lib:/home/eating/work/install/realsense2_camera/lib:/home/eating/work/install/pallet_interfaces/lib:/home/eating/work/install/interface/lib:/home/eating/work/install/gui_interface/lib:/home/eating/work/install/docking_interface/lib:/opt/ros/humble/opt/rviz_ogre_vendor/lib:/opt/ros/humble/lib/x86_64-linux-gnu:/opt/ros/humble/lib /usr/bin/cmake --build /home/eating/work/build/realsense2_camera -- -j8 -l8
[2.403s] DEBUG:colcon.colcon_core.event_handler.log_command:Invoking command in '/home/eating/work/build/realsense2_camera': CMAKE_PREFIX_PATH=/home/eating/work/install/realsense2_camera_msgs:/home/eating/work/install/timda_gazebo:/home/eating/work/install/timda_description:/home/eating/work/install/timda_bringup:/home/eating/work/install/timda_body_description:/home/eating/work/install/suction_description:/home/eating/work/install/robot_arm_description:/home/eating/work/install/realsense2_description:/home/eating/work/install/realsense2_camera:/home/eating/work/install/pallet_interfaces:/home/eating/work/install/mobile_description:/home/eating/work/install/mecanum:/home/eating/work/install/linear_move:/home/eating/work/install/keyboard_control:/home/eating/work/install/ira_laser_tools:/home/eating/work/install/interface:/home/eating/work/install/gui_interface:/home/eating/work/install/docking_interface:/home/eating/work/install/pallet_main:/home/eating/work/install/main_control:/home/eating/work/install/gui:/home/eating/work/install/docking_pkg:/opt/ros/humble LD_LIBRARY_PATH=/home/eating/work/install/realsense2_camera_msgs/lib:/home/eating/work/install/realsense2_camera/lib:/home/eating/work/install/pallet_interfaces/lib:/home/eating/work/install/interface/lib:/home/eating/work/install/gui_interface/lib:/home/eating/work/install/docking_interface/lib:/opt/ros/humble/opt/rviz_ogre_vendor/lib:/opt/ros/humble/lib/x86_64-linux-gnu:/opt/ros/humble/lib /usr/bin/cmake --install /home/eating/work/build/realsense2_camera
[2.417s] Level 1:colcon.colcon_core.environment:create_environment_scripts_only(realsense2_camera)
[2.417s] DEBUG:colcon.colcon_core.event_handler.log_command:Invoked command in '/home/eating/work/build/realsense2_camera' returned '0': CMAKE_PREFIX_PATH=/home/eating/work/install/realsense2_camera_msgs:/home/eating/work/install/timda_gazebo:/home/eating/work/install/timda_description:/home/eating/work/install/timda_bringup:/home/eating/work/install/timda_body_description:/home/eating/work/install/suction_description:/home/eating/work/install/robot_arm_description:/home/eating/work/install/realsense2_description:/home/eating/work/install/realsense2_camera:/home/eating/work/install/pallet_interfaces:/home/eating/work/install/mobile_description:/home/eating/work/install/mecanum:/home/eating/work/install/linear_move:/home/eating/work/install/keyboard_control:/home/eating/work/install/ira_laser_tools:/home/eating/work/install/interface:/home/eating/work/install/gui_interface:/home/eating/work/install/docking_interface:/home/eating/work/install/pallet_main:/home/eating/work/install/main_control:/home/eating/work/install/gui:/home/eating/work/install/docking_pkg:/opt/ros/humble LD_LIBRARY_PATH=/home/eating/work/install/realsense2_camera_msgs/lib:/home/eating/work/install/realsense2_camera/lib:/home/eating/work/install/pallet_interfaces/lib:/home/eating/work/install/interface/lib:/home/eating/work/install/gui_interface/lib:/home/eating/work/install/docking_interface/lib:/opt/ros/humble/opt/rviz_ogre_vendor/lib:/opt/ros/humble/lib/x86_64-linux-gnu:/opt/ros/humble/lib /usr/bin/cmake --install /home/eating/work/build/realsense2_camera
[2.418s] Level 1:colcon.colcon_core.environment:checking '/home/eating/work/install/realsense2_camera' for CMake module files
[2.419s] Level 1:colcon.colcon_core.environment:checking '/home/eating/work/install/realsense2_camera' for CMake config files
[2.419s] Level 1:colcon.colcon_core.shell:create_environment_hook('realsense2_camera', 'cmake_prefix_path')
[2.420s] INFO:colcon.colcon_core.shell:Creating environment hook '/home/eating/work/install/realsense2_camera/share/realsense2_camera/hook/cmake_prefix_path.ps1'
[2.421s] INFO:colcon.colcon_core.shell:Creating environment descriptor '/home/eating/work/install/realsense2_camera/share/realsense2_camera/hook/cmake_prefix_path.dsv'
[2.421s] INFO:colcon.colcon_core.shell:Creating environment hook '/home/eating/work/install/realsense2_camera/share/realsense2_camera/hook/cmake_prefix_path.sh'
[2.422s] Level 1:colcon.colcon_core.environment:checking '/home/eating/work/install/realsense2_camera/lib'
[2.422s] Level 1:colcon.colcon_core.shell:create_environment_hook('realsense2_camera', 'ld_library_path_lib')
[2.422s] INFO:colcon.colcon_core.shell:Creating environment hook '/home/eating/work/install/realsense2_camera/share/realsense2_camera/hook/ld_library_path_lib.ps1'
[2.423s] INFO:colcon.colcon_core.shell:Creating environment descriptor '/home/eating/work/install/realsense2_camera/share/realsense2_camera/hook/ld_library_path_lib.dsv'
[2.423s] INFO:colcon.colcon_core.shell:Creating environment hook '/home/eating/work/install/realsense2_camera/share/realsense2_camera/hook/ld_library_path_lib.sh'
[2.424s] Level 1:colcon.colcon_core.environment:checking '/home/eating/work/install/realsense2_camera/bin'
[2.424s] Level 1:colcon.colcon_core.environment:checking '/home/eating/work/install/realsense2_camera/lib/pkgconfig/realsense2_camera.pc'
[2.425s] Level 1:colcon.colcon_core.environment:checking '/home/eating/work/install/realsense2_camera/lib/python3.10/site-packages'
[2.425s] Level 1:colcon.colcon_core.environment:checking '/home/eating/work/install/realsense2_camera/bin'
[2.425s] INFO:colcon.colcon_core.shell:Creating package script '/home/eating/work/install/realsense2_camera/share/realsense2_camera/package.ps1'
[2.426s] INFO:colcon.colcon_core.shell:Creating package descriptor '/home/eating/work/install/realsense2_camera/share/realsense2_camera/package.dsv'
[2.427s] INFO:colcon.colcon_core.shell:Creating package script '/home/eating/work/install/realsense2_camera/share/realsense2_camera/package.sh'
[2.427s] INFO:colcon.colcon_core.shell:Creating package script '/home/eating/work/install/realsense2_camera/share/realsense2_camera/package.bash'
[2.428s] INFO:colcon.colcon_core.shell:Creating package script '/home/eating/work/install/realsense2_camera/share/realsense2_camera/package.zsh'
[2.428s] Level 1:colcon.colcon_core.environment:create_file_with_runtime_dependencies(/home/eating/work/install/realsense2_camera/share/colcon-core/packages/realsense2_camera)
[2.429s] Level 1:colcon.colcon_core.environment:create_environment_scripts_only(realsense2_camera)
[2.430s] Level 1:colcon.colcon_core.environment:checking '/home/eating/work/install/realsense2_camera' for CMake module files
[2.430s] Level 1:colcon.colcon_core.environment:checking '/home/eating/work/install/realsense2_camera' for CMake config files
[2.431s] Level 1:colcon.colcon_core.shell:create_environment_hook('realsense2_camera', 'cmake_prefix_path')
[2.431s] INFO:colcon.colcon_core.shell:Creating environment hook '/home/eating/work/install/realsense2_camera/share/realsense2_camera/hook/cmake_prefix_path.ps1'
[2.432s] INFO:colcon.colcon_core.shell:Creating environment descriptor '/home/eating/work/install/realsense2_camera/share/realsense2_camera/hook/cmake_prefix_path.dsv'
[2.432s] INFO:colcon.colcon_core.shell:Creating environment hook '/home/eating/work/install/realsense2_camera/share/realsense2_camera/hook/cmake_prefix_path.sh'
[2.433s] Level 1:colcon.colcon_core.environment:checking '/home/eating/work/install/realsense2_camera/lib'
[2.433s] Level 1:colcon.colcon_core.shell:create_environment_hook('realsense2_camera', 'ld_library_path_lib')
[2.433s] INFO:colcon.colcon_core.shell:Creating environment hook '/home/eating/work/install/realsense2_camera/share/realsense2_camera/hook/ld_library_path_lib.ps1'
[2.434s] INFO:colcon.colcon_core.shell:Creating environment descriptor '/home/eating/work/install/realsense2_camera/share/realsense2_camera/hook/ld_library_path_lib.dsv'
[2.434s] INFO:colcon.colcon_core.shell:Creating environment hook '/home/eating/work/install/realsense2_camera/share/realsense2_camera/hook/ld_library_path_lib.sh'
[2.435s] Level 1:colcon.colcon_core.environment:checking '/home/eating/work/install/realsense2_camera/bin'
[2.435s] Level 1:colcon.colcon_core.environment:checking '/home/eating/work/install/realsense2_camera/lib/pkgconfig/realsense2_camera.pc'
[2.435s] Level 1:colcon.colcon_core.environment:checking '/home/eating/work/install/realsense2_camera/lib/python3.10/site-packages'
[2.436s] Level 1:colcon.colcon_core.environment:checking '/home/eating/work/install/realsense2_camera/bin'
[2.436s] INFO:colcon.colcon_core.shell:Creating package script '/home/eating/work/install/realsense2_camera/share/realsense2_camera/package.ps1'
[2.437s] INFO:colcon.colcon_core.shell:Creating package descriptor '/home/eating/work/install/realsense2_camera/share/realsense2_camera/package.dsv'
[2.438s] INFO:colcon.colcon_core.shell:Creating package script '/home/eating/work/install/realsense2_camera/share/realsense2_camera/package.sh'
[2.438s] INFO:colcon.colcon_core.shell:Creating package script '/home/eating/work/install/realsense2_camera/share/realsense2_camera/package.bash'
[2.439s] INFO:colcon.colcon_core.shell:Creating package script '/home/eating/work/install/realsense2_camera/share/realsense2_camera/package.zsh'
[2.439s] Level 1:colcon.colcon_core.environment:create_file_with_runtime_dependencies(/home/eating/work/install/realsense2_camera/share/colcon-core/packages/realsense2_camera)
[2.660s] Level 1:colcon.colcon_core.environment:checking '/home/eating/work/install/pallet_main' for CMake module files
[2.661s] DEBUG:colcon.colcon_core.event_handler.log_command:Invoked command in '/home/eating/work/src/pallet/pallet_main' returned '0': PYTHONPATH=/home/eating/work/build/pallet_main/prefix_override:/usr/lib/python3/dist-packages/colcon_core/task/python/colcon_distutils_commands:/home/eating/work/install/pallet_main/lib/python3.10/site-packages:${PYTHONPATH} /usr/bin/python3 -W ignore:setup.py install is deprecated -W ignore:easy_install command is deprecated setup.py egg_info --egg-base ../../../build/pallet_main build --build-base /home/eating/work/build/pallet_main/build install --record /home/eating/work/build/pallet_main/install.log --single-version-externally-managed install_data
[2.661s] Level 1:colcon.colcon_core.environment:checking '/home/eating/work/install/pallet_main' for CMake config files
[2.662s] Level 1:colcon.colcon_core.environment:checking '/home/eating/work/install/pallet_main/lib'
[2.662s] Level 1:colcon.colcon_core.environment:checking '/home/eating/work/install/pallet_main/bin'
[2.662s] Level 1:colcon.colcon_core.environment:checking '/home/eating/work/install/pallet_main/lib/pkgconfig/pallet_main.pc'
[2.662s] Level 1:colcon.colcon_core.environment:checking '/home/eating/work/install/pallet_main/lib/python3.10/site-packages'
[2.662s] Level 1:colcon.colcon_core.shell:create_environment_hook('pallet_main', 'pythonpath')
[2.663s] INFO:colcon.colcon_core.shell:Creating environment hook '/home/eating/work/install/pallet_main/share/pallet_main/hook/pythonpath.ps1'
[2.663s] INFO:colcon.colcon_core.shell:Creating environment descriptor '/home/eating/work/install/pallet_main/share/pallet_main/hook/pythonpath.dsv'
[2.664s] INFO:colcon.colcon_core.shell:Creating environment hook '/home/eating/work/install/pallet_main/share/pallet_main/hook/pythonpath.sh'
[2.665s] Level 1:colcon.colcon_core.environment:checking '/home/eating/work/install/pallet_main/bin'
[2.665s] Level 1:colcon.colcon_core.environment:create_environment_scripts_only(pallet_main)
[2.665s] INFO:colcon.colcon_core.shell:Creating package script '/home/eating/work/install/pallet_main/share/pallet_main/package.ps1'
[2.666s] INFO:colcon.colcon_core.shell:Creating package descriptor '/home/eating/work/install/pallet_main/share/pallet_main/package.dsv'
[2.667s] INFO:colcon.colcon_core.shell:Creating package script '/home/eating/work/install/pallet_main/share/pallet_main/package.sh'
[2.667s] INFO:colcon.colcon_core.shell:Creating package script '/home/eating/work/install/pallet_main/share/pallet_main/package.bash'
[2.668s] INFO:colcon.colcon_core.shell:Creating package script '/home/eating/work/install/pallet_main/share/pallet_main/package.zsh'
[2.668s] Level 1:colcon.colcon_core.environment:create_file_with_runtime_dependencies(/home/eating/work/install/pallet_main/share/colcon-core/packages/pallet_main)
[2.716s] DEBUG:colcon.colcon_core.event_handler.log_command:Invoking command in '/home/eating/work/src/gui/gui': CMAKE_PREFIX_PATH=/home/eating/work/install/gui_interface:/home/eating/work/install/timda_gazebo:/home/eating/work/install/timda_description:/home/eating/work/install/timda_bringup:/home/eating/work/install/timda_body_description:/home/eating/work/install/suction_description:/home/eating/work/install/robot_arm_description:/home/eating/work/install/realsense2_description:/home/eating/work/install/realsense2_camera:/home/eating/work/install/realsense2_camera_msgs:/home/eating/work/install/pallet_interfaces:/home/eating/work/install/mobile_description:/home/eating/work/install/mecanum:/home/eating/work/install/linear_move:/home/eating/work/install/keyboard_control:/home/eating/work/install/ira_laser_tools:/home/eating/work/install/interface:/home/eating/work/install/docking_interface LD_LIBRARY_PATH=/home/eating/work/install/gui_interface/lib:/home/eating/work/install/realsense2_camera/lib:/home/eating/work/install/realsense2_camera_msgs/lib:/home/eating/work/install/pallet_interfaces/lib:/home/eating/work/install/interface/lib:/home/eating/work/install/docking_interface/lib:/opt/ros/humble/opt/rviz_ogre_vendor/lib:/opt/ros/humble/lib/x86_64-linux-gnu:/opt/ros/humble/lib PYTHONPATH=/home/eating/work/build/gui/prefix_override:/usr/lib/python3/dist-packages/colcon_core/task/python/colcon_distutils_commands:/home/eating/work/install/gui/lib/python3.10/site-packages:${PYTHONPATH} /usr/bin/python3 -W ignore:setup.py install is deprecated -W ignore:easy_install command is deprecated setup.py egg_info --egg-base ../../../build/gui build --build-base /home/eating/work/build/gui/build install --record /home/eating/work/build/gui/install.log --single-version-externally-managed install_data
[2.719s] DEBUG:colcon.colcon_core.event_handler.log_command:Invoking command in '/home/eating/work/src/main_control/main_control': CMAKE_PREFIX_PATH=/home/eating/work/install/interface:/home/eating/work/install/gui_interface:/home/eating/work/install/timda_gazebo:/home/eating/work/install/timda_description:/home/eating/work/install/timda_bringup:/home/eating/work/install/timda_body_description:/home/eating/work/install/suction_description:/home/eating/work/install/robot_arm_description:/home/eating/work/install/realsense2_description:/home/eating/work/install/realsense2_camera:/home/eating/work/install/realsense2_camera_msgs:/home/eating/work/install/pallet_interfaces:/home/eating/work/install/mobile_description:/home/eating/work/install/mecanum:/home/eating/work/install/linear_move:/home/eating/work/install/keyboard_control:/home/eating/work/install/ira_laser_tools:/home/eating/work/install/docking_interface LD_LIBRARY_PATH=/home/eating/work/install/interface/lib:/home/eating/work/install/gui_interface/lib:/home/eating/work/install/realsense2_camera/lib:/home/eating/work/install/realsense2_camera_msgs/lib:/home/eating/work/install/pallet_interfaces/lib:/home/eating/work/install/docking_interface/lib:/opt/ros/humble/opt/rviz_ogre_vendor/lib:/opt/ros/humble/lib/x86_64-linux-gnu:/opt/ros/humble/lib PYTHONPATH=/home/eating/work/build/main_control/prefix_override:/usr/lib/python3/dist-packages/colcon_core/task/python/colcon_distutils_commands:/home/eating/work/install/main_control/lib/python3.10/site-packages:${PYTHONPATH} /usr/bin/python3 -W ignore:setup.py install is deprecated -W ignore:easy_install command is deprecated setup.py egg_info --egg-base ../../../build/main_control build --build-base /home/eating/work/build/main_control/build install --record /home/eating/work/build/main_control/install.log --single-version-externally-managed install_data
[3.013s] Level 1:colcon.colcon_core.environment:checking '/home/eating/work/install/gui' for CMake module files
[3.013s] DEBUG:colcon.colcon_core.event_handler.log_command:Invoked command in '/home/eating/work/src/gui/gui' returned '0': CMAKE_PREFIX_PATH=/home/eating/work/install/gui_interface:/home/eating/work/install/timda_gazebo:/home/eating/work/install/timda_description:/home/eating/work/install/timda_bringup:/home/eating/work/install/timda_body_description:/home/eating/work/install/suction_description:/home/eating/work/install/robot_arm_description:/home/eating/work/install/realsense2_description:/home/eating/work/install/realsense2_camera:/home/eating/work/install/realsense2_camera_msgs:/home/eating/work/install/pallet_interfaces:/home/eating/work/install/mobile_description:/home/eating/work/install/mecanum:/home/eating/work/install/linear_move:/home/eating/work/install/keyboard_control:/home/eating/work/install/ira_laser_tools:/home/eating/work/install/interface:/home/eating/work/install/docking_interface LD_LIBRARY_PATH=/home/eating/work/install/gui_interface/lib:/home/eating/work/install/realsense2_camera/lib:/home/eating/work/install/realsense2_camera_msgs/lib:/home/eating/work/install/pallet_interfaces/lib:/home/eating/work/install/interface/lib:/home/eating/work/install/docking_interface/lib:/opt/ros/humble/opt/rviz_ogre_vendor/lib:/opt/ros/humble/lib/x86_64-linux-gnu:/opt/ros/humble/lib PYTHONPATH=/home/eating/work/build/gui/prefix_override:/usr/lib/python3/dist-packages/colcon_core/task/python/colcon_distutils_commands:/home/eating/work/install/gui/lib/python3.10/site-packages:${PYTHONPATH} /usr/bin/python3 -W ignore:setup.py install is deprecated -W ignore:easy_install command is deprecated setup.py egg_info --egg-base ../../../build/gui build --build-base /home/eating/work/build/gui/build install --record /home/eating/work/build/gui/install.log --single-version-externally-managed install_data
[3.014s] Level 1:colcon.colcon_core.environment:checking '/home/eating/work/install/gui' for CMake config files
[3.014s] Level 1:colcon.colcon_core.environment:checking '/home/eating/work/install/gui/lib'
[3.014s] Level 1:colcon.colcon_core.environment:checking '/home/eating/work/install/gui/bin'
[3.015s] Level 1:colcon.colcon_core.environment:checking '/home/eating/work/install/gui/lib/pkgconfig/gui.pc'
[3.015s] Level 1:colcon.colcon_core.environment:checking '/home/eating/work/install/gui/lib/python3.10/site-packages'
[3.015s] Level 1:colcon.colcon_core.shell:create_environment_hook('gui', 'pythonpath')
[3.015s] INFO:colcon.colcon_core.shell:Creating environment hook '/home/eating/work/install/gui/share/gui/hook/pythonpath.ps1'
[3.016s] INFO:colcon.colcon_core.shell:Creating environment descriptor '/home/eating/work/install/gui/share/gui/hook/pythonpath.dsv'
[3.016s] INFO:colcon.colcon_core.shell:Creating environment hook '/home/eating/work/install/gui/share/gui/hook/pythonpath.sh'
[3.016s] Level 1:colcon.colcon_core.environment:checking '/home/eating/work/install/gui/bin'
[3.016s] Level 1:colcon.colcon_core.environment:create_environment_scripts_only(gui)
[3.017s] INFO:colcon.colcon_core.shell:Creating package script '/home/eating/work/install/gui/share/gui/package.ps1'
[3.017s] INFO:colcon.colcon_core.shell:Creating package descriptor '/home/eating/work/install/gui/share/gui/package.dsv'
[3.018s] INFO:colcon.colcon_core.shell:Creating package script '/home/eating/work/install/gui/share/gui/package.sh'
[3.018s] INFO:colcon.colcon_core.shell:Creating package script '/home/eating/work/install/gui/share/gui/package.bash'
[3.018s] INFO:colcon.colcon_core.shell:Creating package script '/home/eating/work/install/gui/share/gui/package.zsh'
[3.019s] Level 1:colcon.colcon_core.environment:create_file_with_runtime_dependencies(/home/eating/work/install/gui/share/colcon-core/packages/gui)
[3.023s] Level 1:colcon.colcon_core.environment:checking '/home/eating/work/install/main_control' for CMake module files
[3.024s] DEBUG:colcon.colcon_core.event_handler.log_command:Invoked command in '/home/eating/work/src/main_control/main_control' returned '0': CMAKE_PREFIX_PATH=/home/eating/work/install/interface:/home/eating/work/install/gui_interface:/home/eating/work/install/timda_gazebo:/home/eating/work/install/timda_description:/home/eating/work/install/timda_bringup:/home/eating/work/install/timda_body_description:/home/eating/work/install/suction_description:/home/eating/work/install/robot_arm_description:/home/eating/work/install/realsense2_description:/home/eating/work/install/realsense2_camera:/home/eating/work/install/realsense2_camera_msgs:/home/eating/work/install/pallet_interfaces:/home/eating/work/install/mobile_description:/home/eating/work/install/mecanum:/home/eating/work/install/linear_move:/home/eating/work/install/keyboard_control:/home/eating/work/install/ira_laser_tools:/home/eating/work/install/docking_interface LD_LIBRARY_PATH=/home/eating/work/install/interface/lib:/home/eating/work/install/gui_interface/lib:/home/eating/work/install/realsense2_camera/lib:/home/eating/work/install/realsense2_camera_msgs/lib:/home/eating/work/install/pallet_interfaces/lib:/home/eating/work/install/docking_interface/lib:/opt/ros/humble/opt/rviz_ogre_vendor/lib:/opt/ros/humble/lib/x86_64-linux-gnu:/opt/ros/humble/lib PYTHONPATH=/home/eating/work/build/main_control/prefix_override:/usr/lib/python3/dist-packages/colcon_core/task/python/colcon_distutils_commands:/home/eating/work/install/main_control/lib/python3.10/site-packages:${PYTHONPATH} /usr/bin/python3 -W ignore:setup.py install is deprecated -W ignore:easy_install command is deprecated setup.py egg_info --egg-base ../../../build/main_control build --build-base /home/eating/work/build/main_control/build install --record /home/eating/work/build/main_control/install.log --single-version-externally-managed install_data
[3.024s] Level 1:colcon.colcon_core.environment:checking '/home/eating/work/install/main_control' for CMake config files
[3.024s] Level 1:colcon.colcon_core.environment:checking '/home/eating/work/install/main_control/lib'
[3.025s] Level 1:colcon.colcon_core.environment:checking '/home/eating/work/install/main_control/bin'
[3.025s] Level 1:colcon.colcon_core.environment:checking '/home/eating/work/install/main_control/lib/pkgconfig/main_control.pc'
[3.025s] Level 1:colcon.colcon_core.environment:checking '/home/eating/work/install/main_control/lib/python3.10/site-packages'
[3.025s] Level 1:colcon.colcon_core.shell:create_environment_hook('main_control', 'pythonpath')
[3.025s] INFO:colcon.colcon_core.shell:Creating environment hook '/home/eating/work/install/main_control/share/main_control/hook/pythonpath.ps1'
[3.026s] INFO:colcon.colcon_core.shell:Creating environment descriptor '/home/eating/work/install/main_control/share/main_control/hook/pythonpath.dsv'
[3.026s] INFO:colcon.colcon_core.shell:Creating environment hook '/home/eating/work/install/main_control/share/main_control/hook/pythonpath.sh'
[3.027s] Level 1:colcon.colcon_core.environment:checking '/home/eating/work/install/main_control/bin'
[3.027s] Level 1:colcon.colcon_core.environment:create_environment_scripts_only(main_control)
[3.027s] INFO:colcon.colcon_core.shell:Creating package script '/home/eating/work/install/main_control/share/main_control/package.ps1'
[3.027s] INFO:colcon.colcon_core.shell:Creating package descriptor '/home/eating/work/install/main_control/share/main_control/package.dsv'
[3.028s] INFO:colcon.colcon_core.shell:Creating package script '/home/eating/work/install/main_control/share/main_control/package.sh'
[3.028s] INFO:colcon.colcon_core.shell:Creating package script '/home/eating/work/install/main_control/share/main_control/package.bash'
[3.029s] INFO:colcon.colcon_core.shell:Creating package script '/home/eating/work/install/main_control/share/main_control/package.zsh'
[3.029s] Level 1:colcon.colcon_core.environment:create_file_with_runtime_dependencies(/home/eating/work/install/main_control/share/colcon-core/packages/main_control)
[3.029s] DEBUG:colcon.colcon_parallel_executor.executor.parallel:closing loop
[3.029s] DEBUG:colcon.colcon_parallel_executor.executor.parallel:loop closed
[3.029s] DEBUG:colcon.colcon_parallel_executor.executor.parallel:run_until_complete finished with '0'
[3.030s] DEBUG:colcon.colcon_core.event_reactor:joining thread
[3.036s] INFO:colcon.colcon_core.plugin_system:Skipping extension 'colcon_notification.desktop_notification.notify_send': Could not find 'notify-send'
[3.036s] INFO:colcon.colcon_core.plugin_system:Skipping extension 'colcon_notification.desktop_notification.terminal_notifier': Not used on non-Darwin systems
[3.036s] INFO:colcon.colcon_core.plugin_system:Skipping extension 'colcon_notification.desktop_notification.win32': Not used on non-Windows systems
[3.036s] INFO:colcon.colcon_notification.desktop_notification:Sending desktop notification using 'notify2'
[3.039s] DEBUG:colcon.colcon_notification.desktop_notification.notify2:Failed to initialize notify2: org.freedesktop.DBus.Error.Spawn.ExecFailed: /usr/bin/dbus-launch terminated abnormally without any error message
[3.039s] DEBUG:colcon.colcon_core.event_reactor:joined thread
[3.040s] INFO:colcon.colcon_core.shell:Creating prefix script '/home/eating/work/install/local_setup.ps1'
[3.041s] INFO:colcon.colcon_core.shell:Creating prefix util module '/home/eating/work/install/_local_setup_util_ps1.py'
[3.043s] INFO:colcon.colcon_core.shell:Creating prefix chain script '/home/eating/work/install/setup.ps1'
[3.045s] INFO:colcon.colcon_core.shell:Creating prefix script '/home/eating/work/install/local_setup.sh'
[3.045s] INFO:colcon.colcon_core.shell:Creating prefix util module '/home/eating/work/install/_local_setup_util_sh.py'
[3.046s] INFO:colcon.colcon_core.shell:Creating prefix chain script '/home/eating/work/install/setup.sh'
[3.047s] INFO:colcon.colcon_core.shell:Creating prefix script '/home/eating/work/install/local_setup.bash'
[3.048s] INFO:colcon.colcon_core.shell:Creating prefix chain script '/home/eating/work/install/setup.bash'
[3.049s] INFO:colcon.colcon_core.shell:Creating prefix script '/home/eating/work/install/local_setup.zsh'
[3.050s] INFO:colcon.colcon_core.shell:Creating prefix chain script '/home/eating/work/install/setup.zsh'
