[0.094s] DEBUG:colcon:Command line arguments: ['/usr/bin/colcon', 'build']
[0.094s] DEBUG:colcon:Parsed command line arguments: Namespace(log_base=None, log_level=None, verb_name='build', build_base='build', install_base='install', merge_install=False, symlink_install=False, test_result_base=None, continue_on_error=False, executor='parallel', parallel_workers=8, event_handlers=None, ignore_user_meta=False, metas=['./colcon.meta'], base_paths=['.'], packages_ignore=None, packages_ignore_regex=None, paths=None, packages_up_to=None, packages_up_to_regex=None, packages_above=None, packages_above_and_dependencies=None, packages_above_depth=None, packages_select_by_dep=None, packages_skip_by_dep=None, packages_skip_up_to=None, packages_select_build_failed=False, packages_skip_build_finished=False, packages_select_test_failures=False, packages_skip_test_passed=False, packages_select=None, packages_skip=None, packages_select_regex=None, packages_skip_regex=None, packages_start=None, packages_end=None, allow_overriding=[], cmake_args=None, cmake_target=None, cmake_target_skip_unavailable=False, cmake_clean_cache=False, cmake_clean_first=False, cmake_force_configure=False, ament_cmake_args=None, catkin_cmake_args=None, catkin_skip_building_tests=False, verb_parser=<colcon_defaults.argument_parser.defaults.DefaultArgumentsDecorator object at 0x7fd9bacdceb0>, verb_extension=<colcon_core.verb.build.BuildVerb object at 0x7fd9badd6260>, main=<bound method BuildVerb.main of <colcon_core.verb.build.BuildVerb object at 0x7fd9badd6260>>)
[0.261s] Level 1:colcon.colcon_core.package_discovery:discover_packages(colcon_meta) check parameters
[0.261s] Level 1:colcon.colcon_core.package_discovery:discover_packages(recursive) check parameters
[0.261s] Level 1:colcon.colcon_core.package_discovery:discover_packages(ignore) check parameters
[0.261s] Level 1:colcon.colcon_core.package_discovery:discover_packages(path) check parameters
[0.261s] Level 1:colcon.colcon_core.package_discovery:discover_packages(colcon_meta) discover
[0.261s] Level 1:colcon.colcon_core.package_discovery:discover_packages(recursive) discover
[0.261s] INFO:colcon.colcon_core.package_discovery:Crawling recursively for packages in '/home/eating/work'
[0.261s] Level 1:colcon.colcon_core.package_identification:_identify(.) by extensions ['ignore', 'ignore_ament_install']
[0.261s] Level 1:colcon.colcon_core.package_identification:_identify(.) by extension 'ignore'
[0.261s] Level 1:colcon.colcon_core.package_identification:_identify(.) by extension 'ignore_ament_install'
[0.261s] Level 1:colcon.colcon_core.package_identification:_identify(.) by extensions ['colcon_pkg']
[0.261s] Level 1:colcon.colcon_core.package_identification:_identify(.) by extension 'colcon_pkg'
[0.261s] Level 1:colcon.colcon_core.package_identification:_identify(.) by extensions ['colcon_meta']
[0.261s] Level 1:colcon.colcon_core.package_identification:_identify(.) by extension 'colcon_meta'
[0.261s] Level 1:colcon.colcon_core.package_identification:_identify(.) by extensions ['ros']
[0.261s] Level 1:colcon.colcon_core.package_identification:_identify(.) by extension 'ros'
[0.271s] Level 1:colcon.colcon_core.package_identification:_identify(.) by extensions ['cmake', 'python']
[0.271s] Level 1:colcon.colcon_core.package_identification:_identify(.) by extension 'cmake'
[0.271s] Level 1:colcon.colcon_core.package_identification:_identify(.) by extension 'python'
[0.271s] Level 1:colcon.colcon_core.package_identification:_identify(.) by extensions ['python_setup_py']
[0.271s] Level 1:colcon.colcon_core.package_identification:_identify(.) by extension 'python_setup_py'
[0.271s] Level 1:colcon.colcon_core.package_identification:_identify(build) by extensions ['ignore', 'ignore_ament_install']
[0.271s] Level 1:colcon.colcon_core.package_identification:_identify(build) by extension 'ignore'
[0.271s] Level 1:colcon.colcon_core.package_identification:_identify(build) ignored
[0.271s] Level 1:colcon.colcon_core.package_identification:_identify(docker_all) by extensions ['ignore', 'ignore_ament_install']
[0.271s] Level 1:colcon.colcon_core.package_identification:_identify(docker_all) by extension 'ignore'
[0.271s] Level 1:colcon.colcon_core.package_identification:_identify(docker_all) by extension 'ignore_ament_install'
[0.271s] Level 1:colcon.colcon_core.package_identification:_identify(docker_all) by extensions ['colcon_pkg']
[0.271s] Level 1:colcon.colcon_core.package_identification:_identify(docker_all) by extension 'colcon_pkg'
[0.271s] Level 1:colcon.colcon_core.package_identification:_identify(docker_all) by extensions ['colcon_meta']
[0.271s] Level 1:colcon.colcon_core.package_identification:_identify(docker_all) by extension 'colcon_meta'
[0.271s] Level 1:colcon.colcon_core.package_identification:_identify(docker_all) by extensions ['ros']
[0.271s] Level 1:colcon.colcon_core.package_identification:_identify(docker_all) by extension 'ros'
[0.271s] Level 1:colcon.colcon_core.package_identification:_identify(docker_all) by extensions ['cmake', 'python']
[0.271s] Level 1:colcon.colcon_core.package_identification:_identify(docker_all) by extension 'cmake'
[0.272s] Level 1:colcon.colcon_core.package_identification:_identify(docker_all) by extension 'python'
[0.272s] Level 1:colcon.colcon_core.package_identification:_identify(docker_all) by extensions ['python_setup_py']
[0.272s] Level 1:colcon.colcon_core.package_identification:_identify(docker_all) by extension 'python_setup_py'
[0.272s] Level 1:colcon.colcon_core.package_identification:_identify(docker_all/docker_ros2) by extensions ['ignore', 'ignore_ament_install']
[0.272s] Level 1:colcon.colcon_core.package_identification:_identify(docker_all/docker_ros2) by extension 'ignore'
[0.272s] Level 1:colcon.colcon_core.package_identification:_identify(docker_all/docker_ros2) by extension 'ignore_ament_install'
[0.272s] Level 1:colcon.colcon_core.package_identification:_identify(docker_all/docker_ros2) by extensions ['colcon_pkg']
[0.272s] Level 1:colcon.colcon_core.package_identification:_identify(docker_all/docker_ros2) by extension 'colcon_pkg'
[0.272s] Level 1:colcon.colcon_core.package_identification:_identify(docker_all/docker_ros2) by extensions ['colcon_meta']
[0.272s] Level 1:colcon.colcon_core.package_identification:_identify(docker_all/docker_ros2) by extension 'colcon_meta'
[0.272s] Level 1:colcon.colcon_core.package_identification:_identify(docker_all/docker_ros2) by extensions ['ros']
[0.272s] Level 1:colcon.colcon_core.package_identification:_identify(docker_all/docker_ros2) by extension 'ros'
[0.272s] Level 1:colcon.colcon_core.package_identification:_identify(docker_all/docker_ros2) by extensions ['cmake', 'python']
[0.272s] Level 1:colcon.colcon_core.package_identification:_identify(docker_all/docker_ros2) by extension 'cmake'
[0.272s] Level 1:colcon.colcon_core.package_identification:_identify(docker_all/docker_ros2) by extension 'python'
[0.272s] Level 1:colcon.colcon_core.package_identification:_identify(docker_all/docker_ros2) by extensions ['python_setup_py']
[0.272s] Level 1:colcon.colcon_core.package_identification:_identify(docker_all/docker_ros2) by extension 'python_setup_py'
[0.272s] Level 1:colcon.colcon_core.package_identification:_identify(docker_all/docker_ros2/compose) by extensions ['ignore', 'ignore_ament_install']
[0.272s] Level 1:colcon.colcon_core.package_identification:_identify(docker_all/docker_ros2/compose) by extension 'ignore'
[0.272s] Level 1:colcon.colcon_core.package_identification:_identify(docker_all/docker_ros2/compose) by extension 'ignore_ament_install'
[0.272s] Level 1:colcon.colcon_core.package_identification:_identify(docker_all/docker_ros2/compose) by extensions ['colcon_pkg']
[0.272s] Level 1:colcon.colcon_core.package_identification:_identify(docker_all/docker_ros2/compose) by extension 'colcon_pkg'
[0.272s] Level 1:colcon.colcon_core.package_identification:_identify(docker_all/docker_ros2/compose) by extensions ['colcon_meta']
[0.273s] Level 1:colcon.colcon_core.package_identification:_identify(docker_all/docker_ros2/compose) by extension 'colcon_meta'
[0.273s] Level 1:colcon.colcon_core.package_identification:_identify(docker_all/docker_ros2/compose) by extensions ['ros']
[0.273s] Level 1:colcon.colcon_core.package_identification:_identify(docker_all/docker_ros2/compose) by extension 'ros'
[0.273s] Level 1:colcon.colcon_core.package_identification:_identify(docker_all/docker_ros2/compose) by extensions ['cmake', 'python']
[0.273s] Level 1:colcon.colcon_core.package_identification:_identify(docker_all/docker_ros2/compose) by extension 'cmake'
[0.273s] Level 1:colcon.colcon_core.package_identification:_identify(docker_all/docker_ros2/compose) by extension 'python'
[0.273s] Level 1:colcon.colcon_core.package_identification:_identify(docker_all/docker_ros2/compose) by extensions ['python_setup_py']
[0.273s] Level 1:colcon.colcon_core.package_identification:_identify(docker_all/docker_ros2/compose) by extension 'python_setup_py'
[0.273s] Level 1:colcon.colcon_core.package_identification:_identify(docker_all/docker_ros2/compose/config) by extensions ['ignore', 'ignore_ament_install']
[0.273s] Level 1:colcon.colcon_core.package_identification:_identify(docker_all/docker_ros2/compose/config) by extension 'ignore'
[0.273s] Level 1:colcon.colcon_core.package_identification:_identify(docker_all/docker_ros2/compose/config) by extension 'ignore_ament_install'
[0.273s] Level 1:colcon.colcon_core.package_identification:_identify(docker_all/docker_ros2/compose/config) by extensions ['colcon_pkg']
[0.273s] Level 1:colcon.colcon_core.package_identification:_identify(docker_all/docker_ros2/compose/config) by extension 'colcon_pkg'
[0.273s] Level 1:colcon.colcon_core.package_identification:_identify(docker_all/docker_ros2/compose/config) by extensions ['colcon_meta']
[0.273s] Level 1:colcon.colcon_core.package_identification:_identify(docker_all/docker_ros2/compose/config) by extension 'colcon_meta'
[0.273s] Level 1:colcon.colcon_core.package_identification:_identify(docker_all/docker_ros2/compose/config) by extensions ['ros']
[0.273s] Level 1:colcon.colcon_core.package_identification:_identify(docker_all/docker_ros2/compose/config) by extension 'ros'
[0.273s] Level 1:colcon.colcon_core.package_identification:_identify(docker_all/docker_ros2/compose/config) by extensions ['cmake', 'python']
[0.273s] Level 1:colcon.colcon_core.package_identification:_identify(docker_all/docker_ros2/compose/config) by extension 'cmake'
[0.273s] Level 1:colcon.colcon_core.package_identification:_identify(docker_all/docker_ros2/compose/config) by extension 'python'
[0.273s] Level 1:colcon.colcon_core.package_identification:_identify(docker_all/docker_ros2/compose/config) by extensions ['python_setup_py']
[0.273s] Level 1:colcon.colcon_core.package_identification:_identify(docker_all/docker_ros2/compose/config) by extension 'python_setup_py'
[0.274s] Level 1:colcon.colcon_core.package_identification:_identify(docker_all/docker_ros2/compose/config/pip) by extensions ['ignore', 'ignore_ament_install']
[0.274s] Level 1:colcon.colcon_core.package_identification:_identify(docker_all/docker_ros2/compose/config/pip) by extension 'ignore'
[0.274s] Level 1:colcon.colcon_core.package_identification:_identify(docker_all/docker_ros2/compose/config/pip) by extension 'ignore_ament_install'
[0.274s] Level 1:colcon.colcon_core.package_identification:_identify(docker_all/docker_ros2/compose/config/pip) by extensions ['colcon_pkg']
[0.274s] Level 1:colcon.colcon_core.package_identification:_identify(docker_all/docker_ros2/compose/config/pip) by extension 'colcon_pkg'
[0.274s] Level 1:colcon.colcon_core.package_identification:_identify(docker_all/docker_ros2/compose/config/pip) by extensions ['colcon_meta']
[0.274s] Level 1:colcon.colcon_core.package_identification:_identify(docker_all/docker_ros2/compose/config/pip) by extension 'colcon_meta'
[0.274s] Level 1:colcon.colcon_core.package_identification:_identify(docker_all/docker_ros2/compose/config/pip) by extensions ['ros']
[0.274s] Level 1:colcon.colcon_core.package_identification:_identify(docker_all/docker_ros2/compose/config/pip) by extension 'ros'
[0.274s] Level 1:colcon.colcon_core.package_identification:_identify(docker_all/docker_ros2/compose/config/pip) by extensions ['cmake', 'python']
[0.274s] Level 1:colcon.colcon_core.package_identification:_identify(docker_all/docker_ros2/compose/config/pip) by extension 'cmake'
[0.274s] Level 1:colcon.colcon_core.package_identification:_identify(docker_all/docker_ros2/compose/config/pip) by extension 'python'
[0.274s] Level 1:colcon.colcon_core.package_identification:_identify(docker_all/docker_ros2/compose/config/pip) by extensions ['python_setup_py']
[0.274s] Level 1:colcon.colcon_core.package_identification:_identify(docker_all/docker_ros2/compose/config/pip) by extension 'python_setup_py'
[0.274s] Level 1:colcon.colcon_core.package_identification:_identify(docker_all/docker_ros2/compose/config/shell) by extensions ['ignore', 'ignore_ament_install']
[0.274s] Level 1:colcon.colcon_core.package_identification:_identify(docker_all/docker_ros2/compose/config/shell) by extension 'ignore'
[0.274s] Level 1:colcon.colcon_core.package_identification:_identify(docker_all/docker_ros2/compose/config/shell) by extension 'ignore_ament_install'
[0.274s] Level 1:colcon.colcon_core.package_identification:_identify(docker_all/docker_ros2/compose/config/shell) by extensions ['colcon_pkg']
[0.274s] Level 1:colcon.colcon_core.package_identification:_identify(docker_all/docker_ros2/compose/config/shell) by extension 'colcon_pkg'
[0.274s] Level 1:colcon.colcon_core.package_identification:_identify(docker_all/docker_ros2/compose/config/shell) by extensions ['colcon_meta']
[0.274s] Level 1:colcon.colcon_core.package_identification:_identify(docker_all/docker_ros2/compose/config/shell) by extension 'colcon_meta'
[0.274s] Level 1:colcon.colcon_core.package_identification:_identify(docker_all/docker_ros2/compose/config/shell) by extensions ['ros']
[0.275s] Level 1:colcon.colcon_core.package_identification:_identify(docker_all/docker_ros2/compose/config/shell) by extension 'ros'
[0.275s] Level 1:colcon.colcon_core.package_identification:_identify(docker_all/docker_ros2/compose/config/shell) by extensions ['cmake', 'python']
[0.275s] Level 1:colcon.colcon_core.package_identification:_identify(docker_all/docker_ros2/compose/config/shell) by extension 'cmake'
[0.275s] Level 1:colcon.colcon_core.package_identification:_identify(docker_all/docker_ros2/compose/config/shell) by extension 'python'
[0.275s] Level 1:colcon.colcon_core.package_identification:_identify(docker_all/docker_ros2/compose/config/shell) by extensions ['python_setup_py']
[0.275s] Level 1:colcon.colcon_core.package_identification:_identify(docker_all/docker_ros2/compose/config/shell) by extension 'python_setup_py'
[0.275s] Level 1:colcon.colcon_core.package_identification:_identify(docker_all/docker_ros2/compose/config/shell/terminator) by extensions ['ignore', 'ignore_ament_install']
[0.275s] Level 1:colcon.colcon_core.package_identification:_identify(docker_all/docker_ros2/compose/config/shell/terminator) by extension 'ignore'
[0.275s] Level 1:colcon.colcon_core.package_identification:_identify(docker_all/docker_ros2/compose/config/shell/terminator) by extension 'ignore_ament_install'
[0.275s] Level 1:colcon.colcon_core.package_identification:_identify(docker_all/docker_ros2/compose/config/shell/terminator) by extensions ['colcon_pkg']
[0.275s] Level 1:colcon.colcon_core.package_identification:_identify(docker_all/docker_ros2/compose/config/shell/terminator) by extension 'colcon_pkg'
[0.275s] Level 1:colcon.colcon_core.package_identification:_identify(docker_all/docker_ros2/compose/config/shell/terminator) by extensions ['colcon_meta']
[0.275s] Level 1:colcon.colcon_core.package_identification:_identify(docker_all/docker_ros2/compose/config/shell/terminator) by extension 'colcon_meta'
[0.275s] Level 1:colcon.colcon_core.package_identification:_identify(docker_all/docker_ros2/compose/config/shell/terminator) by extensions ['ros']
[0.275s] Level 1:colcon.colcon_core.package_identification:_identify(docker_all/docker_ros2/compose/config/shell/terminator) by extension 'ros'
[0.275s] Level 1:colcon.colcon_core.package_identification:_identify(docker_all/docker_ros2/compose/config/shell/terminator) by extensions ['cmake', 'python']
[0.275s] Level 1:colcon.colcon_core.package_identification:_identify(docker_all/docker_ros2/compose/config/shell/terminator) by extension 'cmake'
[0.275s] Level 1:colcon.colcon_core.package_identification:_identify(docker_all/docker_ros2/compose/config/shell/terminator) by extension 'python'
[0.275s] Level 1:colcon.colcon_core.package_identification:_identify(docker_all/docker_ros2/compose/config/shell/terminator) by extensions ['python_setup_py']
[0.275s] Level 1:colcon.colcon_core.package_identification:_identify(docker_all/docker_ros2/compose/config/shell/terminator) by extension 'python_setup_py'
[0.275s] Level 1:colcon.colcon_core.package_identification:_identify(docker_all/docker_ros2/compose/config/shell/tmux) by extensions ['ignore', 'ignore_ament_install']
[0.276s] Level 1:colcon.colcon_core.package_identification:_identify(docker_all/docker_ros2/compose/config/shell/tmux) by extension 'ignore'
[0.276s] Level 1:colcon.colcon_core.package_identification:_identify(docker_all/docker_ros2/compose/config/shell/tmux) by extension 'ignore_ament_install'
[0.276s] Level 1:colcon.colcon_core.package_identification:_identify(docker_all/docker_ros2/compose/config/shell/tmux) by extensions ['colcon_pkg']
[0.276s] Level 1:colcon.colcon_core.package_identification:_identify(docker_all/docker_ros2/compose/config/shell/tmux) by extension 'colcon_pkg'
[0.276s] Level 1:colcon.colcon_core.package_identification:_identify(docker_all/docker_ros2/compose/config/shell/tmux) by extensions ['colcon_meta']
[0.276s] Level 1:colcon.colcon_core.package_identification:_identify(docker_all/docker_ros2/compose/config/shell/tmux) by extension 'colcon_meta'
[0.276s] Level 1:colcon.colcon_core.package_identification:_identify(docker_all/docker_ros2/compose/config/shell/tmux) by extensions ['ros']
[0.276s] Level 1:colcon.colcon_core.package_identification:_identify(docker_all/docker_ros2/compose/config/shell/tmux) by extension 'ros'
[0.276s] Level 1:colcon.colcon_core.package_identification:_identify(docker_all/docker_ros2/compose/config/shell/tmux) by extensions ['cmake', 'python']
[0.276s] Level 1:colcon.colcon_core.package_identification:_identify(docker_all/docker_ros2/compose/config/shell/tmux) by extension 'cmake'
[0.276s] Level 1:colcon.colcon_core.package_identification:_identify(docker_all/docker_ros2/compose/config/shell/tmux) by extension 'python'
[0.276s] Level 1:colcon.colcon_core.package_identification:_identify(docker_all/docker_ros2/compose/config/shell/tmux) by extensions ['python_setup_py']
[0.276s] Level 1:colcon.colcon_core.package_identification:_identify(docker_all/docker_ros2/compose/config/shell/tmux) by extension 'python_setup_py'
[0.276s] Level 1:colcon.colcon_core.package_identification:_identify(docker_all/docker_ros2/config) by extensions ['ignore', 'ignore_ament_install']
[0.276s] Level 1:colcon.colcon_core.package_identification:_identify(docker_all/docker_ros2/config) by extension 'ignore'
[0.276s] Level 1:colcon.colcon_core.package_identification:_identify(docker_all/docker_ros2/config) by extension 'ignore_ament_install'
[0.276s] Level 1:colcon.colcon_core.package_identification:_identify(docker_all/docker_ros2/config) by extensions ['colcon_pkg']
[0.276s] Level 1:colcon.colcon_core.package_identification:_identify(docker_all/docker_ros2/config) by extension 'colcon_pkg'
[0.276s] Level 1:colcon.colcon_core.package_identification:_identify(docker_all/docker_ros2/config) by extensions ['colcon_meta']
[0.276s] Level 1:colcon.colcon_core.package_identification:_identify(docker_all/docker_ros2/config) by extension 'colcon_meta'
[0.276s] Level 1:colcon.colcon_core.package_identification:_identify(docker_all/docker_ros2/config) by extensions ['ros']
[0.276s] Level 1:colcon.colcon_core.package_identification:_identify(docker_all/docker_ros2/config) by extension 'ros'
[0.276s] Level 1:colcon.colcon_core.package_identification:_identify(docker_all/docker_ros2/config) by extensions ['cmake', 'python']
[0.276s] Level 1:colcon.colcon_core.package_identification:_identify(docker_all/docker_ros2/config) by extension 'cmake'
[0.277s] Level 1:colcon.colcon_core.package_identification:_identify(docker_all/docker_ros2/config) by extension 'python'
[0.277s] Level 1:colcon.colcon_core.package_identification:_identify(docker_all/docker_ros2/config) by extensions ['python_setup_py']
[0.277s] Level 1:colcon.colcon_core.package_identification:_identify(docker_all/docker_ros2/config) by extension 'python_setup_py'
[0.277s] Level 1:colcon.colcon_core.package_identification:_identify(docker_all/docker_ros2/config/pip) by extensions ['ignore', 'ignore_ament_install']
[0.277s] Level 1:colcon.colcon_core.package_identification:_identify(docker_all/docker_ros2/config/pip) by extension 'ignore'
[0.277s] Level 1:colcon.colcon_core.package_identification:_identify(docker_all/docker_ros2/config/pip) by extension 'ignore_ament_install'
[0.277s] Level 1:colcon.colcon_core.package_identification:_identify(docker_all/docker_ros2/config/pip) by extensions ['colcon_pkg']
[0.277s] Level 1:colcon.colcon_core.package_identification:_identify(docker_all/docker_ros2/config/pip) by extension 'colcon_pkg'
[0.277s] Level 1:colcon.colcon_core.package_identification:_identify(docker_all/docker_ros2/config/pip) by extensions ['colcon_meta']
[0.277s] Level 1:colcon.colcon_core.package_identification:_identify(docker_all/docker_ros2/config/pip) by extension 'colcon_meta'
[0.277s] Level 1:colcon.colcon_core.package_identification:_identify(docker_all/docker_ros2/config/pip) by extensions ['ros']
[0.277s] Level 1:colcon.colcon_core.package_identification:_identify(docker_all/docker_ros2/config/pip) by extension 'ros'
[0.277s] Level 1:colcon.colcon_core.package_identification:_identify(docker_all/docker_ros2/config/pip) by extensions ['cmake', 'python']
[0.277s] Level 1:colcon.colcon_core.package_identification:_identify(docker_all/docker_ros2/config/pip) by extension 'cmake'
[0.277s] Level 1:colcon.colcon_core.package_identification:_identify(docker_all/docker_ros2/config/pip) by extension 'python'
[0.277s] Level 1:colcon.colcon_core.package_identification:_identify(docker_all/docker_ros2/config/pip) by extensions ['python_setup_py']
[0.277s] Level 1:colcon.colcon_core.package_identification:_identify(docker_all/docker_ros2/config/pip) by extension 'python_setup_py'
[0.277s] Level 1:colcon.colcon_core.package_identification:_identify(docker_all/docker_ros2/config/shell) by extensions ['ignore', 'ignore_ament_install']
[0.277s] Level 1:colcon.colcon_core.package_identification:_identify(docker_all/docker_ros2/config/shell) by extension 'ignore'
[0.277s] Level 1:colcon.colcon_core.package_identification:_identify(docker_all/docker_ros2/config/shell) by extension 'ignore_ament_install'
[0.277s] Level 1:colcon.colcon_core.package_identification:_identify(docker_all/docker_ros2/config/shell) by extensions ['colcon_pkg']
[0.278s] Level 1:colcon.colcon_core.package_identification:_identify(docker_all/docker_ros2/config/shell) by extension 'colcon_pkg'
[0.278s] Level 1:colcon.colcon_core.package_identification:_identify(docker_all/docker_ros2/config/shell) by extensions ['colcon_meta']
[0.278s] Level 1:colcon.colcon_core.package_identification:_identify(docker_all/docker_ros2/config/shell) by extension 'colcon_meta'
[0.278s] Level 1:colcon.colcon_core.package_identification:_identify(docker_all/docker_ros2/config/shell) by extensions ['ros']
[0.278s] Level 1:colcon.colcon_core.package_identification:_identify(docker_all/docker_ros2/config/shell) by extension 'ros'
[0.278s] Level 1:colcon.colcon_core.package_identification:_identify(docker_all/docker_ros2/config/shell) by extensions ['cmake', 'python']
[0.278s] Level 1:colcon.colcon_core.package_identification:_identify(docker_all/docker_ros2/config/shell) by extension 'cmake'
[0.278s] Level 1:colcon.colcon_core.package_identification:_identify(docker_all/docker_ros2/config/shell) by extension 'python'
[0.278s] Level 1:colcon.colcon_core.package_identification:_identify(docker_all/docker_ros2/config/shell) by extensions ['python_setup_py']
[0.278s] Level 1:colcon.colcon_core.package_identification:_identify(docker_all/docker_ros2/config/shell) by extension 'python_setup_py'
[0.278s] Level 1:colcon.colcon_core.package_identification:_identify(docker_all/docker_ros2/config/shell/terminator) by extensions ['ignore', 'ignore_ament_install']
[0.278s] Level 1:colcon.colcon_core.package_identification:_identify(docker_all/docker_ros2/config/shell/terminator) by extension 'ignore'
[0.278s] Level 1:colcon.colcon_core.package_identification:_identify(docker_all/docker_ros2/config/shell/terminator) by extension 'ignore_ament_install'
[0.278s] Level 1:colcon.colcon_core.package_identification:_identify(docker_all/docker_ros2/config/shell/terminator) by extensions ['colcon_pkg']
[0.278s] Level 1:colcon.colcon_core.package_identification:_identify(docker_all/docker_ros2/config/shell/terminator) by extension 'colcon_pkg'
[0.278s] Level 1:colcon.colcon_core.package_identification:_identify(docker_all/docker_ros2/config/shell/terminator) by extensions ['colcon_meta']
[0.278s] Level 1:colcon.colcon_core.package_identification:_identify(docker_all/docker_ros2/config/shell/terminator) by extension 'colcon_meta'
[0.278s] Level 1:colcon.colcon_core.package_identification:_identify(docker_all/docker_ros2/config/shell/terminator) by extensions ['ros']
[0.278s] Level 1:colcon.colcon_core.package_identification:_identify(docker_all/docker_ros2/config/shell/terminator) by extension 'ros'
[0.278s] Level 1:colcon.colcon_core.package_identification:_identify(docker_all/docker_ros2/config/shell/terminator) by extensions ['cmake', 'python']
[0.278s] Level 1:colcon.colcon_core.package_identification:_identify(docker_all/docker_ros2/config/shell/terminator) by extension 'cmake'
[0.278s] Level 1:colcon.colcon_core.package_identification:_identify(docker_all/docker_ros2/config/shell/terminator) by extension 'python'
[0.278s] Level 1:colcon.colcon_core.package_identification:_identify(docker_all/docker_ros2/config/shell/terminator) by extensions ['python_setup_py']
[0.278s] Level 1:colcon.colcon_core.package_identification:_identify(docker_all/docker_ros2/config/shell/terminator) by extension 'python_setup_py'
[0.279s] Level 1:colcon.colcon_core.package_identification:_identify(docker_all/docker_ros2/config/shell/tmux) by extensions ['ignore', 'ignore_ament_install']
[0.279s] Level 1:colcon.colcon_core.package_identification:_identify(docker_all/docker_ros2/config/shell/tmux) by extension 'ignore'
[0.279s] Level 1:colcon.colcon_core.package_identification:_identify(docker_all/docker_ros2/config/shell/tmux) by extension 'ignore_ament_install'
[0.279s] Level 1:colcon.colcon_core.package_identification:_identify(docker_all/docker_ros2/config/shell/tmux) by extensions ['colcon_pkg']
[0.279s] Level 1:colcon.colcon_core.package_identification:_identify(docker_all/docker_ros2/config/shell/tmux) by extension 'colcon_pkg'
[0.279s] Level 1:colcon.colcon_core.package_identification:_identify(docker_all/docker_ros2/config/shell/tmux) by extensions ['colcon_meta']
[0.279s] Level 1:colcon.colcon_core.package_identification:_identify(docker_all/docker_ros2/config/shell/tmux) by extension 'colcon_meta'
[0.279s] Level 1:colcon.colcon_core.package_identification:_identify(docker_all/docker_ros2/config/shell/tmux) by extensions ['ros']
[0.279s] Level 1:colcon.colcon_core.package_identification:_identify(docker_all/docker_ros2/config/shell/tmux) by extension 'ros'
[0.279s] Level 1:colcon.colcon_core.package_identification:_identify(docker_all/docker_ros2/config/shell/tmux) by extensions ['cmake', 'python']
[0.279s] Level 1:colcon.colcon_core.package_identification:_identify(docker_all/docker_ros2/config/shell/tmux) by extension 'cmake'
[0.279s] Level 1:colcon.colcon_core.package_identification:_identify(docker_all/docker_ros2/config/shell/tmux) by extension 'python'
[0.279s] Level 1:colcon.colcon_core.package_identification:_identify(docker_all/docker_ros2/config/shell/tmux) by extensions ['python_setup_py']
[0.279s] Level 1:colcon.colcon_core.package_identification:_identify(docker_all/docker_ros2/config/shell/tmux) by extension 'python_setup_py'
[0.279s] Level 1:colcon.colcon_core.package_identification:_identify(install) by extensions ['ignore', 'ignore_ament_install']
[0.279s] Level 1:colcon.colcon_core.package_identification:_identify(install) by extension 'ignore'
[0.279s] Level 1:colcon.colcon_core.package_identification:_identify(install) ignored
[0.279s] Level 1:colcon.colcon_core.package_identification:_identify(libmodbus) by extensions ['ignore', 'ignore_ament_install']
[0.279s] Level 1:colcon.colcon_core.package_identification:_identify(libmodbus) by extension 'ignore'
[0.279s] Level 1:colcon.colcon_core.package_identification:_identify(libmodbus) by extension 'ignore_ament_install'
[0.280s] Level 1:colcon.colcon_core.package_identification:_identify(libmodbus) by extensions ['colcon_pkg']
[0.280s] Level 1:colcon.colcon_core.package_identification:_identify(libmodbus) by extension 'colcon_pkg'
[0.280s] Level 1:colcon.colcon_core.package_identification:_identify(libmodbus) by extensions ['colcon_meta']
[0.280s] Level 1:colcon.colcon_core.package_identification:_identify(libmodbus) by extension 'colcon_meta'
[0.280s] Level 1:colcon.colcon_core.package_identification:_identify(libmodbus) by extensions ['ros']
[0.280s] Level 1:colcon.colcon_core.package_identification:_identify(libmodbus) by extension 'ros'
[0.280s] Level 1:colcon.colcon_core.package_identification:_identify(libmodbus) by extensions ['cmake', 'python']
[0.280s] Level 1:colcon.colcon_core.package_identification:_identify(libmodbus) by extension 'cmake'
[0.280s] Level 1:colcon.colcon_core.package_identification:_identify(libmodbus) by extension 'python'
[0.280s] Level 1:colcon.colcon_core.package_identification:_identify(libmodbus) by extensions ['python_setup_py']
[0.280s] Level 1:colcon.colcon_core.package_identification:_identify(libmodbus) by extension 'python_setup_py'
[0.280s] Level 1:colcon.colcon_core.package_identification:_identify(libmodbus/build) by extensions ['ignore', 'ignore_ament_install']
[0.280s] Level 1:colcon.colcon_core.package_identification:_identify(libmodbus/build) by extension 'ignore'
[0.280s] Level 1:colcon.colcon_core.package_identification:_identify(libmodbus/build) ignored
[0.280s] Level 1:colcon.colcon_core.package_identification:_identify(libmodbus/doc) by extensions ['ignore', 'ignore_ament_install']
[0.280s] Level 1:colcon.colcon_core.package_identification:_identify(libmodbus/doc) by extension 'ignore'
[0.280s] Level 1:colcon.colcon_core.package_identification:_identify(libmodbus/doc) by extension 'ignore_ament_install'
[0.280s] Level 1:colcon.colcon_core.package_identification:_identify(libmodbus/doc) by extensions ['colcon_pkg']
[0.280s] Level 1:colcon.colcon_core.package_identification:_identify(libmodbus/doc) by extension 'colcon_pkg'
[0.280s] Level 1:colcon.colcon_core.package_identification:_identify(libmodbus/doc) by extensions ['colcon_meta']
[0.280s] Level 1:colcon.colcon_core.package_identification:_identify(libmodbus/doc) by extension 'colcon_meta'
[0.281s] Level 1:colcon.colcon_core.package_identification:_identify(libmodbus/doc) by extensions ['ros']
[0.281s] Level 1:colcon.colcon_core.package_identification:_identify(libmodbus/doc) by extension 'ros'
[0.281s] Level 1:colcon.colcon_core.package_identification:_identify(libmodbus/doc) by extensions ['cmake', 'python']
[0.281s] Level 1:colcon.colcon_core.package_identification:_identify(libmodbus/doc) by extension 'cmake'
[0.281s] Level 1:colcon.colcon_core.package_identification:_identify(libmodbus/doc) by extension 'python'
[0.281s] Level 1:colcon.colcon_core.package_identification:_identify(libmodbus/doc) by extensions ['python_setup_py']
[0.281s] Level 1:colcon.colcon_core.package_identification:_identify(libmodbus/doc) by extension 'python_setup_py'
[0.281s] Level 1:colcon.colcon_core.package_identification:_identify(libmodbus/install) by extensions ['ignore', 'ignore_ament_install']
[0.281s] Level 1:colcon.colcon_core.package_identification:_identify(libmodbus/install) by extension 'ignore'
[0.281s] Level 1:colcon.colcon_core.package_identification:_identify(libmodbus/install) ignored
[0.281s] Level 1:colcon.colcon_core.package_identification:_identify(libmodbus/log) by extensions ['ignore', 'ignore_ament_install']
[0.281s] Level 1:colcon.colcon_core.package_identification:_identify(libmodbus/log) by extension 'ignore'
[0.281s] Level 1:colcon.colcon_core.package_identification:_identify(libmodbus/log) ignored
[0.281s] Level 1:colcon.colcon_core.package_identification:_identify(libmodbus/m4) by extensions ['ignore', 'ignore_ament_install']
[0.281s] Level 1:colcon.colcon_core.package_identification:_identify(libmodbus/m4) by extension 'ignore'
[0.281s] Level 1:colcon.colcon_core.package_identification:_identify(libmodbus/m4) by extension 'ignore_ament_install'
[0.281s] Level 1:colcon.colcon_core.package_identification:_identify(libmodbus/m4) by extensions ['colcon_pkg']
[0.281s] Level 1:colcon.colcon_core.package_identification:_identify(libmodbus/m4) by extension 'colcon_pkg'
[0.281s] Level 1:colcon.colcon_core.package_identification:_identify(libmodbus/m4) by extensions ['colcon_meta']
[0.281s] Level 1:colcon.colcon_core.package_identification:_identify(libmodbus/m4) by extension 'colcon_meta'
[0.282s] Level 1:colcon.colcon_core.package_identification:_identify(libmodbus/m4) by extensions ['ros']
[0.282s] Level 1:colcon.colcon_core.package_identification:_identify(libmodbus/m4) by extension 'ros'
[0.282s] Level 1:colcon.colcon_core.package_identification:_identify(libmodbus/m4) by extensions ['cmake', 'python']
[0.282s] Level 1:colcon.colcon_core.package_identification:_identify(libmodbus/m4) by extension 'cmake'
[0.282s] Level 1:colcon.colcon_core.package_identification:_identify(libmodbus/m4) by extension 'python'
[0.282s] Level 1:colcon.colcon_core.package_identification:_identify(libmodbus/m4) by extensions ['python_setup_py']
[0.282s] Level 1:colcon.colcon_core.package_identification:_identify(libmodbus/m4) by extension 'python_setup_py'
[0.282s] Level 1:colcon.colcon_core.package_identification:_identify(libmodbus/src) by extensions ['ignore', 'ignore_ament_install']
[0.282s] Level 1:colcon.colcon_core.package_identification:_identify(libmodbus/src) by extension 'ignore'
[0.282s] Level 1:colcon.colcon_core.package_identification:_identify(libmodbus/src) by extension 'ignore_ament_install'
[0.282s] Level 1:colcon.colcon_core.package_identification:_identify(libmodbus/src) by extensions ['colcon_pkg']
[0.282s] Level 1:colcon.colcon_core.package_identification:_identify(libmodbus/src) by extension 'colcon_pkg'
[0.282s] Level 1:colcon.colcon_core.package_identification:_identify(libmodbus/src) by extensions ['colcon_meta']
[0.282s] Level 1:colcon.colcon_core.package_identification:_identify(libmodbus/src) by extension 'colcon_meta'
[0.282s] Level 1:colcon.colcon_core.package_identification:_identify(libmodbus/src) by extensions ['ros']
[0.282s] Level 1:colcon.colcon_core.package_identification:_identify(libmodbus/src) by extension 'ros'
[0.282s] Level 1:colcon.colcon_core.package_identification:_identify(libmodbus/src) by extensions ['cmake', 'python']
[0.282s] Level 1:colcon.colcon_core.package_identification:_identify(libmodbus/src) by extension 'cmake'
[0.282s] Level 1:colcon.colcon_core.package_identification:_identify(libmodbus/src) by extension 'python'
[0.282s] Level 1:colcon.colcon_core.package_identification:_identify(libmodbus/src) by extensions ['python_setup_py']
[0.282s] Level 1:colcon.colcon_core.package_identification:_identify(libmodbus/src) by extension 'python_setup_py'
[0.282s] Level 1:colcon.colcon_core.package_identification:_identify(libmodbus/src/win32) by extensions ['ignore', 'ignore_ament_install']
[0.283s] Level 1:colcon.colcon_core.package_identification:_identify(libmodbus/src/win32) by extension 'ignore'
[0.283s] Level 1:colcon.colcon_core.package_identification:_identify(libmodbus/src/win32) by extension 'ignore_ament_install'
[0.283s] Level 1:colcon.colcon_core.package_identification:_identify(libmodbus/src/win32) by extensions ['colcon_pkg']
[0.283s] Level 1:colcon.colcon_core.package_identification:_identify(libmodbus/src/win32) by extension 'colcon_pkg'
[0.283s] Level 1:colcon.colcon_core.package_identification:_identify(libmodbus/src/win32) by extensions ['colcon_meta']
[0.283s] Level 1:colcon.colcon_core.package_identification:_identify(libmodbus/src/win32) by extension 'colcon_meta'
[0.283s] Level 1:colcon.colcon_core.package_identification:_identify(libmodbus/src/win32) by extensions ['ros']
[0.283s] Level 1:colcon.colcon_core.package_identification:_identify(libmodbus/src/win32) by extension 'ros'
[0.283s] Level 1:colcon.colcon_core.package_identification:_identify(libmodbus/src/win32) by extensions ['cmake', 'python']
[0.283s] Level 1:colcon.colcon_core.package_identification:_identify(libmodbus/src/win32) by extension 'cmake'
[0.283s] Level 1:colcon.colcon_core.package_identification:_identify(libmodbus/src/win32) by extension 'python'
[0.283s] Level 1:colcon.colcon_core.package_identification:_identify(libmodbus/src/win32) by extensions ['python_setup_py']
[0.283s] Level 1:colcon.colcon_core.package_identification:_identify(libmodbus/src/win32) by extension 'python_setup_py'
[0.283s] Level 1:colcon.colcon_core.package_identification:_identify(libmodbus/tests) by extensions ['ignore', 'ignore_ament_install']
[0.283s] Level 1:colcon.colcon_core.package_identification:_identify(libmodbus/tests) by extension 'ignore'
[0.283s] Level 1:colcon.colcon_core.package_identification:_identify(libmodbus/tests) by extension 'ignore_ament_install'
[0.283s] Level 1:colcon.colcon_core.package_identification:_identify(libmodbus/tests) by extensions ['colcon_pkg']
[0.283s] Level 1:colcon.colcon_core.package_identification:_identify(libmodbus/tests) by extension 'colcon_pkg'
[0.283s] Level 1:colcon.colcon_core.package_identification:_identify(libmodbus/tests) by extensions ['colcon_meta']
[0.283s] Level 1:colcon.colcon_core.package_identification:_identify(libmodbus/tests) by extension 'colcon_meta'
[0.283s] Level 1:colcon.colcon_core.package_identification:_identify(libmodbus/tests) by extensions ['ros']
[0.283s] Level 1:colcon.colcon_core.package_identification:_identify(libmodbus/tests) by extension 'ros'
[0.283s] Level 1:colcon.colcon_core.package_identification:_identify(libmodbus/tests) by extensions ['cmake', 'python']
[0.283s] Level 1:colcon.colcon_core.package_identification:_identify(libmodbus/tests) by extension 'cmake'
[0.283s] Level 1:colcon.colcon_core.package_identification:_identify(libmodbus/tests) by extension 'python'
[0.284s] Level 1:colcon.colcon_core.package_identification:_identify(libmodbus/tests) by extensions ['python_setup_py']
[0.284s] Level 1:colcon.colcon_core.package_identification:_identify(libmodbus/tests) by extension 'python_setup_py'
[0.284s] Level 1:colcon.colcon_core.package_identification:_identify(log) by extensions ['ignore', 'ignore_ament_install']
[0.284s] Level 1:colcon.colcon_core.package_identification:_identify(log) by extension 'ignore'
[0.284s] Level 1:colcon.colcon_core.package_identification:_identify(log) ignored
[0.284s] Level 1:colcon.colcon_core.package_identification:_identify(src) by extensions ['ignore', 'ignore_ament_install']
[0.284s] Level 1:colcon.colcon_core.package_identification:_identify(src) by extension 'ignore'
[0.284s] Level 1:colcon.colcon_core.package_identification:_identify(src) by extension 'ignore_ament_install'
[0.284s] Level 1:colcon.colcon_core.package_identification:_identify(src) by extensions ['colcon_pkg']
[0.284s] Level 1:colcon.colcon_core.package_identification:_identify(src) by extension 'colcon_pkg'
[0.284s] Level 1:colcon.colcon_core.package_identification:_identify(src) by extensions ['colcon_meta']
[0.284s] Level 1:colcon.colcon_core.package_identification:_identify(src) by extension 'colcon_meta'
[0.284s] Level 1:colcon.colcon_core.package_identification:_identify(src) by extensions ['ros']
[0.284s] Level 1:colcon.colcon_core.package_identification:_identify(src) by extension 'ros'
[0.284s] Level 1:colcon.colcon_core.package_identification:_identify(src) by extensions ['cmake', 'python']
[0.284s] Level 1:colcon.colcon_core.package_identification:_identify(src) by extension 'cmake'
[0.284s] Level 1:colcon.colcon_core.package_identification:_identify(src) by extension 'python'
[0.284s] Level 1:colcon.colcon_core.package_identification:_identify(src) by extensions ['python_setup_py']
[0.284s] Level 1:colcon.colcon_core.package_identification:_identify(src) by extension 'python_setup_py'
[0.284s] Level 1:colcon.colcon_core.package_identification:_identify(src/docking) by extensions ['ignore', 'ignore_ament_install']
[0.284s] Level 1:colcon.colcon_core.package_identification:_identify(src/docking) by extension 'ignore'
[0.285s] Level 1:colcon.colcon_core.package_identification:_identify(src/docking) by extension 'ignore_ament_install'
[0.285s] Level 1:colcon.colcon_core.package_identification:_identify(src/docking) by extensions ['colcon_pkg']
[0.285s] Level 1:colcon.colcon_core.package_identification:_identify(src/docking) by extension 'colcon_pkg'
[0.285s] Level 1:colcon.colcon_core.package_identification:_identify(src/docking) by extensions ['colcon_meta']
[0.285s] Level 1:colcon.colcon_core.package_identification:_identify(src/docking) by extension 'colcon_meta'
[0.285s] Level 1:colcon.colcon_core.package_identification:_identify(src/docking) by extensions ['ros']
[0.285s] Level 1:colcon.colcon_core.package_identification:_identify(src/docking) by extension 'ros'
[0.285s] Level 1:colcon.colcon_core.package_identification:_identify(src/docking) by extensions ['cmake', 'python']
[0.285s] Level 1:colcon.colcon_core.package_identification:_identify(src/docking) by extension 'cmake'
[0.285s] Level 1:colcon.colcon_core.package_identification:_identify(src/docking) by extension 'python'
[0.285s] Level 1:colcon.colcon_core.package_identification:_identify(src/docking) by extensions ['python_setup_py']
[0.285s] Level 1:colcon.colcon_core.package_identification:_identify(src/docking) by extension 'python_setup_py'
[0.285s] Level 1:colcon.colcon_core.package_identification:_identify(src/docking/docking_pkg) by extensions ['ignore', 'ignore_ament_install']
[0.285s] Level 1:colcon.colcon_core.package_identification:_identify(src/docking/docking_pkg) by extension 'ignore'
[0.285s] Level 1:colcon.colcon_core.package_identification:_identify(src/docking/docking_pkg) by extension 'ignore_ament_install'
[0.285s] Level 1:colcon.colcon_core.package_identification:_identify(src/docking/docking_pkg) by extensions ['colcon_pkg']
[0.285s] Level 1:colcon.colcon_core.package_identification:_identify(src/docking/docking_pkg) by extension 'colcon_pkg'
[0.285s] Level 1:colcon.colcon_core.package_identification:_identify(src/docking/docking_pkg) by extensions ['colcon_meta']
[0.285s] Level 1:colcon.colcon_core.package_identification:_identify(src/docking/docking_pkg) by extension 'colcon_meta'
[0.285s] Level 1:colcon.colcon_core.package_identification:_identify(src/docking/docking_pkg) by extensions ['ros']
[0.285s] Level 1:colcon.colcon_core.package_identification:_identify(src/docking/docking_pkg) by extension 'ros'
[0.288s] DEBUG:colcon.colcon_core.package_identification:Package 'src/docking/docking_pkg' with type 'ros.ament_python' and name 'docking_pkg'
[0.288s] Level 1:colcon.colcon_core.package_identification:_identify(src/docking/realsense-ros) by extensions ['ignore', 'ignore_ament_install']
[0.288s] Level 1:colcon.colcon_core.package_identification:_identify(src/docking/realsense-ros) by extension 'ignore'
[0.288s] Level 1:colcon.colcon_core.package_identification:_identify(src/docking/realsense-ros) by extension 'ignore_ament_install'
[0.288s] Level 1:colcon.colcon_core.package_identification:_identify(src/docking/realsense-ros) by extensions ['colcon_pkg']
[0.288s] Level 1:colcon.colcon_core.package_identification:_identify(src/docking/realsense-ros) by extension 'colcon_pkg'
[0.288s] Level 1:colcon.colcon_core.package_identification:_identify(src/docking/realsense-ros) by extensions ['colcon_meta']
[0.288s] Level 1:colcon.colcon_core.package_identification:_identify(src/docking/realsense-ros) by extension 'colcon_meta'
[0.288s] Level 1:colcon.colcon_core.package_identification:_identify(src/docking/realsense-ros) by extensions ['ros']
[0.288s] Level 1:colcon.colcon_core.package_identification:_identify(src/docking/realsense-ros) by extension 'ros'
[0.289s] Level 1:colcon.colcon_core.package_identification:_identify(src/docking/realsense-ros) by extensions ['cmake', 'python']
[0.289s] Level 1:colcon.colcon_core.package_identification:_identify(src/docking/realsense-ros) by extension 'cmake'
[0.289s] Level 1:colcon.colcon_core.package_identification:_identify(src/docking/realsense-ros) by extension 'python'
[0.289s] Level 1:colcon.colcon_core.package_identification:_identify(src/docking/realsense-ros) by extensions ['python_setup_py']
[0.289s] Level 1:colcon.colcon_core.package_identification:_identify(src/docking/realsense-ros) by extension 'python_setup_py'
[0.289s] Level 1:colcon.colcon_core.package_identification:_identify(src/docking/realsense-ros/realsense2_camera) by extensions ['ignore', 'ignore_ament_install']
[0.289s] Level 1:colcon.colcon_core.package_identification:_identify(src/docking/realsense-ros/realsense2_camera) by extension 'ignore'
[0.289s] Level 1:colcon.colcon_core.package_identification:_identify(src/docking/realsense-ros/realsense2_camera) by extension 'ignore_ament_install'
[0.289s] Level 1:colcon.colcon_core.package_identification:_identify(src/docking/realsense-ros/realsense2_camera) by extensions ['colcon_pkg']
[0.289s] Level 1:colcon.colcon_core.package_identification:_identify(src/docking/realsense-ros/realsense2_camera) by extension 'colcon_pkg'
[0.289s] Level 1:colcon.colcon_core.package_identification:_identify(src/docking/realsense-ros/realsense2_camera) by extensions ['colcon_meta']
[0.289s] Level 1:colcon.colcon_core.package_identification:_identify(src/docking/realsense-ros/realsense2_camera) by extension 'colcon_meta'
[0.289s] Level 1:colcon.colcon_core.package_identification:_identify(src/docking/realsense-ros/realsense2_camera) by extensions ['ros']
[0.289s] Level 1:colcon.colcon_core.package_identification:_identify(src/docking/realsense-ros/realsense2_camera) by extension 'ros'
[0.302s] DEBUG:colcon.colcon_core.package_identification:Package 'src/docking/realsense-ros/realsense2_camera' with type 'ros.ament_cmake' and name 'realsense2_camera'
[0.303s] Level 1:colcon.colcon_core.package_identification:_identify(src/docking/realsense-ros/realsense2_camera_msgs) by extensions ['ignore', 'ignore_ament_install']
[0.303s] Level 1:colcon.colcon_core.package_identification:_identify(src/docking/realsense-ros/realsense2_camera_msgs) by extension 'ignore'
[0.303s] Level 1:colcon.colcon_core.package_identification:_identify(src/docking/realsense-ros/realsense2_camera_msgs) by extension 'ignore_ament_install'
[0.303s] Level 1:colcon.colcon_core.package_identification:_identify(src/docking/realsense-ros/realsense2_camera_msgs) by extensions ['colcon_pkg']
[0.303s] Level 1:colcon.colcon_core.package_identification:_identify(src/docking/realsense-ros/realsense2_camera_msgs) by extension 'colcon_pkg'
[0.303s] Level 1:colcon.colcon_core.package_identification:_identify(src/docking/realsense-ros/realsense2_camera_msgs) by extensions ['colcon_meta']
[0.303s] Level 1:colcon.colcon_core.package_identification:_identify(src/docking/realsense-ros/realsense2_camera_msgs) by extension 'colcon_meta'
[0.303s] Level 1:colcon.colcon_core.package_identification:_identify(src/docking/realsense-ros/realsense2_camera_msgs) by extensions ['ros']
[0.303s] Level 1:colcon.colcon_core.package_identification:_identify(src/docking/realsense-ros/realsense2_camera_msgs) by extension 'ros'
[0.304s] DEBUG:colcon.colcon_core.package_identification:Package 'src/docking/realsense-ros/realsense2_camera_msgs' with type 'ros.ament_cmake' and name 'realsense2_camera_msgs'
[0.304s] Level 1:colcon.colcon_core.package_identification:_identify(src/docking/realsense-ros/realsense2_description) by extensions ['ignore', 'ignore_ament_install']
[0.304s] Level 1:colcon.colcon_core.package_identification:_identify(src/docking/realsense-ros/realsense2_description) by extension 'ignore'
[0.304s] Level 1:colcon.colcon_core.package_identification:_identify(src/docking/realsense-ros/realsense2_description) by extension 'ignore_ament_install'
[0.304s] Level 1:colcon.colcon_core.package_identification:_identify(src/docking/realsense-ros/realsense2_description) by extensions ['colcon_pkg']
[0.304s] Level 1:colcon.colcon_core.package_identification:_identify(src/docking/realsense-ros/realsense2_description) by extension 'colcon_pkg'
[0.304s] Level 1:colcon.colcon_core.package_identification:_identify(src/docking/realsense-ros/realsense2_description) by extensions ['colcon_meta']
[0.304s] Level 1:colcon.colcon_core.package_identification:_identify(src/docking/realsense-ros/realsense2_description) by extension 'colcon_meta'
[0.304s] Level 1:colcon.colcon_core.package_identification:_identify(src/docking/realsense-ros/realsense2_description) by extensions ['ros']
[0.304s] Level 1:colcon.colcon_core.package_identification:_identify(src/docking/realsense-ros/realsense2_description) by extension 'ros'
[0.305s] DEBUG:colcon.colcon_core.package_identification:Package 'src/docking/realsense-ros/realsense2_description' with type 'ros.ament_cmake' and name 'realsense2_description'
[0.305s] Level 1:colcon.colcon_core.package_identification:_identify(src/docking/realsense-ros/scripts) by extensions ['ignore', 'ignore_ament_install']
[0.305s] Level 1:colcon.colcon_core.package_identification:_identify(src/docking/realsense-ros/scripts) by extension 'ignore'
[0.305s] Level 1:colcon.colcon_core.package_identification:_identify(src/docking/realsense-ros/scripts) by extension 'ignore_ament_install'
[0.305s] Level 1:colcon.colcon_core.package_identification:_identify(src/docking/realsense-ros/scripts) by extensions ['colcon_pkg']
[0.305s] Level 1:colcon.colcon_core.package_identification:_identify(src/docking/realsense-ros/scripts) by extension 'colcon_pkg'
[0.305s] Level 1:colcon.colcon_core.package_identification:_identify(src/docking/realsense-ros/scripts) by extensions ['colcon_meta']
[0.306s] Level 1:colcon.colcon_core.package_identification:_identify(src/docking/realsense-ros/scripts) by extension 'colcon_meta'
[0.306s] Level 1:colcon.colcon_core.package_identification:_identify(src/docking/realsense-ros/scripts) by extensions ['ros']
[0.306s] Level 1:colcon.colcon_core.package_identification:_identify(src/docking/realsense-ros/scripts) by extension 'ros'
[0.306s] Level 1:colcon.colcon_core.package_identification:_identify(src/docking/realsense-ros/scripts) by extensions ['cmake', 'python']
[0.306s] Level 1:colcon.colcon_core.package_identification:_identify(src/docking/realsense-ros/scripts) by extension 'cmake'
[0.306s] Level 1:colcon.colcon_core.package_identification:_identify(src/docking/realsense-ros/scripts) by extension 'python'
[0.306s] Level 1:colcon.colcon_core.package_identification:_identify(src/docking/realsense-ros/scripts) by extensions ['python_setup_py']
[0.306s] Level 1:colcon.colcon_core.package_identification:_identify(src/docking/realsense-ros/scripts) by extension 'python_setup_py'
[0.306s] Level 1:colcon.colcon_core.package_identification:_identify(src/gui) by extensions ['ignore', 'ignore_ament_install']
[0.306s] Level 1:colcon.colcon_core.package_identification:_identify(src/gui) by extension 'ignore'
[0.306s] Level 1:colcon.colcon_core.package_identification:_identify(src/gui) by extension 'ignore_ament_install'
[0.306s] Level 1:colcon.colcon_core.package_identification:_identify(src/gui) by extensions ['colcon_pkg']
[0.306s] Level 1:colcon.colcon_core.package_identification:_identify(src/gui) by extension 'colcon_pkg'
[0.306s] Level 1:colcon.colcon_core.package_identification:_identify(src/gui) by extensions ['colcon_meta']
[0.306s] Level 1:colcon.colcon_core.package_identification:_identify(src/gui) by extension 'colcon_meta'
[0.306s] Level 1:colcon.colcon_core.package_identification:_identify(src/gui) by extensions ['ros']
[0.306s] Level 1:colcon.colcon_core.package_identification:_identify(src/gui) by extension 'ros'
[0.306s] Level 1:colcon.colcon_core.package_identification:_identify(src/gui) by extensions ['cmake', 'python']
[0.306s] Level 1:colcon.colcon_core.package_identification:_identify(src/gui) by extension 'cmake'
[0.306s] Level 1:colcon.colcon_core.package_identification:_identify(src/gui) by extension 'python'
[0.306s] Level 1:colcon.colcon_core.package_identification:_identify(src/gui) by extensions ['python_setup_py']
[0.306s] Level 1:colcon.colcon_core.package_identification:_identify(src/gui) by extension 'python_setup_py'
[0.307s] Level 1:colcon.colcon_core.package_identification:_identify(src/gui/gui) by extensions ['ignore', 'ignore_ament_install']
[0.307s] Level 1:colcon.colcon_core.package_identification:_identify(src/gui/gui) by extension 'ignore'
[0.307s] Level 1:colcon.colcon_core.package_identification:_identify(src/gui/gui) by extension 'ignore_ament_install'
[0.307s] Level 1:colcon.colcon_core.package_identification:_identify(src/gui/gui) by extensions ['colcon_pkg']
[0.307s] Level 1:colcon.colcon_core.package_identification:_identify(src/gui/gui) by extension 'colcon_pkg'
[0.307s] Level 1:colcon.colcon_core.package_identification:_identify(src/gui/gui) by extensions ['colcon_meta']
[0.307s] Level 1:colcon.colcon_core.package_identification:_identify(src/gui/gui) by extension 'colcon_meta'
[0.307s] Level 1:colcon.colcon_core.package_identification:_identify(src/gui/gui) by extensions ['ros']
[0.307s] Level 1:colcon.colcon_core.package_identification:_identify(src/gui/gui) by extension 'ros'
[0.307s] DEBUG:colcon.colcon_core.package_identification:Package 'src/gui/gui' with type 'ros.ament_python' and name 'gui'
[0.307s] Level 1:colcon.colcon_core.package_identification:_identify(src/gui/gui_interface) by extensions ['ignore', 'ignore_ament_install']
[0.307s] Level 1:colcon.colcon_core.package_identification:_identify(src/gui/gui_interface) by extension 'ignore'
[0.307s] Level 1:colcon.colcon_core.package_identification:_identify(src/gui/gui_interface) by extension 'ignore_ament_install'
[0.308s] Level 1:colcon.colcon_core.package_identification:_identify(src/gui/gui_interface) by extensions ['colcon_pkg']
[0.308s] Level 1:colcon.colcon_core.package_identification:_identify(src/gui/gui_interface) by extension 'colcon_pkg'
[0.308s] Level 1:colcon.colcon_core.package_identification:_identify(src/gui/gui_interface) by extensions ['colcon_meta']
[0.308s] Level 1:colcon.colcon_core.package_identification:_identify(src/gui/gui_interface) by extension 'colcon_meta'
[0.308s] Level 1:colcon.colcon_core.package_identification:_identify(src/gui/gui_interface) by extensions ['ros']
[0.308s] Level 1:colcon.colcon_core.package_identification:_identify(src/gui/gui_interface) by extension 'ros'
[0.308s] DEBUG:colcon.colcon_core.package_identification:Package 'src/gui/gui_interface' with type 'ros.ament_cmake' and name 'gui_interface'
[0.308s] Level 1:colcon.colcon_core.package_identification:_identify(src/interface) by extensions ['ignore', 'ignore_ament_install']
[0.308s] Level 1:colcon.colcon_core.package_identification:_identify(src/interface) by extension 'ignore'
[0.308s] Level 1:colcon.colcon_core.package_identification:_identify(src/interface) by extension 'ignore_ament_install'
[0.308s] Level 1:colcon.colcon_core.package_identification:_identify(src/interface) by extensions ['colcon_pkg']
[0.308s] Level 1:colcon.colcon_core.package_identification:_identify(src/interface) by extension 'colcon_pkg'
[0.308s] Level 1:colcon.colcon_core.package_identification:_identify(src/interface) by extensions ['colcon_meta']
[0.308s] Level 1:colcon.colcon_core.package_identification:_identify(src/interface) by extension 'colcon_meta'
[0.309s] Level 1:colcon.colcon_core.package_identification:_identify(src/interface) by extensions ['ros']
[0.309s] Level 1:colcon.colcon_core.package_identification:_identify(src/interface) by extension 'ros'
[0.309s] DEBUG:colcon.colcon_core.package_identification:Package 'src/interface' with type 'ros.ament_cmake' and name 'interface'
[0.309s] Level 1:colcon.colcon_core.package_identification:_identify(src/ira_laser_tools) by extensions ['ignore', 'ignore_ament_install']
[0.309s] Level 1:colcon.colcon_core.package_identification:_identify(src/ira_laser_tools) by extension 'ignore'
[0.309s] Level 1:colcon.colcon_core.package_identification:_identify(src/ira_laser_tools) by extension 'ignore_ament_install'
[0.309s] Level 1:colcon.colcon_core.package_identification:_identify(src/ira_laser_tools) by extensions ['colcon_pkg']
[0.309s] Level 1:colcon.colcon_core.package_identification:_identify(src/ira_laser_tools) by extension 'colcon_pkg'
[0.309s] Level 1:colcon.colcon_core.package_identification:_identify(src/ira_laser_tools) by extensions ['colcon_meta']
[0.309s] Level 1:colcon.colcon_core.package_identification:_identify(src/ira_laser_tools) by extension 'colcon_meta'
[0.309s] Level 1:colcon.colcon_core.package_identification:_identify(src/ira_laser_tools) by extensions ['ros']
[0.309s] Level 1:colcon.colcon_core.package_identification:_identify(src/ira_laser_tools) by extension 'ros'
[0.311s] DEBUG:colcon.colcon_core.package_identification:Package 'src/ira_laser_tools' with type 'ros.ament_cmake' and name 'ira_laser_tools'
[0.311s] Level 1:colcon.colcon_core.package_identification:_identify(src/keyboard_control) by extensions ['ignore', 'ignore_ament_install']
[0.311s] Level 1:colcon.colcon_core.package_identification:_identify(src/keyboard_control) by extension 'ignore'
[0.311s] Level 1:colcon.colcon_core.package_identification:_identify(src/keyboard_control) by extension 'ignore_ament_install'
[0.311s] Level 1:colcon.colcon_core.package_identification:_identify(src/keyboard_control) by extensions ['colcon_pkg']
[0.311s] Level 1:colcon.colcon_core.package_identification:_identify(src/keyboard_control) by extension 'colcon_pkg'
[0.311s] Level 1:colcon.colcon_core.package_identification:_identify(src/keyboard_control) by extensions ['colcon_meta']
[0.311s] Level 1:colcon.colcon_core.package_identification:_identify(src/keyboard_control) by extension 'colcon_meta'
[0.311s] Level 1:colcon.colcon_core.package_identification:_identify(src/keyboard_control) by extensions ['ros']
[0.311s] Level 1:colcon.colcon_core.package_identification:_identify(src/keyboard_control) by extension 'ros'
[0.311s] DEBUG:colcon.colcon_core.package_identification:Package 'src/keyboard_control' with type 'ros.ament_cmake' and name 'keyboard_control'
[0.312s] Level 1:colcon.colcon_core.package_identification:_identify(src/linear_move) by extensions ['ignore', 'ignore_ament_install']
[0.312s] Level 1:colcon.colcon_core.package_identification:_identify(src/linear_move) by extension 'ignore'
[0.312s] Level 1:colcon.colcon_core.package_identification:_identify(src/linear_move) by extension 'ignore_ament_install'
[0.312s] Level 1:colcon.colcon_core.package_identification:_identify(src/linear_move) by extensions ['colcon_pkg']
[0.312s] Level 1:colcon.colcon_core.package_identification:_identify(src/linear_move) by extension 'colcon_pkg'
[0.312s] Level 1:colcon.colcon_core.package_identification:_identify(src/linear_move) by extensions ['colcon_meta']
[0.312s] Level 1:colcon.colcon_core.package_identification:_identify(src/linear_move) by extension 'colcon_meta'
[0.312s] Level 1:colcon.colcon_core.package_identification:_identify(src/linear_move) by extensions ['ros']
[0.312s] Level 1:colcon.colcon_core.package_identification:_identify(src/linear_move) by extension 'ros'
[0.312s] DEBUG:colcon.colcon_core.package_identification:Package 'src/linear_move' with type 'ros.ament_cmake' and name 'linear_move'
[0.312s] Level 1:colcon.colcon_core.package_identification:_identify(src/main_control) by extensions ['ignore', 'ignore_ament_install']
[0.313s] Level 1:colcon.colcon_core.package_identification:_identify(src/main_control) by extension 'ignore'
[0.313s] Level 1:colcon.colcon_core.package_identification:_identify(src/main_control) by extension 'ignore_ament_install'
[0.313s] Level 1:colcon.colcon_core.package_identification:_identify(src/main_control) by extensions ['colcon_pkg']
[0.313s] Level 1:colcon.colcon_core.package_identification:_identify(src/main_control) by extension 'colcon_pkg'
[0.313s] Level 1:colcon.colcon_core.package_identification:_identify(src/main_control) by extensions ['colcon_meta']
[0.313s] Level 1:colcon.colcon_core.package_identification:_identify(src/main_control) by extension 'colcon_meta'
[0.313s] Level 1:colcon.colcon_core.package_identification:_identify(src/main_control) by extensions ['ros']
[0.313s] Level 1:colcon.colcon_core.package_identification:_identify(src/main_control) by extension 'ros'
[0.313s] Level 1:colcon.colcon_core.package_identification:_identify(src/main_control) by extensions ['cmake', 'python']
[0.313s] Level 1:colcon.colcon_core.package_identification:_identify(src/main_control) by extension 'cmake'
[0.313s] Level 1:colcon.colcon_core.package_identification:_identify(src/main_control) by extension 'python'
[0.313s] Level 1:colcon.colcon_core.package_identification:_identify(src/main_control) by extensions ['python_setup_py']
[0.313s] Level 1:colcon.colcon_core.package_identification:_identify(src/main_control) by extension 'python_setup_py'
[0.313s] Level 1:colcon.colcon_core.package_identification:_identify(src/main_control/main_control) by extensions ['ignore', 'ignore_ament_install']
[0.313s] Level 1:colcon.colcon_core.package_identification:_identify(src/main_control/main_control) by extension 'ignore'
[0.313s] Level 1:colcon.colcon_core.package_identification:_identify(src/main_control/main_control) by extension 'ignore_ament_install'
[0.313s] Level 1:colcon.colcon_core.package_identification:_identify(src/main_control/main_control) by extensions ['colcon_pkg']
[0.313s] Level 1:colcon.colcon_core.package_identification:_identify(src/main_control/main_control) by extension 'colcon_pkg'
[0.313s] Level 1:colcon.colcon_core.package_identification:_identify(src/main_control/main_control) by extensions ['colcon_meta']
[0.313s] Level 1:colcon.colcon_core.package_identification:_identify(src/main_control/main_control) by extension 'colcon_meta'
[0.313s] Level 1:colcon.colcon_core.package_identification:_identify(src/main_control/main_control) by extensions ['ros']
[0.314s] Level 1:colcon.colcon_core.package_identification:_identify(src/main_control/main_control) by extension 'ros'
[0.314s] DEBUG:colcon.colcon_core.package_identification:Package 'src/main_control/main_control' with type 'ros.ament_python' and name 'main_control'
[0.314s] Level 1:colcon.colcon_core.package_identification:_identify(src/mecanum) by extensions ['ignore', 'ignore_ament_install']
[0.314s] Level 1:colcon.colcon_core.package_identification:_identify(src/mecanum) by extension 'ignore'
[0.314s] Level 1:colcon.colcon_core.package_identification:_identify(src/mecanum) by extension 'ignore_ament_install'
[0.314s] Level 1:colcon.colcon_core.package_identification:_identify(src/mecanum) by extensions ['colcon_pkg']
[0.314s] Level 1:colcon.colcon_core.package_identification:_identify(src/mecanum) by extension 'colcon_pkg'
[0.314s] Level 1:colcon.colcon_core.package_identification:_identify(src/mecanum) by extensions ['colcon_meta']
[0.314s] Level 1:colcon.colcon_core.package_identification:_identify(src/mecanum) by extension 'colcon_meta'
[0.314s] Level 1:colcon.colcon_core.package_identification:_identify(src/mecanum) by extensions ['ros']
[0.314s] Level 1:colcon.colcon_core.package_identification:_identify(src/mecanum) by extension 'ros'
[0.315s] DEBUG:colcon.colcon_core.package_identification:Package 'src/mecanum' with type 'ros.ament_cmake' and name 'mecanum'
[0.315s] Level 1:colcon.colcon_core.package_identification:_identify(src/pallet) by extensions ['ignore', 'ignore_ament_install']
[0.315s] Level 1:colcon.colcon_core.package_identification:_identify(src/pallet) by extension 'ignore'
[0.315s] Level 1:colcon.colcon_core.package_identification:_identify(src/pallet) by extension 'ignore_ament_install'
[0.315s] Level 1:colcon.colcon_core.package_identification:_identify(src/pallet) by extensions ['colcon_pkg']
[0.315s] Level 1:colcon.colcon_core.package_identification:_identify(src/pallet) by extension 'colcon_pkg'
[0.315s] Level 1:colcon.colcon_core.package_identification:_identify(src/pallet) by extensions ['colcon_meta']
[0.315s] Level 1:colcon.colcon_core.package_identification:_identify(src/pallet) by extension 'colcon_meta'
[0.315s] Level 1:colcon.colcon_core.package_identification:_identify(src/pallet) by extensions ['ros']
[0.315s] Level 1:colcon.colcon_core.package_identification:_identify(src/pallet) by extension 'ros'
[0.315s] Level 1:colcon.colcon_core.package_identification:_identify(src/pallet) by extensions ['cmake', 'python']
[0.315s] Level 1:colcon.colcon_core.package_identification:_identify(src/pallet) by extension 'cmake'
[0.315s] Level 1:colcon.colcon_core.package_identification:_identify(src/pallet) by extension 'python'
[0.315s] Level 1:colcon.colcon_core.package_identification:_identify(src/pallet) by extensions ['python_setup_py']
[0.315s] Level 1:colcon.colcon_core.package_identification:_identify(src/pallet) by extension 'python_setup_py'
[0.316s] Level 1:colcon.colcon_core.package_identification:_identify(src/pallet/pallet_interfaces) by extensions ['ignore', 'ignore_ament_install']
[0.316s] Level 1:colcon.colcon_core.package_identification:_identify(src/pallet/pallet_interfaces) by extension 'ignore'
[0.316s] Level 1:colcon.colcon_core.package_identification:_identify(src/pallet/pallet_interfaces) by extension 'ignore_ament_install'
[0.316s] Level 1:colcon.colcon_core.package_identification:_identify(src/pallet/pallet_interfaces) by extensions ['colcon_pkg']
[0.316s] Level 1:colcon.colcon_core.package_identification:_identify(src/pallet/pallet_interfaces) by extension 'colcon_pkg'
[0.316s] Level 1:colcon.colcon_core.package_identification:_identify(src/pallet/pallet_interfaces) by extensions ['colcon_meta']
[0.316s] Level 1:colcon.colcon_core.package_identification:_identify(src/pallet/pallet_interfaces) by extension 'colcon_meta'
[0.316s] Level 1:colcon.colcon_core.package_identification:_identify(src/pallet/pallet_interfaces) by extensions ['ros']
[0.316s] Level 1:colcon.colcon_core.package_identification:_identify(src/pallet/pallet_interfaces) by extension 'ros'
[0.316s] DEBUG:colcon.colcon_core.package_identification:Package 'src/pallet/pallet_interfaces' with type 'ros.ament_cmake' and name 'pallet_interfaces'
[0.316s] Level 1:colcon.colcon_core.package_identification:_identify(src/pallet/pallet_main) by extensions ['ignore', 'ignore_ament_install']
[0.317s] Level 1:colcon.colcon_core.package_identification:_identify(src/pallet/pallet_main) by extension 'ignore'
[0.317s] Level 1:colcon.colcon_core.package_identification:_identify(src/pallet/pallet_main) by extension 'ignore_ament_install'
[0.317s] Level 1:colcon.colcon_core.package_identification:_identify(src/pallet/pallet_main) by extensions ['colcon_pkg']
[0.317s] Level 1:colcon.colcon_core.package_identification:_identify(src/pallet/pallet_main) by extension 'colcon_pkg'
[0.317s] Level 1:colcon.colcon_core.package_identification:_identify(src/pallet/pallet_main) by extensions ['colcon_meta']
[0.317s] Level 1:colcon.colcon_core.package_identification:_identify(src/pallet/pallet_main) by extension 'colcon_meta'
[0.317s] Level 1:colcon.colcon_core.package_identification:_identify(src/pallet/pallet_main) by extensions ['ros']
[0.317s] Level 1:colcon.colcon_core.package_identification:_identify(src/pallet/pallet_main) by extension 'ros'
[0.317s] DEBUG:colcon.colcon_core.package_identification:Package 'src/pallet/pallet_main' with type 'ros.ament_python' and name 'pallet_main'
[0.317s] Level 1:colcon.colcon_core.package_identification:_identify(src/timda_bringup) by extensions ['ignore', 'ignore_ament_install']
[0.317s] Level 1:colcon.colcon_core.package_identification:_identify(src/timda_bringup) by extension 'ignore'
[0.317s] Level 1:colcon.colcon_core.package_identification:_identify(src/timda_bringup) by extension 'ignore_ament_install'
[0.318s] Level 1:colcon.colcon_core.package_identification:_identify(src/timda_bringup) by extensions ['colcon_pkg']
[0.318s] Level 1:colcon.colcon_core.package_identification:_identify(src/timda_bringup) by extension 'colcon_pkg'
[0.318s] Level 1:colcon.colcon_core.package_identification:_identify(src/timda_bringup) by extensions ['colcon_meta']
[0.318s] Level 1:colcon.colcon_core.package_identification:_identify(src/timda_bringup) by extension 'colcon_meta'
[0.318s] Level 1:colcon.colcon_core.package_identification:_identify(src/timda_bringup) by extensions ['ros']
[0.318s] Level 1:colcon.colcon_core.package_identification:_identify(src/timda_bringup) by extension 'ros'
[0.318s] DEBUG:colcon.colcon_core.package_identification:Package 'src/timda_bringup' with type 'ros.ament_cmake' and name 'timda_bringup'
[0.318s] Level 1:colcon.colcon_core.package_identification:_identify(src/timda_sim) by extensions ['ignore', 'ignore_ament_install']
[0.318s] Level 1:colcon.colcon_core.package_identification:_identify(src/timda_sim) by extension 'ignore'
[0.318s] Level 1:colcon.colcon_core.package_identification:_identify(src/timda_sim) by extension 'ignore_ament_install'
[0.318s] Level 1:colcon.colcon_core.package_identification:_identify(src/timda_sim) by extensions ['colcon_pkg']
[0.318s] Level 1:colcon.colcon_core.package_identification:_identify(src/timda_sim) by extension 'colcon_pkg'
[0.318s] Level 1:colcon.colcon_core.package_identification:_identify(src/timda_sim) by extensions ['colcon_meta']
[0.318s] Level 1:colcon.colcon_core.package_identification:_identify(src/timda_sim) by extension 'colcon_meta'
[0.318s] Level 1:colcon.colcon_core.package_identification:_identify(src/timda_sim) by extensions ['ros']
[0.319s] Level 1:colcon.colcon_core.package_identification:_identify(src/timda_sim) by extension 'ros'
[0.319s] Level 1:colcon.colcon_core.package_identification:_identify(src/timda_sim) by extensions ['cmake', 'python']
[0.319s] Level 1:colcon.colcon_core.package_identification:_identify(src/timda_sim) by extension 'cmake'
[0.319s] Level 1:colcon.colcon_core.package_identification:_identify(src/timda_sim) by extension 'python'
[0.319s] Level 1:colcon.colcon_core.package_identification:_identify(src/timda_sim) by extensions ['python_setup_py']
[0.319s] Level 1:colcon.colcon_core.package_identification:_identify(src/timda_sim) by extension 'python_setup_py'
[0.319s] Level 1:colcon.colcon_core.package_identification:_identify(src/timda_sim/mobile_description) by extensions ['ignore', 'ignore_ament_install']
[0.319s] Level 1:colcon.colcon_core.package_identification:_identify(src/timda_sim/mobile_description) by extension 'ignore'
[0.319s] Level 1:colcon.colcon_core.package_identification:_identify(src/timda_sim/mobile_description) by extension 'ignore_ament_install'
[0.319s] Level 1:colcon.colcon_core.package_identification:_identify(src/timda_sim/mobile_description) by extensions ['colcon_pkg']
[0.319s] Level 1:colcon.colcon_core.package_identification:_identify(src/timda_sim/mobile_description) by extension 'colcon_pkg'
[0.319s] Level 1:colcon.colcon_core.package_identification:_identify(src/timda_sim/mobile_description) by extensions ['colcon_meta']
[0.319s] Level 1:colcon.colcon_core.package_identification:_identify(src/timda_sim/mobile_description) by extension 'colcon_meta'
[0.319s] Level 1:colcon.colcon_core.package_identification:_identify(src/timda_sim/mobile_description) by extensions ['ros']
[0.319s] Level 1:colcon.colcon_core.package_identification:_identify(src/timda_sim/mobile_description) by extension 'ros'
[0.320s] DEBUG:colcon.colcon_core.package_identification:Package 'src/timda_sim/mobile_description' with type 'ros.ament_cmake' and name 'mobile_description'
[0.320s] Level 1:colcon.colcon_core.package_identification:_identify(src/timda_sim/robot_arm_description) by extensions ['ignore', 'ignore_ament_install']
[0.320s] Level 1:colcon.colcon_core.package_identification:_identify(src/timda_sim/robot_arm_description) by extension 'ignore'
[0.320s] Level 1:colcon.colcon_core.package_identification:_identify(src/timda_sim/robot_arm_description) by extension 'ignore_ament_install'
[0.320s] Level 1:colcon.colcon_core.package_identification:_identify(src/timda_sim/robot_arm_description) by extensions ['colcon_pkg']
[0.320s] Level 1:colcon.colcon_core.package_identification:_identify(src/timda_sim/robot_arm_description) by extension 'colcon_pkg'
[0.320s] Level 1:colcon.colcon_core.package_identification:_identify(src/timda_sim/robot_arm_description) by extensions ['colcon_meta']
[0.320s] Level 1:colcon.colcon_core.package_identification:_identify(src/timda_sim/robot_arm_description) by extension 'colcon_meta'
[0.320s] Level 1:colcon.colcon_core.package_identification:_identify(src/timda_sim/robot_arm_description) by extensions ['ros']
[0.320s] Level 1:colcon.colcon_core.package_identification:_identify(src/timda_sim/robot_arm_description) by extension 'ros'
[0.320s] DEBUG:colcon.colcon_core.package_identification:Package 'src/timda_sim/robot_arm_description' with type 'ros.ament_cmake' and name 'robot_arm_description'
[0.320s] Level 1:colcon.colcon_core.package_identification:_identify(src/timda_sim/suction_description) by extensions ['ignore', 'ignore_ament_install']
[0.321s] Level 1:colcon.colcon_core.package_identification:_identify(src/timda_sim/suction_description) by extension 'ignore'
[0.321s] Level 1:colcon.colcon_core.package_identification:_identify(src/timda_sim/suction_description) by extension 'ignore_ament_install'
[0.321s] Level 1:colcon.colcon_core.package_identification:_identify(src/timda_sim/suction_description) by extensions ['colcon_pkg']
[0.321s] Level 1:colcon.colcon_core.package_identification:_identify(src/timda_sim/suction_description) by extension 'colcon_pkg'
[0.321s] Level 1:colcon.colcon_core.package_identification:_identify(src/timda_sim/suction_description) by extensions ['colcon_meta']
[0.321s] Level 1:colcon.colcon_core.package_identification:_identify(src/timda_sim/suction_description) by extension 'colcon_meta'
[0.321s] Level 1:colcon.colcon_core.package_identification:_identify(src/timda_sim/suction_description) by extensions ['ros']
[0.321s] Level 1:colcon.colcon_core.package_identification:_identify(src/timda_sim/suction_description) by extension 'ros'
[0.321s] DEBUG:colcon.colcon_core.package_identification:Package 'src/timda_sim/suction_description' with type 'ros.ament_cmake' and name 'suction_description'
[0.321s] Level 1:colcon.colcon_core.package_identification:_identify(src/timda_sim/timda_body_description) by extensions ['ignore', 'ignore_ament_install']
[0.321s] Level 1:colcon.colcon_core.package_identification:_identify(src/timda_sim/timda_body_description) by extension 'ignore'
[0.321s] Level 1:colcon.colcon_core.package_identification:_identify(src/timda_sim/timda_body_description) by extension 'ignore_ament_install'
[0.321s] Level 1:colcon.colcon_core.package_identification:_identify(src/timda_sim/timda_body_description) by extensions ['colcon_pkg']
[0.321s] Level 1:colcon.colcon_core.package_identification:_identify(src/timda_sim/timda_body_description) by extension 'colcon_pkg'
[0.322s] Level 1:colcon.colcon_core.package_identification:_identify(src/timda_sim/timda_body_description) by extensions ['colcon_meta']
[0.322s] Level 1:colcon.colcon_core.package_identification:_identify(src/timda_sim/timda_body_description) by extension 'colcon_meta'
[0.322s] Level 1:colcon.colcon_core.package_identification:_identify(src/timda_sim/timda_body_description) by extensions ['ros']
[0.322s] Level 1:colcon.colcon_core.package_identification:_identify(src/timda_sim/timda_body_description) by extension 'ros'
[0.322s] DEBUG:colcon.colcon_core.package_identification:Package 'src/timda_sim/timda_body_description' with type 'ros.ament_cmake' and name 'timda_body_description'
[0.322s] Level 1:colcon.colcon_core.package_identification:_identify(src/timda_sim/timda_description) by extensions ['ignore', 'ignore_ament_install']
[0.322s] Level 1:colcon.colcon_core.package_identification:_identify(src/timda_sim/timda_description) by extension 'ignore'
[0.322s] Level 1:colcon.colcon_core.package_identification:_identify(src/timda_sim/timda_description) by extension 'ignore_ament_install'
[0.322s] Level 1:colcon.colcon_core.package_identification:_identify(src/timda_sim/timda_description) by extensions ['colcon_pkg']
[0.322s] Level 1:colcon.colcon_core.package_identification:_identify(src/timda_sim/timda_description) by extension 'colcon_pkg'
[0.322s] Level 1:colcon.colcon_core.package_identification:_identify(src/timda_sim/timda_description) by extensions ['colcon_meta']
[0.322s] Level 1:colcon.colcon_core.package_identification:_identify(src/timda_sim/timda_description) by extension 'colcon_meta'
[0.322s] Level 1:colcon.colcon_core.package_identification:_identify(src/timda_sim/timda_description) by extensions ['ros']
[0.322s] Level 1:colcon.colcon_core.package_identification:_identify(src/timda_sim/timda_description) by extension 'ros'
[0.323s] DEBUG:colcon.colcon_core.package_identification:Package 'src/timda_sim/timda_description' with type 'ros.ament_cmake' and name 'timda_description'
[0.323s] Level 1:colcon.colcon_core.package_identification:_identify(src/timda_sim/timda_gazebo) by extensions ['ignore', 'ignore_ament_install']
[0.323s] Level 1:colcon.colcon_core.package_identification:_identify(src/timda_sim/timda_gazebo) by extension 'ignore'
[0.323s] Level 1:colcon.colcon_core.package_identification:_identify(src/timda_sim/timda_gazebo) by extension 'ignore_ament_install'
[0.323s] Level 1:colcon.colcon_core.package_identification:_identify(src/timda_sim/timda_gazebo) by extensions ['colcon_pkg']
[0.323s] Level 1:colcon.colcon_core.package_identification:_identify(src/timda_sim/timda_gazebo) by extension 'colcon_pkg'
[0.323s] Level 1:colcon.colcon_core.package_identification:_identify(src/timda_sim/timda_gazebo) by extensions ['colcon_meta']
[0.323s] Level 1:colcon.colcon_core.package_identification:_identify(src/timda_sim/timda_gazebo) by extension 'colcon_meta'
[0.323s] Level 1:colcon.colcon_core.package_identification:_identify(src/timda_sim/timda_gazebo) by extensions ['ros']
[0.323s] Level 1:colcon.colcon_core.package_identification:_identify(src/timda_sim/timda_gazebo) by extension 'ros'
[0.324s] DEBUG:colcon.colcon_core.package_identification:Package 'src/timda_sim/timda_gazebo' with type 'ros.ament_cmake' and name 'timda_gazebo'
[0.324s] Level 1:colcon.colcon_core.package_discovery:discover_packages(recursive) using defaults
[0.324s] Level 1:colcon.colcon_core.package_discovery:discover_packages(ignore) discover
[0.324s] Level 1:colcon.colcon_core.package_discovery:discover_packages(ignore) using defaults
[0.324s] Level 1:colcon.colcon_core.package_discovery:discover_packages(path) discover
[0.324s] Level 1:colcon.colcon_core.package_discovery:discover_packages(path) using defaults
[0.344s] Level 1:colcon.colcon_core.package_discovery:discover_packages(prefix_path) check parameters
[0.344s] Level 1:colcon.colcon_core.package_discovery:discover_packages(prefix_path) discover
[0.347s] DEBUG:colcon.colcon_installed_package_information.package_discovery:Found 21 installed packages in /home/eating/work/install
[0.348s] DEBUG:colcon.colcon_installed_package_information.package_discovery:Found 278 installed packages in /opt/ros/humble
[0.349s] Level 1:colcon.colcon_core.package_discovery:discover_packages(prefix_path) using defaults
[0.385s] Level 5:colcon.colcon_core.verb:set package 'docking_pkg' build argument 'cmake_args' from command line to 'None'
[0.385s] Level 5:colcon.colcon_core.verb:set package 'docking_pkg' build argument 'cmake_target' from command line to 'None'
[0.385s] Level 5:colcon.colcon_core.verb:set package 'docking_pkg' build argument 'cmake_target_skip_unavailable' from command line to 'False'
[0.385s] Level 5:colcon.colcon_core.verb:set package 'docking_pkg' build argument 'cmake_clean_cache' from command line to 'False'
[0.385s] Level 5:colcon.colcon_core.verb:set package 'docking_pkg' build argument 'cmake_clean_first' from command line to 'False'
[0.385s] Level 5:colcon.colcon_core.verb:set package 'docking_pkg' build argument 'cmake_force_configure' from command line to 'False'
[0.385s] Level 5:colcon.colcon_core.verb:set package 'docking_pkg' build argument 'ament_cmake_args' from command line to 'None'
[0.385s] Level 5:colcon.colcon_core.verb:set package 'docking_pkg' build argument 'catkin_cmake_args' from command line to 'None'
[0.385s] Level 5:colcon.colcon_core.verb:set package 'docking_pkg' build argument 'catkin_skip_building_tests' from command line to 'False'
[0.385s] DEBUG:colcon.colcon_core.verb:Building package 'docking_pkg' with the following arguments: {'ament_cmake_args': None, 'build_base': '/home/eating/work/build/docking_pkg', 'catkin_cmake_args': None, 'catkin_skip_building_tests': False, 'cmake_args': None, 'cmake_clean_cache': False, 'cmake_clean_first': False, 'cmake_force_configure': False, 'cmake_target': None, 'cmake_target_skip_unavailable': False, 'install_base': '/home/eating/work/install/docking_pkg', 'merge_install': False, 'path': '/home/eating/work/src/docking/docking_pkg', 'symlink_install': False, 'test_result_base': None}
[0.386s] Level 5:colcon.colcon_core.verb:set package 'gui_interface' build argument 'cmake_args' from command line to 'None'
[0.386s] Level 5:colcon.colcon_core.verb:set package 'gui_interface' build argument 'cmake_target' from command line to 'None'
[0.386s] Level 5:colcon.colcon_core.verb:set package 'gui_interface' build argument 'cmake_target_skip_unavailable' from command line to 'False'
[0.386s] Level 5:colcon.colcon_core.verb:set package 'gui_interface' build argument 'cmake_clean_cache' from command line to 'False'
[0.386s] Level 5:colcon.colcon_core.verb:set package 'gui_interface' build argument 'cmake_clean_first' from command line to 'False'
[0.386s] Level 5:colcon.colcon_core.verb:set package 'gui_interface' build argument 'cmake_force_configure' from command line to 'False'
[0.386s] Level 5:colcon.colcon_core.verb:set package 'gui_interface' build argument 'ament_cmake_args' from command line to 'None'
[0.386s] Level 5:colcon.colcon_core.verb:set package 'gui_interface' build argument 'catkin_cmake_args' from command line to 'None'
[0.386s] Level 5:colcon.colcon_core.verb:set package 'gui_interface' build argument 'catkin_skip_building_tests' from command line to 'False'
[0.386s] DEBUG:colcon.colcon_core.verb:Building package 'gui_interface' with the following arguments: {'ament_cmake_args': None, 'build_base': '/home/eating/work/build/gui_interface', 'catkin_cmake_args': None, 'catkin_skip_building_tests': False, 'cmake_args': None, 'cmake_clean_cache': False, 'cmake_clean_first': False, 'cmake_force_configure': False, 'cmake_target': None, 'cmake_target_skip_unavailable': False, 'install_base': '/home/eating/work/install/gui_interface', 'merge_install': False, 'path': '/home/eating/work/src/gui/gui_interface', 'symlink_install': False, 'test_result_base': None}
[0.386s] Level 5:colcon.colcon_core.verb:set package 'interface' build argument 'cmake_args' from command line to 'None'
[0.386s] Level 5:colcon.colcon_core.verb:set package 'interface' build argument 'cmake_target' from command line to 'None'
[0.386s] Level 5:colcon.colcon_core.verb:set package 'interface' build argument 'cmake_target_skip_unavailable' from command line to 'False'
[0.386s] Level 5:colcon.colcon_core.verb:set package 'interface' build argument 'cmake_clean_cache' from command line to 'False'
[0.386s] Level 5:colcon.colcon_core.verb:set package 'interface' build argument 'cmake_clean_first' from command line to 'False'
[0.386s] Level 5:colcon.colcon_core.verb:set package 'interface' build argument 'cmake_force_configure' from command line to 'False'
[0.386s] Level 5:colcon.colcon_core.verb:set package 'interface' build argument 'ament_cmake_args' from command line to 'None'
[0.386s] Level 5:colcon.colcon_core.verb:set package 'interface' build argument 'catkin_cmake_args' from command line to 'None'
[0.386s] Level 5:colcon.colcon_core.verb:set package 'interface' build argument 'catkin_skip_building_tests' from command line to 'False'
[0.386s] DEBUG:colcon.colcon_core.verb:Building package 'interface' with the following arguments: {'ament_cmake_args': None, 'build_base': '/home/eating/work/build/interface', 'catkin_cmake_args': None, 'catkin_skip_building_tests': False, 'cmake_args': None, 'cmake_clean_cache': False, 'cmake_clean_first': False, 'cmake_force_configure': False, 'cmake_target': None, 'cmake_target_skip_unavailable': False, 'install_base': '/home/eating/work/install/interface', 'merge_install': False, 'path': '/home/eating/work/src/interface', 'symlink_install': False, 'test_result_base': None}
[0.387s] Level 5:colcon.colcon_core.verb:set package 'ira_laser_tools' build argument 'cmake_args' from command line to 'None'
[0.387s] Level 5:colcon.colcon_core.verb:set package 'ira_laser_tools' build argument 'cmake_target' from command line to 'None'
[0.387s] Level 5:colcon.colcon_core.verb:set package 'ira_laser_tools' build argument 'cmake_target_skip_unavailable' from command line to 'False'
[0.387s] Level 5:colcon.colcon_core.verb:set package 'ira_laser_tools' build argument 'cmake_clean_cache' from command line to 'False'
[0.387s] Level 5:colcon.colcon_core.verb:set package 'ira_laser_tools' build argument 'cmake_clean_first' from command line to 'False'
[0.387s] Level 5:colcon.colcon_core.verb:set package 'ira_laser_tools' build argument 'cmake_force_configure' from command line to 'False'
[0.387s] Level 5:colcon.colcon_core.verb:set package 'ira_laser_tools' build argument 'ament_cmake_args' from command line to 'None'
[0.387s] Level 5:colcon.colcon_core.verb:set package 'ira_laser_tools' build argument 'catkin_cmake_args' from command line to 'None'
[0.387s] Level 5:colcon.colcon_core.verb:set package 'ira_laser_tools' build argument 'catkin_skip_building_tests' from command line to 'False'
[0.387s] DEBUG:colcon.colcon_core.verb:Building package 'ira_laser_tools' with the following arguments: {'ament_cmake_args': None, 'build_base': '/home/eating/work/build/ira_laser_tools', 'catkin_cmake_args': None, 'catkin_skip_building_tests': False, 'cmake_args': None, 'cmake_clean_cache': False, 'cmake_clean_first': False, 'cmake_force_configure': False, 'cmake_target': None, 'cmake_target_skip_unavailable': False, 'install_base': '/home/eating/work/install/ira_laser_tools', 'merge_install': False, 'path': '/home/eating/work/src/ira_laser_tools', 'symlink_install': False, 'test_result_base': None}
[0.387s] Level 5:colcon.colcon_core.verb:set package 'keyboard_control' build argument 'cmake_args' from command line to 'None'
[0.387s] Level 5:colcon.colcon_core.verb:set package 'keyboard_control' build argument 'cmake_target' from command line to 'None'
[0.387s] Level 5:colcon.colcon_core.verb:set package 'keyboard_control' build argument 'cmake_target_skip_unavailable' from command line to 'False'
[0.387s] Level 5:colcon.colcon_core.verb:set package 'keyboard_control' build argument 'cmake_clean_cache' from command line to 'False'
[0.387s] Level 5:colcon.colcon_core.verb:set package 'keyboard_control' build argument 'cmake_clean_first' from command line to 'False'
[0.387s] Level 5:colcon.colcon_core.verb:set package 'keyboard_control' build argument 'cmake_force_configure' from command line to 'False'
[0.387s] Level 5:colcon.colcon_core.verb:set package 'keyboard_control' build argument 'ament_cmake_args' from command line to 'None'
[0.387s] Level 5:colcon.colcon_core.verb:set package 'keyboard_control' build argument 'catkin_cmake_args' from command line to 'None'
[0.387s] Level 5:colcon.colcon_core.verb:set package 'keyboard_control' build argument 'catkin_skip_building_tests' from command line to 'False'
[0.387s] DEBUG:colcon.colcon_core.verb:Building package 'keyboard_control' with the following arguments: {'ament_cmake_args': None, 'build_base': '/home/eating/work/build/keyboard_control', 'catkin_cmake_args': None, 'catkin_skip_building_tests': False, 'cmake_args': None, 'cmake_clean_cache': False, 'cmake_clean_first': False, 'cmake_force_configure': False, 'cmake_target': None, 'cmake_target_skip_unavailable': False, 'install_base': '/home/eating/work/install/keyboard_control', 'merge_install': False, 'path': '/home/eating/work/src/keyboard_control', 'symlink_install': False, 'test_result_base': None}
[0.388s] Level 5:colcon.colcon_core.verb:set package 'linear_move' build argument 'cmake_args' from command line to 'None'
[0.388s] Level 5:colcon.colcon_core.verb:set package 'linear_move' build argument 'cmake_target' from command line to 'None'
[0.388s] Level 5:colcon.colcon_core.verb:set package 'linear_move' build argument 'cmake_target_skip_unavailable' from command line to 'False'
[0.388s] Level 5:colcon.colcon_core.verb:set package 'linear_move' build argument 'cmake_clean_cache' from command line to 'False'
[0.388s] Level 5:colcon.colcon_core.verb:set package 'linear_move' build argument 'cmake_clean_first' from command line to 'False'
[0.388s] Level 5:colcon.colcon_core.verb:set package 'linear_move' build argument 'cmake_force_configure' from command line to 'False'
[0.388s] Level 5:colcon.colcon_core.verb:set package 'linear_move' build argument 'ament_cmake_args' from command line to 'None'
[0.388s] Level 5:colcon.colcon_core.verb:set package 'linear_move' build argument 'catkin_cmake_args' from command line to 'None'
[0.388s] Level 5:colcon.colcon_core.verb:set package 'linear_move' build argument 'catkin_skip_building_tests' from command line to 'False'
[0.388s] DEBUG:colcon.colcon_core.verb:Building package 'linear_move' with the following arguments: {'ament_cmake_args': None, 'build_base': '/home/eating/work/build/linear_move', 'catkin_cmake_args': None, 'catkin_skip_building_tests': False, 'cmake_args': None, 'cmake_clean_cache': False, 'cmake_clean_first': False, 'cmake_force_configure': False, 'cmake_target': None, 'cmake_target_skip_unavailable': False, 'install_base': '/home/eating/work/install/linear_move', 'merge_install': False, 'path': '/home/eating/work/src/linear_move', 'symlink_install': False, 'test_result_base': None}
[0.388s] Level 5:colcon.colcon_core.verb:set package 'mecanum' build argument 'cmake_args' from command line to 'None'
[0.388s] Level 5:colcon.colcon_core.verb:set package 'mecanum' build argument 'cmake_target' from command line to 'None'
[0.388s] Level 5:colcon.colcon_core.verb:set package 'mecanum' build argument 'cmake_target_skip_unavailable' from command line to 'False'
[0.388s] Level 5:colcon.colcon_core.verb:set package 'mecanum' build argument 'cmake_clean_cache' from command line to 'False'
[0.388s] Level 5:colcon.colcon_core.verb:set package 'mecanum' build argument 'cmake_clean_first' from command line to 'False'
[0.388s] Level 5:colcon.colcon_core.verb:set package 'mecanum' build argument 'cmake_force_configure' from command line to 'False'
[0.388s] Level 5:colcon.colcon_core.verb:set package 'mecanum' build argument 'ament_cmake_args' from command line to 'None'
[0.388s] Level 5:colcon.colcon_core.verb:set package 'mecanum' build argument 'catkin_cmake_args' from command line to 'None'
[0.388s] Level 5:colcon.colcon_core.verb:set package 'mecanum' build argument 'catkin_skip_building_tests' from command line to 'False'
[0.388s] DEBUG:colcon.colcon_core.verb:Building package 'mecanum' with the following arguments: {'ament_cmake_args': None, 'build_base': '/home/eating/work/build/mecanum', 'catkin_cmake_args': None, 'catkin_skip_building_tests': False, 'cmake_args': None, 'cmake_clean_cache': False, 'cmake_clean_first': False, 'cmake_force_configure': False, 'cmake_target': None, 'cmake_target_skip_unavailable': False, 'install_base': '/home/eating/work/install/mecanum', 'merge_install': False, 'path': '/home/eating/work/src/mecanum', 'symlink_install': False, 'test_result_base': None}
[0.389s] Level 5:colcon.colcon_core.verb:set package 'mobile_description' build argument 'cmake_args' from command line to 'None'
[0.389s] Level 5:colcon.colcon_core.verb:set package 'mobile_description' build argument 'cmake_target' from command line to 'None'
[0.389s] Level 5:colcon.colcon_core.verb:set package 'mobile_description' build argument 'cmake_target_skip_unavailable' from command line to 'False'
[0.389s] Level 5:colcon.colcon_core.verb:set package 'mobile_description' build argument 'cmake_clean_cache' from command line to 'False'
[0.389s] Level 5:colcon.colcon_core.verb:set package 'mobile_description' build argument 'cmake_clean_first' from command line to 'False'
[0.389s] Level 5:colcon.colcon_core.verb:set package 'mobile_description' build argument 'cmake_force_configure' from command line to 'False'
[0.389s] Level 5:colcon.colcon_core.verb:set package 'mobile_description' build argument 'ament_cmake_args' from command line to 'None'
[0.389s] Level 5:colcon.colcon_core.verb:set package 'mobile_description' build argument 'catkin_cmake_args' from command line to 'None'
[0.389s] Level 5:colcon.colcon_core.verb:set package 'mobile_description' build argument 'catkin_skip_building_tests' from command line to 'False'
[0.389s] DEBUG:colcon.colcon_core.verb:Building package 'mobile_description' with the following arguments: {'ament_cmake_args': None, 'build_base': '/home/eating/work/build/mobile_description', 'catkin_cmake_args': None, 'catkin_skip_building_tests': False, 'cmake_args': None, 'cmake_clean_cache': False, 'cmake_clean_first': False, 'cmake_force_configure': False, 'cmake_target': None, 'cmake_target_skip_unavailable': False, 'install_base': '/home/eating/work/install/mobile_description', 'merge_install': False, 'path': '/home/eating/work/src/timda_sim/mobile_description', 'symlink_install': False, 'test_result_base': None}
[0.389s] Level 5:colcon.colcon_core.verb:set package 'pallet_interfaces' build argument 'cmake_args' from command line to 'None'
[0.389s] Level 5:colcon.colcon_core.verb:set package 'pallet_interfaces' build argument 'cmake_target' from command line to 'None'
[0.389s] Level 5:colcon.colcon_core.verb:set package 'pallet_interfaces' build argument 'cmake_target_skip_unavailable' from command line to 'False'
[0.389s] Level 5:colcon.colcon_core.verb:set package 'pallet_interfaces' build argument 'cmake_clean_cache' from command line to 'False'
[0.389s] Level 5:colcon.colcon_core.verb:set package 'pallet_interfaces' build argument 'cmake_clean_first' from command line to 'False'
[0.389s] Level 5:colcon.colcon_core.verb:set package 'pallet_interfaces' build argument 'cmake_force_configure' from command line to 'False'
[0.389s] Level 5:colcon.colcon_core.verb:set package 'pallet_interfaces' build argument 'ament_cmake_args' from command line to 'None'
[0.389s] Level 5:colcon.colcon_core.verb:set package 'pallet_interfaces' build argument 'catkin_cmake_args' from command line to 'None'
[0.389s] Level 5:colcon.colcon_core.verb:set package 'pallet_interfaces' build argument 'catkin_skip_building_tests' from command line to 'False'
[0.389s] DEBUG:colcon.colcon_core.verb:Building package 'pallet_interfaces' with the following arguments: {'ament_cmake_args': None, 'build_base': '/home/eating/work/build/pallet_interfaces', 'catkin_cmake_args': None, 'catkin_skip_building_tests': False, 'cmake_args': None, 'cmake_clean_cache': False, 'cmake_clean_first': False, 'cmake_force_configure': False, 'cmake_target': None, 'cmake_target_skip_unavailable': False, 'install_base': '/home/eating/work/install/pallet_interfaces', 'merge_install': False, 'path': '/home/eating/work/src/pallet/pallet_interfaces', 'symlink_install': False, 'test_result_base': None}
[0.390s] Level 5:colcon.colcon_core.verb:set package 'pallet_main' build argument 'cmake_args' from command line to 'None'
[0.390s] Level 5:colcon.colcon_core.verb:set package 'pallet_main' build argument 'cmake_target' from command line to 'None'
[0.390s] Level 5:colcon.colcon_core.verb:set package 'pallet_main' build argument 'cmake_target_skip_unavailable' from command line to 'False'
[0.390s] Level 5:colcon.colcon_core.verb:set package 'pallet_main' build argument 'cmake_clean_cache' from command line to 'False'
[0.390s] Level 5:colcon.colcon_core.verb:set package 'pallet_main' build argument 'cmake_clean_first' from command line to 'False'
[0.390s] Level 5:colcon.colcon_core.verb:set package 'pallet_main' build argument 'cmake_force_configure' from command line to 'False'
[0.390s] Level 5:colcon.colcon_core.verb:set package 'pallet_main' build argument 'ament_cmake_args' from command line to 'None'
[0.390s] Level 5:colcon.colcon_core.verb:set package 'pallet_main' build argument 'catkin_cmake_args' from command line to 'None'
[0.390s] Level 5:colcon.colcon_core.verb:set package 'pallet_main' build argument 'catkin_skip_building_tests' from command line to 'False'
[0.390s] DEBUG:colcon.colcon_core.verb:Building package 'pallet_main' with the following arguments: {'ament_cmake_args': None, 'build_base': '/home/eating/work/build/pallet_main', 'catkin_cmake_args': None, 'catkin_skip_building_tests': False, 'cmake_args': None, 'cmake_clean_cache': False, 'cmake_clean_first': False, 'cmake_force_configure': False, 'cmake_target': None, 'cmake_target_skip_unavailable': False, 'install_base': '/home/eating/work/install/pallet_main', 'merge_install': False, 'path': '/home/eating/work/src/pallet/pallet_main', 'symlink_install': False, 'test_result_base': None}
[0.390s] Level 5:colcon.colcon_core.verb:set package 'realsense2_camera_msgs' build argument 'cmake_args' from command line to 'None'
[0.390s] Level 5:colcon.colcon_core.verb:set package 'realsense2_camera_msgs' build argument 'cmake_target' from command line to 'None'
[0.390s] Level 5:colcon.colcon_core.verb:set package 'realsense2_camera_msgs' build argument 'cmake_target_skip_unavailable' from command line to 'False'
[0.390s] Level 5:colcon.colcon_core.verb:set package 'realsense2_camera_msgs' build argument 'cmake_clean_cache' from command line to 'False'
[0.390s] Level 5:colcon.colcon_core.verb:set package 'realsense2_camera_msgs' build argument 'cmake_clean_first' from command line to 'False'
[0.390s] Level 5:colcon.colcon_core.verb:set package 'realsense2_camera_msgs' build argument 'cmake_force_configure' from command line to 'False'
[0.390s] Level 5:colcon.colcon_core.verb:set package 'realsense2_camera_msgs' build argument 'ament_cmake_args' from command line to 'None'
[0.390s] Level 5:colcon.colcon_core.verb:set package 'realsense2_camera_msgs' build argument 'catkin_cmake_args' from command line to 'None'
[0.390s] Level 5:colcon.colcon_core.verb:set package 'realsense2_camera_msgs' build argument 'catkin_skip_building_tests' from command line to 'False'
[0.390s] DEBUG:colcon.colcon_core.verb:Building package 'realsense2_camera_msgs' with the following arguments: {'ament_cmake_args': None, 'build_base': '/home/eating/work/build/realsense2_camera_msgs', 'catkin_cmake_args': None, 'catkin_skip_building_tests': False, 'cmake_args': None, 'cmake_clean_cache': False, 'cmake_clean_first': False, 'cmake_force_configure': False, 'cmake_target': None, 'cmake_target_skip_unavailable': False, 'install_base': '/home/eating/work/install/realsense2_camera_msgs', 'merge_install': False, 'path': '/home/eating/work/src/docking/realsense-ros/realsense2_camera_msgs', 'symlink_install': False, 'test_result_base': None}
[0.391s] Level 5:colcon.colcon_core.verb:set package 'robot_arm_description' build argument 'cmake_args' from command line to 'None'
[0.391s] Level 5:colcon.colcon_core.verb:set package 'robot_arm_description' build argument 'cmake_target' from command line to 'None'
[0.391s] Level 5:colcon.colcon_core.verb:set package 'robot_arm_description' build argument 'cmake_target_skip_unavailable' from command line to 'False'
[0.391s] Level 5:colcon.colcon_core.verb:set package 'robot_arm_description' build argument 'cmake_clean_cache' from command line to 'False'
[0.391s] Level 5:colcon.colcon_core.verb:set package 'robot_arm_description' build argument 'cmake_clean_first' from command line to 'False'
[0.391s] Level 5:colcon.colcon_core.verb:set package 'robot_arm_description' build argument 'cmake_force_configure' from command line to 'False'
[0.391s] Level 5:colcon.colcon_core.verb:set package 'robot_arm_description' build argument 'ament_cmake_args' from command line to 'None'
[0.391s] Level 5:colcon.colcon_core.verb:set package 'robot_arm_description' build argument 'catkin_cmake_args' from command line to 'None'
[0.391s] Level 5:colcon.colcon_core.verb:set package 'robot_arm_description' build argument 'catkin_skip_building_tests' from command line to 'False'
[0.391s] DEBUG:colcon.colcon_core.verb:Building package 'robot_arm_description' with the following arguments: {'ament_cmake_args': None, 'build_base': '/home/eating/work/build/robot_arm_description', 'catkin_cmake_args': None, 'catkin_skip_building_tests': False, 'cmake_args': None, 'cmake_clean_cache': False, 'cmake_clean_first': False, 'cmake_force_configure': False, 'cmake_target': None, 'cmake_target_skip_unavailable': False, 'install_base': '/home/eating/work/install/robot_arm_description', 'merge_install': False, 'path': '/home/eating/work/src/timda_sim/robot_arm_description', 'symlink_install': False, 'test_result_base': None}
[0.391s] Level 5:colcon.colcon_core.verb:set package 'suction_description' build argument 'cmake_args' from command line to 'None'
[0.391s] Level 5:colcon.colcon_core.verb:set package 'suction_description' build argument 'cmake_target' from command line to 'None'
[0.391s] Level 5:colcon.colcon_core.verb:set package 'suction_description' build argument 'cmake_target_skip_unavailable' from command line to 'False'
[0.391s] Level 5:colcon.colcon_core.verb:set package 'suction_description' build argument 'cmake_clean_cache' from command line to 'False'
[0.391s] Level 5:colcon.colcon_core.verb:set package 'suction_description' build argument 'cmake_clean_first' from command line to 'False'
[0.391s] Level 5:colcon.colcon_core.verb:set package 'suction_description' build argument 'cmake_force_configure' from command line to 'False'
[0.391s] Level 5:colcon.colcon_core.verb:set package 'suction_description' build argument 'ament_cmake_args' from command line to 'None'
[0.391s] Level 5:colcon.colcon_core.verb:set package 'suction_description' build argument 'catkin_cmake_args' from command line to 'None'
[0.391s] Level 5:colcon.colcon_core.verb:set package 'suction_description' build argument 'catkin_skip_building_tests' from command line to 'False'
[0.391s] DEBUG:colcon.colcon_core.verb:Building package 'suction_description' with the following arguments: {'ament_cmake_args': None, 'build_base': '/home/eating/work/build/suction_description', 'catkin_cmake_args': None, 'catkin_skip_building_tests': False, 'cmake_args': None, 'cmake_clean_cache': False, 'cmake_clean_first': False, 'cmake_force_configure': False, 'cmake_target': None, 'cmake_target_skip_unavailable': False, 'install_base': '/home/eating/work/install/suction_description', 'merge_install': False, 'path': '/home/eating/work/src/timda_sim/suction_description', 'symlink_install': False, 'test_result_base': None}
[0.392s] Level 5:colcon.colcon_core.verb:set package 'timda_body_description' build argument 'cmake_args' from command line to 'None'
[0.392s] Level 5:colcon.colcon_core.verb:set package 'timda_body_description' build argument 'cmake_target' from command line to 'None'
[0.392s] Level 5:colcon.colcon_core.verb:set package 'timda_body_description' build argument 'cmake_target_skip_unavailable' from command line to 'False'
[0.392s] Level 5:colcon.colcon_core.verb:set package 'timda_body_description' build argument 'cmake_clean_cache' from command line to 'False'
[0.392s] Level 5:colcon.colcon_core.verb:set package 'timda_body_description' build argument 'cmake_clean_first' from command line to 'False'
[0.392s] Level 5:colcon.colcon_core.verb:set package 'timda_body_description' build argument 'cmake_force_configure' from command line to 'False'
[0.392s] Level 5:colcon.colcon_core.verb:set package 'timda_body_description' build argument 'ament_cmake_args' from command line to 'None'
[0.392s] Level 5:colcon.colcon_core.verb:set package 'timda_body_description' build argument 'catkin_cmake_args' from command line to 'None'
[0.392s] Level 5:colcon.colcon_core.verb:set package 'timda_body_description' build argument 'catkin_skip_building_tests' from command line to 'False'
[0.392s] DEBUG:colcon.colcon_core.verb:Building package 'timda_body_description' with the following arguments: {'ament_cmake_args': None, 'build_base': '/home/eating/work/build/timda_body_description', 'catkin_cmake_args': None, 'catkin_skip_building_tests': False, 'cmake_args': None, 'cmake_clean_cache': False, 'cmake_clean_first': False, 'cmake_force_configure': False, 'cmake_target': None, 'cmake_target_skip_unavailable': False, 'install_base': '/home/eating/work/install/timda_body_description', 'merge_install': False, 'path': '/home/eating/work/src/timda_sim/timda_body_description', 'symlink_install': False, 'test_result_base': None}
[0.392s] Level 5:colcon.colcon_core.verb:set package 'timda_bringup' build argument 'cmake_args' from command line to 'None'
[0.392s] Level 5:colcon.colcon_core.verb:set package 'timda_bringup' build argument 'cmake_target' from command line to 'None'
[0.392s] Level 5:colcon.colcon_core.verb:set package 'timda_bringup' build argument 'cmake_target_skip_unavailable' from command line to 'False'
[0.392s] Level 5:colcon.colcon_core.verb:set package 'timda_bringup' build argument 'cmake_clean_cache' from command line to 'False'
[0.392s] Level 5:colcon.colcon_core.verb:set package 'timda_bringup' build argument 'cmake_clean_first' from command line to 'False'
[0.392s] Level 5:colcon.colcon_core.verb:set package 'timda_bringup' build argument 'cmake_force_configure' from command line to 'False'
[0.392s] Level 5:colcon.colcon_core.verb:set package 'timda_bringup' build argument 'ament_cmake_args' from command line to 'None'
[0.392s] Level 5:colcon.colcon_core.verb:set package 'timda_bringup' build argument 'catkin_cmake_args' from command line to 'None'
[0.392s] Level 5:colcon.colcon_core.verb:set package 'timda_bringup' build argument 'catkin_skip_building_tests' from command line to 'False'
[0.392s] DEBUG:colcon.colcon_core.verb:Building package 'timda_bringup' with the following arguments: {'ament_cmake_args': None, 'build_base': '/home/eating/work/build/timda_bringup', 'catkin_cmake_args': None, 'catkin_skip_building_tests': False, 'cmake_args': None, 'cmake_clean_cache': False, 'cmake_clean_first': False, 'cmake_force_configure': False, 'cmake_target': None, 'cmake_target_skip_unavailable': False, 'install_base': '/home/eating/work/install/timda_bringup', 'merge_install': False, 'path': '/home/eating/work/src/timda_bringup', 'symlink_install': False, 'test_result_base': None}
[0.393s] Level 5:colcon.colcon_core.verb:set package 'timda_description' build argument 'cmake_args' from command line to 'None'
[0.393s] Level 5:colcon.colcon_core.verb:set package 'timda_description' build argument 'cmake_target' from command line to 'None'
[0.393s] Level 5:colcon.colcon_core.verb:set package 'timda_description' build argument 'cmake_target_skip_unavailable' from command line to 'False'
[0.393s] Level 5:colcon.colcon_core.verb:set package 'timda_description' build argument 'cmake_clean_cache' from command line to 'False'
[0.393s] Level 5:colcon.colcon_core.verb:set package 'timda_description' build argument 'cmake_clean_first' from command line to 'False'
[0.393s] Level 5:colcon.colcon_core.verb:set package 'timda_description' build argument 'cmake_force_configure' from command line to 'False'
[0.393s] Level 5:colcon.colcon_core.verb:set package 'timda_description' build argument 'ament_cmake_args' from command line to 'None'
[0.393s] Level 5:colcon.colcon_core.verb:set package 'timda_description' build argument 'catkin_cmake_args' from command line to 'None'
[0.393s] Level 5:colcon.colcon_core.verb:set package 'timda_description' build argument 'catkin_skip_building_tests' from command line to 'False'
[0.393s] DEBUG:colcon.colcon_core.verb:Building package 'timda_description' with the following arguments: {'ament_cmake_args': None, 'build_base': '/home/eating/work/build/timda_description', 'catkin_cmake_args': None, 'catkin_skip_building_tests': False, 'cmake_args': None, 'cmake_clean_cache': False, 'cmake_clean_first': False, 'cmake_force_configure': False, 'cmake_target': None, 'cmake_target_skip_unavailable': False, 'install_base': '/home/eating/work/install/timda_description', 'merge_install': False, 'path': '/home/eating/work/src/timda_sim/timda_description', 'symlink_install': False, 'test_result_base': None}
[0.393s] Level 5:colcon.colcon_core.verb:set package 'timda_gazebo' build argument 'cmake_args' from command line to 'None'
[0.393s] Level 5:colcon.colcon_core.verb:set package 'timda_gazebo' build argument 'cmake_target' from command line to 'None'
[0.393s] Level 5:colcon.colcon_core.verb:set package 'timda_gazebo' build argument 'cmake_target_skip_unavailable' from command line to 'False'
[0.393s] Level 5:colcon.colcon_core.verb:set package 'timda_gazebo' build argument 'cmake_clean_cache' from command line to 'False'
[0.393s] Level 5:colcon.colcon_core.verb:set package 'timda_gazebo' build argument 'cmake_clean_first' from command line to 'False'
[0.393s] Level 5:colcon.colcon_core.verb:set package 'timda_gazebo' build argument 'cmake_force_configure' from command line to 'False'
[0.393s] Level 5:colcon.colcon_core.verb:set package 'timda_gazebo' build argument 'ament_cmake_args' from command line to 'None'
[0.393s] Level 5:colcon.colcon_core.verb:set package 'timda_gazebo' build argument 'catkin_cmake_args' from command line to 'None'
[0.393s] Level 5:colcon.colcon_core.verb:set package 'timda_gazebo' build argument 'catkin_skip_building_tests' from command line to 'False'
[0.393s] DEBUG:colcon.colcon_core.verb:Building package 'timda_gazebo' with the following arguments: {'ament_cmake_args': None, 'build_base': '/home/eating/work/build/timda_gazebo', 'catkin_cmake_args': None, 'catkin_skip_building_tests': False, 'cmake_args': None, 'cmake_clean_cache': False, 'cmake_clean_first': False, 'cmake_force_configure': False, 'cmake_target': None, 'cmake_target_skip_unavailable': False, 'install_base': '/home/eating/work/install/timda_gazebo', 'merge_install': False, 'path': '/home/eating/work/src/timda_sim/timda_gazebo', 'symlink_install': False, 'test_result_base': None}
[0.394s] Level 5:colcon.colcon_core.verb:set package 'gui' build argument 'cmake_args' from command line to 'None'
[0.394s] Level 5:colcon.colcon_core.verb:set package 'gui' build argument 'cmake_target' from command line to 'None'
[0.394s] Level 5:colcon.colcon_core.verb:set package 'gui' build argument 'cmake_target_skip_unavailable' from command line to 'False'
[0.394s] Level 5:colcon.colcon_core.verb:set package 'gui' build argument 'cmake_clean_cache' from command line to 'False'
[0.394s] Level 5:colcon.colcon_core.verb:set package 'gui' build argument 'cmake_clean_first' from command line to 'False'
[0.394s] Level 5:colcon.colcon_core.verb:set package 'gui' build argument 'cmake_force_configure' from command line to 'False'
[0.394s] Level 5:colcon.colcon_core.verb:set package 'gui' build argument 'ament_cmake_args' from command line to 'None'
[0.394s] Level 5:colcon.colcon_core.verb:set package 'gui' build argument 'catkin_cmake_args' from command line to 'None'
[0.394s] Level 5:colcon.colcon_core.verb:set package 'gui' build argument 'catkin_skip_building_tests' from command line to 'False'
[0.394s] DEBUG:colcon.colcon_core.verb:Building package 'gui' with the following arguments: {'ament_cmake_args': None, 'build_base': '/home/eating/work/build/gui', 'catkin_cmake_args': None, 'catkin_skip_building_tests': False, 'cmake_args': None, 'cmake_clean_cache': False, 'cmake_clean_first': False, 'cmake_force_configure': False, 'cmake_target': None, 'cmake_target_skip_unavailable': False, 'install_base': '/home/eating/work/install/gui', 'merge_install': False, 'path': '/home/eating/work/src/gui/gui', 'symlink_install': False, 'test_result_base': None}
[0.394s] Level 5:colcon.colcon_core.verb:set package 'main_control' build argument 'cmake_args' from command line to 'None'
[0.394s] Level 5:colcon.colcon_core.verb:set package 'main_control' build argument 'cmake_target' from command line to 'None'
[0.394s] Level 5:colcon.colcon_core.verb:set package 'main_control' build argument 'cmake_target_skip_unavailable' from command line to 'False'
[0.394s] Level 5:colcon.colcon_core.verb:set package 'main_control' build argument 'cmake_clean_cache' from command line to 'False'
[0.394s] Level 5:colcon.colcon_core.verb:set package 'main_control' build argument 'cmake_clean_first' from command line to 'False'
[0.394s] Level 5:colcon.colcon_core.verb:set package 'main_control' build argument 'cmake_force_configure' from command line to 'False'
[0.394s] Level 5:colcon.colcon_core.verb:set package 'main_control' build argument 'ament_cmake_args' from command line to 'None'
[0.394s] Level 5:colcon.colcon_core.verb:set package 'main_control' build argument 'catkin_cmake_args' from command line to 'None'
[0.394s] Level 5:colcon.colcon_core.verb:set package 'main_control' build argument 'catkin_skip_building_tests' from command line to 'False'
[0.394s] DEBUG:colcon.colcon_core.verb:Building package 'main_control' with the following arguments: {'ament_cmake_args': None, 'build_base': '/home/eating/work/build/main_control', 'catkin_cmake_args': None, 'catkin_skip_building_tests': False, 'cmake_args': None, 'cmake_clean_cache': False, 'cmake_clean_first': False, 'cmake_force_configure': False, 'cmake_target': None, 'cmake_target_skip_unavailable': False, 'install_base': '/home/eating/work/install/main_control', 'merge_install': False, 'path': '/home/eating/work/src/main_control/main_control', 'symlink_install': False, 'test_result_base': None}
[0.395s] Level 5:colcon.colcon_core.verb:set package 'realsense2_camera' build argument 'cmake_args' from command line to 'None'
[0.395s] Level 5:colcon.colcon_core.verb:set package 'realsense2_camera' build argument 'cmake_target' from command line to 'None'
[0.395s] Level 5:colcon.colcon_core.verb:set package 'realsense2_camera' build argument 'cmake_target_skip_unavailable' from command line to 'False'
[0.395s] Level 5:colcon.colcon_core.verb:set package 'realsense2_camera' build argument 'cmake_clean_cache' from command line to 'False'
[0.395s] Level 5:colcon.colcon_core.verb:set package 'realsense2_camera' build argument 'cmake_clean_first' from command line to 'False'
[0.395s] Level 5:colcon.colcon_core.verb:set package 'realsense2_camera' build argument 'cmake_force_configure' from command line to 'False'
[0.395s] Level 5:colcon.colcon_core.verb:set package 'realsense2_camera' build argument 'ament_cmake_args' from command line to 'None'
[0.395s] Level 5:colcon.colcon_core.verb:set package 'realsense2_camera' build argument 'catkin_cmake_args' from command line to 'None'
[0.395s] Level 5:colcon.colcon_core.verb:set package 'realsense2_camera' build argument 'catkin_skip_building_tests' from command line to 'False'
[0.395s] DEBUG:colcon.colcon_core.verb:Building package 'realsense2_camera' with the following arguments: {'ament_cmake_args': None, 'build_base': '/home/eating/work/build/realsense2_camera', 'catkin_cmake_args': None, 'catkin_skip_building_tests': False, 'cmake_args': None, 'cmake_clean_cache': False, 'cmake_clean_first': False, 'cmake_force_configure': False, 'cmake_target': None, 'cmake_target_skip_unavailable': False, 'install_base': '/home/eating/work/install/realsense2_camera', 'merge_install': False, 'path': '/home/eating/work/src/docking/realsense-ros/realsense2_camera', 'symlink_install': False, 'test_result_base': None}
[0.395s] Level 5:colcon.colcon_core.verb:set package 'realsense2_description' build argument 'cmake_args' from command line to 'None'
[0.395s] Level 5:colcon.colcon_core.verb:set package 'realsense2_description' build argument 'cmake_target' from command line to 'None'
[0.395s] Level 5:colcon.colcon_core.verb:set package 'realsense2_description' build argument 'cmake_target_skip_unavailable' from command line to 'False'
[0.395s] Level 5:colcon.colcon_core.verb:set package 'realsense2_description' build argument 'cmake_clean_cache' from command line to 'False'
[0.395s] Level 5:colcon.colcon_core.verb:set package 'realsense2_description' build argument 'cmake_clean_first' from command line to 'False'
[0.395s] Level 5:colcon.colcon_core.verb:set package 'realsense2_description' build argument 'cmake_force_configure' from command line to 'False'
[0.395s] Level 5:colcon.colcon_core.verb:set package 'realsense2_description' build argument 'ament_cmake_args' from command line to 'None'
[0.395s] Level 5:colcon.colcon_core.verb:set package 'realsense2_description' build argument 'catkin_cmake_args' from command line to 'None'
[0.395s] Level 5:colcon.colcon_core.verb:set package 'realsense2_description' build argument 'catkin_skip_building_tests' from command line to 'False'
[0.395s] DEBUG:colcon.colcon_core.verb:Building package 'realsense2_description' with the following arguments: {'ament_cmake_args': None, 'build_base': '/home/eating/work/build/realsense2_description', 'catkin_cmake_args': None, 'catkin_skip_building_tests': False, 'cmake_args': None, 'cmake_clean_cache': False, 'cmake_clean_first': False, 'cmake_force_configure': False, 'cmake_target': None, 'cmake_target_skip_unavailable': False, 'install_base': '/home/eating/work/install/realsense2_description', 'merge_install': False, 'path': '/home/eating/work/src/docking/realsense-ros/realsense2_description', 'symlink_install': False, 'test_result_base': None}
[0.395s] INFO:colcon.colcon_core.executor:Executing jobs using 'parallel' executor
[0.396s] DEBUG:colcon.colcon_parallel_executor.executor.parallel:run_until_complete
[0.397s] INFO:colcon.colcon_ros.task.ament_cmake.build:Building ROS package in '/home/eating/work/src/gui/gui_interface' with build type 'ament_cmake'
[0.397s] INFO:colcon.colcon_cmake.task.cmake.build:Building CMake package in '/home/eating/work/src/gui/gui_interface'
[0.399s] INFO:colcon.colcon_core.plugin_system:Skipping extension 'colcon_core.shell.bat': Not used on non-Windows systems
[0.399s] INFO:colcon.colcon_core.shell:Skip shell extension 'powershell' for command environment: Not usable outside of PowerShell
[0.399s] DEBUG:colcon.colcon_core.shell:Skip shell extension 'dsv' for command environment
[0.403s] INFO:colcon.colcon_ros.task.ament_cmake.build:Building ROS package in '/home/eating/work/src/docking/realsense-ros/realsense2_camera_msgs' with build type 'ament_cmake'
[0.403s] INFO:colcon.colcon_cmake.task.cmake.build:Building CMake package in '/home/eating/work/src/docking/realsense-ros/realsense2_camera_msgs'
[0.403s] INFO:colcon.colcon_core.shell:Skip shell extension 'powershell' for command environment: Not usable outside of PowerShell
[0.403s] DEBUG:colcon.colcon_core.shell:Skip shell extension 'dsv' for command environment
[0.407s] INFO:colcon.colcon_ros.task.ament_cmake.build:Building ROS package in '/home/eating/work/src/interface' with build type 'ament_cmake'
[0.407s] INFO:colcon.colcon_cmake.task.cmake.build:Building CMake package in '/home/eating/work/src/interface'
[0.407s] INFO:colcon.colcon_core.shell:Skip shell extension 'powershell' for command environment: Not usable outside of PowerShell
[0.407s] DEBUG:colcon.colcon_core.shell:Skip shell extension 'dsv' for command environment
[0.411s] INFO:colcon.colcon_ros.task.ament_python.build:Building ROS package in '/home/eating/work/src/docking/docking_pkg' with build type 'ament_python'
[0.411s] Level 1:colcon.colcon_core.shell:create_environment_hook('docking_pkg', 'ament_prefix_path')
[0.411s] INFO:colcon.colcon_core.shell:Creating environment hook '/home/eating/work/install/docking_pkg/share/docking_pkg/hook/ament_prefix_path.ps1'
[0.412s] INFO:colcon.colcon_core.shell:Creating environment descriptor '/home/eating/work/install/docking_pkg/share/docking_pkg/hook/ament_prefix_path.dsv'
[0.412s] INFO:colcon.colcon_core.shell:Creating environment hook '/home/eating/work/install/docking_pkg/share/docking_pkg/hook/ament_prefix_path.sh'
[0.413s] INFO:colcon.colcon_core.shell:Skip shell extension 'powershell' for command environment: Not usable outside of PowerShell
[0.413s] DEBUG:colcon.colcon_core.shell:Skip shell extension 'dsv' for command environment
[0.417s] INFO:colcon.colcon_ros.task.ament_cmake.build:Building ROS package in '/home/eating/work/src/ira_laser_tools' with build type 'ament_cmake'
[0.417s] INFO:colcon.colcon_cmake.task.cmake.build:Building CMake package in '/home/eating/work/src/ira_laser_tools'
[0.417s] INFO:colcon.colcon_core.shell:Skip shell extension 'powershell' for command environment: Not usable outside of PowerShell
[0.417s] DEBUG:colcon.colcon_core.shell:Skip shell extension 'dsv' for command environment
[0.421s] INFO:colcon.colcon_ros.task.ament_cmake.build:Building ROS package in '/home/eating/work/src/keyboard_control' with build type 'ament_cmake'
[0.421s] INFO:colcon.colcon_cmake.task.cmake.build:Building CMake package in '/home/eating/work/src/keyboard_control'
[0.421s] INFO:colcon.colcon_core.shell:Skip shell extension 'powershell' for command environment: Not usable outside of PowerShell
[0.421s] DEBUG:colcon.colcon_core.shell:Skip shell extension 'dsv' for command environment
[0.425s] INFO:colcon.colcon_ros.task.ament_cmake.build:Building ROS package in '/home/eating/work/src/linear_move' with build type 'ament_cmake'
[0.425s] INFO:colcon.colcon_cmake.task.cmake.build:Building CMake package in '/home/eating/work/src/linear_move'
[0.425s] INFO:colcon.colcon_core.shell:Skip shell extension 'powershell' for command environment: Not usable outside of PowerShell
[0.425s] DEBUG:colcon.colcon_core.shell:Skip shell extension 'dsv' for command environment
[0.429s] INFO:colcon.colcon_ros.task.ament_cmake.build:Building ROS package in '/home/eating/work/src/mecanum' with build type 'ament_cmake'
[0.429s] INFO:colcon.colcon_cmake.task.cmake.build:Building CMake package in '/home/eating/work/src/mecanum'
[0.429s] INFO:colcon.colcon_core.shell:Skip shell extension 'powershell' for command environment: Not usable outside of PowerShell
[0.429s] DEBUG:colcon.colcon_core.shell:Skip shell extension 'dsv' for command environment
[0.438s] DEBUG:colcon.colcon_core.event_handler.log_command:Invoking command in '/home/eating/work/build/gui_interface': CMAKE_PREFIX_PATH=${CMAKE_PREFIX_PATH}:/home/eating/work/install/pallet_main:/home/eating/work/install/main_control:/home/eating/work/install/gui:/home/eating/work/install/docking_pkg:/opt/ros/humble /usr/bin/cmake --build /home/eating/work/build/gui_interface -- -j8 -l8
[0.442s] DEBUG:colcon.colcon_core.event_handler.log_command:Invoking command in '/home/eating/work/build/realsense2_camera_msgs': CMAKE_PREFIX_PATH=${CMAKE_PREFIX_PATH}:/home/eating/work/install/pallet_main:/home/eating/work/install/main_control:/home/eating/work/install/gui:/home/eating/work/install/docking_pkg:/opt/ros/humble /usr/bin/cmake --build /home/eating/work/build/realsense2_camera_msgs -- -j8 -l8
[0.444s] DEBUG:colcon.colcon_core.event_handler.log_command:Invoking command in '/home/eating/work/build/interface': CMAKE_PREFIX_PATH=${CMAKE_PREFIX_PATH}:/home/eating/work/install/pallet_main:/home/eating/work/install/main_control:/home/eating/work/install/gui:/home/eating/work/install/docking_pkg:/opt/ros/humble /usr/bin/cmake --build /home/eating/work/build/interface -- -j8 -l8
[0.861s] INFO:colcon.colcon_core.task.python.build:Building Python package in '/home/eating/work/src/docking/docking_pkg'
[0.862s] INFO:colcon.colcon_core.shell:Skip shell extension 'powershell' for command environment: Not usable outside of PowerShell
[0.862s] DEBUG:colcon.colcon_core.shell:Skip shell extension 'dsv' for command environment
[0.873s] DEBUG:colcon.colcon_core.event_handler.log_command:Invoking command in '/home/eating/work/build/ira_laser_tools': CMAKE_PREFIX_PATH=${CMAKE_PREFIX_PATH}:/home/eating/work/install/pallet_main:/home/eating/work/install/main_control:/home/eating/work/install/gui:/home/eating/work/install/docking_pkg:/opt/ros/humble /usr/bin/cmake --build /home/eating/work/build/ira_laser_tools -- -j8 -l8
[0.880s] DEBUG:colcon.colcon_core.event_handler.log_command:Invoking command in '/home/eating/work/build/keyboard_control': CMAKE_PREFIX_PATH=${CMAKE_PREFIX_PATH}:/home/eating/work/install/pallet_main:/home/eating/work/install/main_control:/home/eating/work/install/gui:/home/eating/work/install/docking_pkg:/opt/ros/humble /usr/bin/cmake --build /home/eating/work/build/keyboard_control -- -j8 -l8
[0.882s] DEBUG:colcon.colcon_core.event_handler.log_command:Invoking command in '/home/eating/work/build/linear_move': CMAKE_PREFIX_PATH=${CMAKE_PREFIX_PATH}:/home/eating/work/install/pallet_main:/home/eating/work/install/main_control:/home/eating/work/install/gui:/home/eating/work/install/docking_pkg:/opt/ros/humble /usr/bin/cmake --build /home/eating/work/build/linear_move -- -j8 -l8
[0.894s] DEBUG:colcon.colcon_core.event_handler.log_command:Invoking command in '/home/eating/work/build/mecanum': CMAKE_PREFIX_PATH=${CMAKE_PREFIX_PATH}:/home/eating/work/install/pallet_main:/home/eating/work/install/main_control:/home/eating/work/install/gui:/home/eating/work/install/docking_pkg:/opt/ros/humble /usr/bin/cmake --build /home/eating/work/build/mecanum -- -j8 -l8
[0.979s] DEBUG:colcon.colcon_core.event_handler.log_command:Invoked command in '/home/eating/work/build/keyboard_control' returned '0': CMAKE_PREFIX_PATH=${CMAKE_PREFIX_PATH}:/home/eating/work/install/pallet_main:/home/eating/work/install/main_control:/home/eating/work/install/gui:/home/eating/work/install/docking_pkg:/opt/ros/humble /usr/bin/cmake --build /home/eating/work/build/keyboard_control -- -j8 -l8
[1.003s] DEBUG:colcon.colcon_core.event_handler.log_command:Invoking command in '/home/eating/work/build/keyboard_control': CMAKE_PREFIX_PATH=${CMAKE_PREFIX_PATH}:/home/eating/work/install/pallet_main:/home/eating/work/install/main_control:/home/eating/work/install/gui:/home/eating/work/install/docking_pkg:/opt/ros/humble /usr/bin/cmake --install /home/eating/work/build/keyboard_control
[1.007s] DEBUG:colcon.colcon_core.event_handler.log_command:Invoked command in '/home/eating/work/build/mecanum' returned '0': CMAKE_PREFIX_PATH=${CMAKE_PREFIX_PATH}:/home/eating/work/install/pallet_main:/home/eating/work/install/main_control:/home/eating/work/install/gui:/home/eating/work/install/docking_pkg:/opt/ros/humble /usr/bin/cmake --build /home/eating/work/build/mecanum -- -j8 -l8
[1.007s] DEBUG:colcon.colcon_core.event_handler.log_command:Invoking command in '/home/eating/work/build/mecanum': CMAKE_PREFIX_PATH=${CMAKE_PREFIX_PATH}:/home/eating/work/install/pallet_main:/home/eating/work/install/main_control:/home/eating/work/install/gui:/home/eating/work/install/docking_pkg:/opt/ros/humble /usr/bin/cmake --install /home/eating/work/build/mecanum
[1.014s] DEBUG:colcon.colcon_core.event_handler.log_command:Invoked command in '/home/eating/work/build/gui_interface' returned '0': CMAKE_PREFIX_PATH=${CMAKE_PREFIX_PATH}:/home/eating/work/install/pallet_main:/home/eating/work/install/main_control:/home/eating/work/install/gui:/home/eating/work/install/docking_pkg:/opt/ros/humble /usr/bin/cmake --build /home/eating/work/build/gui_interface -- -j8 -l8
[1.019s] DEBUG:colcon.colcon_core.event_handler.log_command:Invoking command in '/home/eating/work/build/gui_interface': CMAKE_PREFIX_PATH=${CMAKE_PREFIX_PATH}:/home/eating/work/install/pallet_main:/home/eating/work/install/main_control:/home/eating/work/install/gui:/home/eating/work/install/docking_pkg:/opt/ros/humble /usr/bin/cmake --install /home/eating/work/build/gui_interface
[1.027s] DEBUG:colcon.colcon_core.event_handler.log_command:Invoked command in '/home/eating/work/build/linear_move' returned '0': CMAKE_PREFIX_PATH=${CMAKE_PREFIX_PATH}:/home/eating/work/install/pallet_main:/home/eating/work/install/main_control:/home/eating/work/install/gui:/home/eating/work/install/docking_pkg:/opt/ros/humble /usr/bin/cmake --build /home/eating/work/build/linear_move -- -j8 -l8
[1.027s] Level 1:colcon.colcon_core.environment:create_environment_scripts_only(keyboard_control)
[1.029s] DEBUG:colcon.colcon_core.event_handler.log_command:Invoking command in '/home/eating/work/build/linear_move': CMAKE_PREFIX_PATH=${CMAKE_PREFIX_PATH}:/home/eating/work/install/pallet_main:/home/eating/work/install/main_control:/home/eating/work/install/gui:/home/eating/work/install/docking_pkg:/opt/ros/humble /usr/bin/cmake --install /home/eating/work/build/linear_move
[1.032s] DEBUG:colcon.colcon_core.event_handler.log_command:Invoked command in '/home/eating/work/build/keyboard_control' returned '0': CMAKE_PREFIX_PATH=${CMAKE_PREFIX_PATH}:/home/eating/work/install/pallet_main:/home/eating/work/install/main_control:/home/eating/work/install/gui:/home/eating/work/install/docking_pkg:/opt/ros/humble /usr/bin/cmake --install /home/eating/work/build/keyboard_control
[1.038s] Level 1:colcon.colcon_core.environment:checking '/home/eating/work/install/keyboard_control' for CMake module files
[1.039s] Level 1:colcon.colcon_core.environment:checking '/home/eating/work/install/keyboard_control' for CMake config files
[1.040s] Level 1:colcon.colcon_core.shell:create_environment_hook('keyboard_control', 'cmake_prefix_path')
[1.041s] INFO:colcon.colcon_core.shell:Creating environment hook '/home/eating/work/install/keyboard_control/share/keyboard_control/hook/cmake_prefix_path.ps1'
[1.042s] INFO:colcon.colcon_core.shell:Creating environment descriptor '/home/eating/work/install/keyboard_control/share/keyboard_control/hook/cmake_prefix_path.dsv'
[1.043s] INFO:colcon.colcon_core.shell:Creating environment hook '/home/eating/work/install/keyboard_control/share/keyboard_control/hook/cmake_prefix_path.sh'
[1.044s] Level 1:colcon.colcon_core.environment:checking '/home/eating/work/install/keyboard_control/lib'
[1.044s] Level 1:colcon.colcon_core.environment:checking '/home/eating/work/install/keyboard_control/bin'
[1.045s] Level 1:colcon.colcon_core.environment:checking '/home/eating/work/install/keyboard_control/lib/pkgconfig/keyboard_control.pc'
[1.045s] Level 1:colcon.colcon_core.environment:checking '/home/eating/work/install/keyboard_control/lib/python3.10/site-packages'
[1.045s] Level 1:colcon.colcon_core.environment:checking '/home/eating/work/install/keyboard_control/bin'
[1.045s] INFO:colcon.colcon_core.shell:Creating package script '/home/eating/work/install/keyboard_control/share/keyboard_control/package.ps1'
[1.046s] INFO:colcon.colcon_core.shell:Creating package descriptor '/home/eating/work/install/keyboard_control/share/keyboard_control/package.dsv'
[1.047s] INFO:colcon.colcon_core.shell:Creating package script '/home/eating/work/install/keyboard_control/share/keyboard_control/package.sh'
[1.048s] INFO:colcon.colcon_core.shell:Creating package script '/home/eating/work/install/keyboard_control/share/keyboard_control/package.bash'
[1.049s] INFO:colcon.colcon_core.shell:Creating package script '/home/eating/work/install/keyboard_control/share/keyboard_control/package.zsh'
[1.050s] Level 1:colcon.colcon_core.environment:create_file_with_runtime_dependencies(/home/eating/work/install/keyboard_control/share/colcon-core/packages/keyboard_control)
[1.051s] Level 1:colcon.colcon_core.environment:create_environment_scripts_only(keyboard_control)
[1.051s] Level 1:colcon.colcon_core.environment:checking '/home/eating/work/install/keyboard_control' for CMake module files
[1.053s] Level 1:colcon.colcon_core.environment:checking '/home/eating/work/install/keyboard_control' for CMake config files
[1.053s] Level 1:colcon.colcon_core.shell:create_environment_hook('keyboard_control', 'cmake_prefix_path')
[1.054s] INFO:colcon.colcon_core.shell:Creating environment hook '/home/eating/work/install/keyboard_control/share/keyboard_control/hook/cmake_prefix_path.ps1'
[1.054s] INFO:colcon.colcon_core.shell:Creating environment descriptor '/home/eating/work/install/keyboard_control/share/keyboard_control/hook/cmake_prefix_path.dsv'
[1.054s] INFO:colcon.colcon_core.shell:Creating environment hook '/home/eating/work/install/keyboard_control/share/keyboard_control/hook/cmake_prefix_path.sh'
[1.055s] Level 1:colcon.colcon_core.environment:checking '/home/eating/work/install/keyboard_control/lib'
[1.055s] Level 1:colcon.colcon_core.environment:checking '/home/eating/work/install/keyboard_control/bin'
[1.055s] Level 1:colcon.colcon_core.environment:checking '/home/eating/work/install/keyboard_control/lib/pkgconfig/keyboard_control.pc'
[1.055s] Level 1:colcon.colcon_core.environment:checking '/home/eating/work/install/keyboard_control/lib/python3.10/site-packages'
[1.056s] Level 1:colcon.colcon_core.environment:checking '/home/eating/work/install/keyboard_control/bin'
[1.056s] INFO:colcon.colcon_core.shell:Creating package script '/home/eating/work/install/keyboard_control/share/keyboard_control/package.ps1'
[1.057s] INFO:colcon.colcon_core.shell:Creating package descriptor '/home/eating/work/install/keyboard_control/share/keyboard_control/package.dsv'
[1.057s] INFO:colcon.colcon_core.shell:Creating package script '/home/eating/work/install/keyboard_control/share/keyboard_control/package.sh'
[1.058s] INFO:colcon.colcon_core.shell:Creating package script '/home/eating/work/install/keyboard_control/share/keyboard_control/package.bash'
[1.058s] INFO:colcon.colcon_core.shell:Creating package script '/home/eating/work/install/keyboard_control/share/keyboard_control/package.zsh'
[1.059s] Level 1:colcon.colcon_core.environment:create_file_with_runtime_dependencies(/home/eating/work/install/keyboard_control/share/colcon-core/packages/keyboard_control)
[1.060s] INFO:colcon.colcon_ros.task.ament_cmake.build:Building ROS package in '/home/eating/work/src/timda_sim/mobile_description' with build type 'ament_cmake'
[1.060s] INFO:colcon.colcon_cmake.task.cmake.build:Building CMake package in '/home/eating/work/src/timda_sim/mobile_description'
[1.061s] INFO:colcon.colcon_core.shell:Skip shell extension 'powershell' for command environment: Not usable outside of PowerShell
[1.061s] DEBUG:colcon.colcon_core.shell:Skip shell extension 'dsv' for command environment
[1.068s] Level 1:colcon.colcon_core.environment:create_environment_scripts_only(mecanum)
[1.068s] Level 1:colcon.colcon_core.environment:checking '/home/eating/work/install/mecanum' for CMake module files
[1.069s] DEBUG:colcon.colcon_core.event_handler.log_command:Invoked command in '/home/eating/work/build/mecanum' returned '0': CMAKE_PREFIX_PATH=${CMAKE_PREFIX_PATH}:/home/eating/work/install/pallet_main:/home/eating/work/install/main_control:/home/eating/work/install/gui:/home/eating/work/install/docking_pkg:/opt/ros/humble /usr/bin/cmake --install /home/eating/work/build/mecanum
[1.069s] Level 1:colcon.colcon_core.environment:checking '/home/eating/work/install/mecanum' for CMake config files
[1.069s] Level 1:colcon.colcon_core.shell:create_environment_hook('mecanum', 'cmake_prefix_path')
[1.070s] INFO:colcon.colcon_core.shell:Creating environment hook '/home/eating/work/install/mecanum/share/mecanum/hook/cmake_prefix_path.ps1'
[1.070s] INFO:colcon.colcon_core.shell:Creating environment descriptor '/home/eating/work/install/mecanum/share/mecanum/hook/cmake_prefix_path.dsv'
[1.071s] INFO:colcon.colcon_core.shell:Creating environment hook '/home/eating/work/install/mecanum/share/mecanum/hook/cmake_prefix_path.sh'
[1.072s] Level 1:colcon.colcon_core.environment:checking '/home/eating/work/install/mecanum/lib'
[1.072s] Level 1:colcon.colcon_core.environment:checking '/home/eating/work/install/mecanum/bin'
[1.072s] Level 1:colcon.colcon_core.environment:checking '/home/eating/work/install/mecanum/lib/pkgconfig/mecanum.pc'
[1.072s] Level 1:colcon.colcon_core.environment:checking '/home/eating/work/install/mecanum/lib/python3.10/site-packages'
[1.073s] Level 1:colcon.colcon_core.environment:checking '/home/eating/work/install/mecanum/bin'
[1.073s] INFO:colcon.colcon_core.shell:Creating package script '/home/eating/work/install/mecanum/share/mecanum/package.ps1'
[1.074s] INFO:colcon.colcon_core.shell:Creating package descriptor '/home/eating/work/install/mecanum/share/mecanum/package.dsv'
[1.074s] INFO:colcon.colcon_core.shell:Creating package script '/home/eating/work/install/mecanum/share/mecanum/package.sh'
[1.075s] INFO:colcon.colcon_core.shell:Creating package script '/home/eating/work/install/mecanum/share/mecanum/package.bash'
[1.077s] INFO:colcon.colcon_core.shell:Creating package script '/home/eating/work/install/mecanum/share/mecanum/package.zsh'
[1.077s] Level 1:colcon.colcon_core.environment:create_file_with_runtime_dependencies(/home/eating/work/install/mecanum/share/colcon-core/packages/mecanum)
[1.082s] Level 1:colcon.colcon_core.environment:create_environment_scripts_only(mecanum)
[1.082s] Level 1:colcon.colcon_core.environment:checking '/home/eating/work/install/mecanum' for CMake module files
[1.083s] Level 1:colcon.colcon_core.environment:checking '/home/eating/work/install/mecanum' for CMake config files
[1.083s] Level 1:colcon.colcon_core.shell:create_environment_hook('mecanum', 'cmake_prefix_path')
[1.084s] INFO:colcon.colcon_core.shell:Creating environment hook '/home/eating/work/install/mecanum/share/mecanum/hook/cmake_prefix_path.ps1'
[1.084s] INFO:colcon.colcon_core.shell:Creating environment descriptor '/home/eating/work/install/mecanum/share/mecanum/hook/cmake_prefix_path.dsv'
[1.085s] INFO:colcon.colcon_core.shell:Creating environment hook '/home/eating/work/install/mecanum/share/mecanum/hook/cmake_prefix_path.sh'
[1.086s] Level 1:colcon.colcon_core.environment:checking '/home/eating/work/install/mecanum/lib'
[1.086s] Level 1:colcon.colcon_core.environment:checking '/home/eating/work/install/mecanum/bin'
[1.086s] Level 1:colcon.colcon_core.environment:checking '/home/eating/work/install/mecanum/lib/pkgconfig/mecanum.pc'
[1.086s] Level 1:colcon.colcon_core.environment:checking '/home/eating/work/install/mecanum/lib/python3.10/site-packages'
[1.086s] Level 1:colcon.colcon_core.environment:checking '/home/eating/work/install/mecanum/bin'
[1.087s] INFO:colcon.colcon_core.shell:Creating package script '/home/eating/work/install/mecanum/share/mecanum/package.ps1'
[1.088s] INFO:colcon.colcon_core.shell:Creating package descriptor '/home/eating/work/install/mecanum/share/mecanum/package.dsv'
[1.088s] INFO:colcon.colcon_core.shell:Creating package script '/home/eating/work/install/mecanum/share/mecanum/package.sh'
[1.089s] INFO:colcon.colcon_core.shell:Creating package script '/home/eating/work/install/mecanum/share/mecanum/package.bash'
[1.090s] INFO:colcon.colcon_core.shell:Creating package script '/home/eating/work/install/mecanum/share/mecanum/package.zsh'
[1.090s] Level 1:colcon.colcon_core.environment:create_file_with_runtime_dependencies(/home/eating/work/install/mecanum/share/colcon-core/packages/mecanum)
[1.094s] INFO:colcon.colcon_ros.task.ament_cmake.build:Building ROS package in '/home/eating/work/src/pallet/pallet_interfaces' with build type 'ament_cmake'
[1.094s] INFO:colcon.colcon_cmake.task.cmake.build:Building CMake package in '/home/eating/work/src/pallet/pallet_interfaces'
[1.094s] INFO:colcon.colcon_core.shell:Skip shell extension 'powershell' for command environment: Not usable outside of PowerShell
[1.094s] DEBUG:colcon.colcon_core.shell:Skip shell extension 'dsv' for command environment
[1.099s] DEBUG:colcon.colcon_core.event_handler.log_command:Invoked command in '/home/eating/work/build/ira_laser_tools' returned '0': CMAKE_PREFIX_PATH=${CMAKE_PREFIX_PATH}:/home/eating/work/install/pallet_main:/home/eating/work/install/main_control:/home/eating/work/install/gui:/home/eating/work/install/docking_pkg:/opt/ros/humble /usr/bin/cmake --build /home/eating/work/build/ira_laser_tools -- -j8 -l8
[1.101s] DEBUG:colcon.colcon_core.event_handler.log_command:Invoking command in '/home/eating/work/build/ira_laser_tools': CMAKE_PREFIX_PATH=${CMAKE_PREFIX_PATH}:/home/eating/work/install/pallet_main:/home/eating/work/install/main_control:/home/eating/work/install/gui:/home/eating/work/install/docking_pkg:/opt/ros/humble /usr/bin/cmake --install /home/eating/work/build/ira_laser_tools
[1.103s] DEBUG:colcon.colcon_core.event_handler.log_command:Invoked command in '/home/eating/work/build/interface' returned '0': CMAKE_PREFIX_PATH=${CMAKE_PREFIX_PATH}:/home/eating/work/install/pallet_main:/home/eating/work/install/main_control:/home/eating/work/install/gui:/home/eating/work/install/docking_pkg:/opt/ros/humble /usr/bin/cmake --build /home/eating/work/build/interface -- -j8 -l8
[1.104s] DEBUG:colcon.colcon_core.event_handler.log_command:Invoking command in '/home/eating/work/build/interface': CMAKE_PREFIX_PATH=${CMAKE_PREFIX_PATH}:/home/eating/work/install/pallet_main:/home/eating/work/install/main_control:/home/eating/work/install/gui:/home/eating/work/install/docking_pkg:/opt/ros/humble /usr/bin/cmake --install /home/eating/work/build/interface
[1.105s] DEBUG:colcon.colcon_core.event_handler.log_command:Invoked command in '/home/eating/work/build/realsense2_camera_msgs' returned '0': CMAKE_PREFIX_PATH=${CMAKE_PREFIX_PATH}:/home/eating/work/install/pallet_main:/home/eating/work/install/main_control:/home/eating/work/install/gui:/home/eating/work/install/docking_pkg:/opt/ros/humble /usr/bin/cmake --build /home/eating/work/build/realsense2_camera_msgs -- -j8 -l8
[1.106s] DEBUG:colcon.colcon_core.event_handler.log_command:Invoking command in '/home/eating/work/build/realsense2_camera_msgs': CMAKE_PREFIX_PATH=${CMAKE_PREFIX_PATH}:/home/eating/work/install/pallet_main:/home/eating/work/install/main_control:/home/eating/work/install/gui:/home/eating/work/install/docking_pkg:/opt/ros/humble /usr/bin/cmake --install /home/eating/work/build/realsense2_camera_msgs
[1.106s] Level 1:colcon.colcon_core.environment:create_environment_scripts_only(linear_move)
[1.107s] Level 1:colcon.colcon_core.environment:checking '/home/eating/work/install/linear_move' for CMake module files
[1.108s] DEBUG:colcon.colcon_core.event_handler.log_command:Invoked command in '/home/eating/work/build/linear_move' returned '0': CMAKE_PREFIX_PATH=${CMAKE_PREFIX_PATH}:/home/eating/work/install/pallet_main:/home/eating/work/install/main_control:/home/eating/work/install/gui:/home/eating/work/install/docking_pkg:/opt/ros/humble /usr/bin/cmake --install /home/eating/work/build/linear_move
[1.108s] Level 1:colcon.colcon_core.environment:checking '/home/eating/work/install/linear_move' for CMake config files
[1.112s] Level 1:colcon.colcon_core.shell:create_environment_hook('linear_move', 'cmake_prefix_path')
[1.112s] INFO:colcon.colcon_core.shell:Creating environment hook '/home/eating/work/install/linear_move/share/linear_move/hook/cmake_prefix_path.ps1'
[1.113s] INFO:colcon.colcon_core.shell:Creating environment descriptor '/home/eating/work/install/linear_move/share/linear_move/hook/cmake_prefix_path.dsv'
[1.113s] INFO:colcon.colcon_core.shell:Creating environment hook '/home/eating/work/install/linear_move/share/linear_move/hook/cmake_prefix_path.sh'
[1.114s] Level 1:colcon.colcon_core.environment:checking '/home/eating/work/install/linear_move/lib'
[1.114s] Level 1:colcon.colcon_core.environment:checking '/home/eating/work/install/linear_move/bin'
[1.114s] Level 1:colcon.colcon_core.environment:checking '/home/eating/work/install/linear_move/lib/pkgconfig/linear_move.pc'
[1.114s] Level 1:colcon.colcon_core.environment:checking '/home/eating/work/install/linear_move/lib/python3.10/site-packages'
[1.115s] Level 1:colcon.colcon_core.environment:checking '/home/eating/work/install/linear_move/bin'
[1.115s] INFO:colcon.colcon_core.shell:Creating package script '/home/eating/work/install/linear_move/share/linear_move/package.ps1'
[1.115s] INFO:colcon.colcon_core.shell:Creating package descriptor '/home/eating/work/install/linear_move/share/linear_move/package.dsv'
[1.116s] INFO:colcon.colcon_core.shell:Creating package script '/home/eating/work/install/linear_move/share/linear_move/package.sh'
[1.116s] INFO:colcon.colcon_core.shell:Creating package script '/home/eating/work/install/linear_move/share/linear_move/package.bash'
[1.116s] INFO:colcon.colcon_core.shell:Creating package script '/home/eating/work/install/linear_move/share/linear_move/package.zsh'
[1.117s] Level 1:colcon.colcon_core.environment:create_file_with_runtime_dependencies(/home/eating/work/install/linear_move/share/colcon-core/packages/linear_move)
[1.117s] Level 1:colcon.colcon_core.environment:create_environment_scripts_only(linear_move)
[1.117s] Level 1:colcon.colcon_core.environment:checking '/home/eating/work/install/linear_move' for CMake module files
[1.118s] Level 1:colcon.colcon_core.environment:checking '/home/eating/work/install/linear_move' for CMake config files
[1.118s] Level 1:colcon.colcon_core.shell:create_environment_hook('linear_move', 'cmake_prefix_path')
[1.118s] INFO:colcon.colcon_core.shell:Creating environment hook '/home/eating/work/install/linear_move/share/linear_move/hook/cmake_prefix_path.ps1'
[1.119s] INFO:colcon.colcon_core.shell:Creating environment descriptor '/home/eating/work/install/linear_move/share/linear_move/hook/cmake_prefix_path.dsv'
[1.119s] INFO:colcon.colcon_core.shell:Creating environment hook '/home/eating/work/install/linear_move/share/linear_move/hook/cmake_prefix_path.sh'
[1.120s] Level 1:colcon.colcon_core.environment:checking '/home/eating/work/install/linear_move/lib'
[1.120s] Level 1:colcon.colcon_core.environment:checking '/home/eating/work/install/linear_move/bin'
[1.120s] Level 1:colcon.colcon_core.environment:checking '/home/eating/work/install/linear_move/lib/pkgconfig/linear_move.pc'
[1.120s] Level 1:colcon.colcon_core.environment:checking '/home/eating/work/install/linear_move/lib/python3.10/site-packages'
[1.120s] Level 1:colcon.colcon_core.environment:checking '/home/eating/work/install/linear_move/bin'
[1.121s] INFO:colcon.colcon_core.shell:Creating package script '/home/eating/work/install/linear_move/share/linear_move/package.ps1'
[1.121s] INFO:colcon.colcon_core.shell:Creating package descriptor '/home/eating/work/install/linear_move/share/linear_move/package.dsv'
[1.122s] INFO:colcon.colcon_core.shell:Creating package script '/home/eating/work/install/linear_move/share/linear_move/package.sh'
[1.122s] INFO:colcon.colcon_core.shell:Creating package script '/home/eating/work/install/linear_move/share/linear_move/package.bash'
[1.122s] INFO:colcon.colcon_core.shell:Creating package script '/home/eating/work/install/linear_move/share/linear_move/package.zsh'
[1.123s] Level 1:colcon.colcon_core.environment:create_file_with_runtime_dependencies(/home/eating/work/install/linear_move/share/colcon-core/packages/linear_move)
[1.124s] Level 1:colcon.colcon_core.environment:create_environment_scripts_only(gui_interface)
[1.124s] Level 1:colcon.colcon_core.environment:checking '/home/eating/work/install/gui_interface' for CMake module files
[1.126s] DEBUG:colcon.colcon_core.event_handler.log_command:Invoked command in '/home/eating/work/build/gui_interface' returned '0': CMAKE_PREFIX_PATH=${CMAKE_PREFIX_PATH}:/home/eating/work/install/pallet_main:/home/eating/work/install/main_control:/home/eating/work/install/gui:/home/eating/work/install/docking_pkg:/opt/ros/humble /usr/bin/cmake --install /home/eating/work/build/gui_interface
[1.126s] Level 1:colcon.colcon_core.environment:checking '/home/eating/work/install/gui_interface' for CMake config files
[1.127s] Level 1:colcon.colcon_core.shell:create_environment_hook('gui_interface', 'cmake_prefix_path')
[1.127s] INFO:colcon.colcon_core.shell:Creating environment hook '/home/eating/work/install/gui_interface/share/gui_interface/hook/cmake_prefix_path.ps1'
[1.127s] INFO:colcon.colcon_core.shell:Creating environment descriptor '/home/eating/work/install/gui_interface/share/gui_interface/hook/cmake_prefix_path.dsv'
[1.128s] INFO:colcon.colcon_core.shell:Creating environment hook '/home/eating/work/install/gui_interface/share/gui_interface/hook/cmake_prefix_path.sh'
[1.128s] Level 1:colcon.colcon_core.environment:checking '/home/eating/work/install/gui_interface/lib'
[1.128s] Level 1:colcon.colcon_core.shell:create_environment_hook('gui_interface', 'ld_library_path_lib')
[1.129s] INFO:colcon.colcon_core.shell:Creating environment hook '/home/eating/work/install/gui_interface/share/gui_interface/hook/ld_library_path_lib.ps1'
[1.129s] INFO:colcon.colcon_core.shell:Creating environment descriptor '/home/eating/work/install/gui_interface/share/gui_interface/hook/ld_library_path_lib.dsv'
[1.129s] INFO:colcon.colcon_core.shell:Creating environment hook '/home/eating/work/install/gui_interface/share/gui_interface/hook/ld_library_path_lib.sh'
[1.130s] Level 1:colcon.colcon_core.environment:checking '/home/eating/work/install/gui_interface/bin'
[1.130s] Level 1:colcon.colcon_core.environment:checking '/home/eating/work/install/gui_interface/lib/pkgconfig/gui_interface.pc'
[1.130s] Level 1:colcon.colcon_core.environment:checking '/home/eating/work/install/gui_interface/lib/python3.10/site-packages'
[1.130s] Level 1:colcon.colcon_core.environment:checking '/home/eating/work/install/gui_interface/bin'
[1.131s] INFO:colcon.colcon_core.shell:Creating package script '/home/eating/work/install/gui_interface/share/gui_interface/package.ps1'
[1.131s] INFO:colcon.colcon_core.shell:Creating package descriptor '/home/eating/work/install/gui_interface/share/gui_interface/package.dsv'
[1.132s] INFO:colcon.colcon_core.shell:Creating package script '/home/eating/work/install/gui_interface/share/gui_interface/package.sh'
[1.132s] INFO:colcon.colcon_core.shell:Creating package script '/home/eating/work/install/gui_interface/share/gui_interface/package.bash'
[1.132s] INFO:colcon.colcon_core.shell:Creating package script '/home/eating/work/install/gui_interface/share/gui_interface/package.zsh'
[1.133s] Level 1:colcon.colcon_core.environment:create_file_with_runtime_dependencies(/home/eating/work/install/gui_interface/share/colcon-core/packages/gui_interface)
[1.133s] Level 1:colcon.colcon_core.environment:create_environment_scripts_only(gui_interface)
[1.134s] Level 1:colcon.colcon_core.environment:checking '/home/eating/work/install/gui_interface' for CMake module files
[1.134s] Level 1:colcon.colcon_core.environment:checking '/home/eating/work/install/gui_interface' for CMake config files
[1.135s] Level 1:colcon.colcon_core.shell:create_environment_hook('gui_interface', 'cmake_prefix_path')
[1.135s] INFO:colcon.colcon_core.shell:Creating environment hook '/home/eating/work/install/gui_interface/share/gui_interface/hook/cmake_prefix_path.ps1'
[1.135s] INFO:colcon.colcon_core.shell:Creating environment descriptor '/home/eating/work/install/gui_interface/share/gui_interface/hook/cmake_prefix_path.dsv'
[1.135s] INFO:colcon.colcon_core.shell:Creating environment hook '/home/eating/work/install/gui_interface/share/gui_interface/hook/cmake_prefix_path.sh'
[1.136s] Level 1:colcon.colcon_core.environment:checking '/home/eating/work/install/gui_interface/lib'
[1.136s] Level 1:colcon.colcon_core.shell:create_environment_hook('gui_interface', 'ld_library_path_lib')
[1.136s] INFO:colcon.colcon_core.shell:Creating environment hook '/home/eating/work/install/gui_interface/share/gui_interface/hook/ld_library_path_lib.ps1'
[1.137s] INFO:colcon.colcon_core.shell:Creating environment descriptor '/home/eating/work/install/gui_interface/share/gui_interface/hook/ld_library_path_lib.dsv'
[1.137s] INFO:colcon.colcon_core.shell:Creating environment hook '/home/eating/work/install/gui_interface/share/gui_interface/hook/ld_library_path_lib.sh'
[1.137s] Level 1:colcon.colcon_core.environment:checking '/home/eating/work/install/gui_interface/bin'
[1.137s] Level 1:colcon.colcon_core.environment:checking '/home/eating/work/install/gui_interface/lib/pkgconfig/gui_interface.pc'
[1.138s] Level 1:colcon.colcon_core.environment:checking '/home/eating/work/install/gui_interface/lib/python3.10/site-packages'
[1.138s] Level 1:colcon.colcon_core.environment:checking '/home/eating/work/install/gui_interface/bin'
[1.138s] INFO:colcon.colcon_core.shell:Creating package script '/home/eating/work/install/gui_interface/share/gui_interface/package.ps1'
[1.139s] INFO:colcon.colcon_core.shell:Creating package descriptor '/home/eating/work/install/gui_interface/share/gui_interface/package.dsv'
[1.139s] INFO:colcon.colcon_core.shell:Creating package script '/home/eating/work/install/gui_interface/share/gui_interface/package.sh'
[1.140s] INFO:colcon.colcon_core.shell:Creating package script '/home/eating/work/install/gui_interface/share/gui_interface/package.bash'
[1.140s] INFO:colcon.colcon_core.shell:Creating package script '/home/eating/work/install/gui_interface/share/gui_interface/package.zsh'
[1.140s] Level 1:colcon.colcon_core.environment:create_file_with_runtime_dependencies(/home/eating/work/install/gui_interface/share/colcon-core/packages/gui_interface)
[1.141s] INFO:colcon.colcon_ros.task.ament_python.build:Building ROS package in '/home/eating/work/src/pallet/pallet_main' with build type 'ament_python'
[1.141s] Level 1:colcon.colcon_core.shell:create_environment_hook('pallet_main', 'ament_prefix_path')
[1.142s] INFO:colcon.colcon_core.shell:Creating environment hook '/home/eating/work/install/pallet_main/share/pallet_main/hook/ament_prefix_path.ps1'
[1.144s] INFO:colcon.colcon_core.shell:Creating environment descriptor '/home/eating/work/install/pallet_main/share/pallet_main/hook/ament_prefix_path.dsv'
[1.145s] INFO:colcon.colcon_core.shell:Creating environment hook '/home/eating/work/install/pallet_main/share/pallet_main/hook/ament_prefix_path.sh'
[1.153s] INFO:colcon.colcon_core.shell:Skip shell extension 'powershell' for command environment: Not usable outside of PowerShell
[1.153s] DEBUG:colcon.colcon_core.shell:Skip shell extension 'dsv' for command environment
[1.177s] INFO:colcon.colcon_ros.task.ament_cmake.build:Building ROS package in '/home/eating/work/src/timda_sim/robot_arm_description' with build type 'ament_cmake'
[1.178s] INFO:colcon.colcon_cmake.task.cmake.build:Building CMake package in '/home/eating/work/src/timda_sim/robot_arm_description'
[1.178s] INFO:colcon.colcon_core.shell:Skip shell extension 'powershell' for command environment: Not usable outside of PowerShell
[1.179s] DEBUG:colcon.colcon_core.shell:Skip shell extension 'dsv' for command environment
[1.179s] DEBUG:colcon.colcon_core.event_handler.log_command:Invoking command in '/home/eating/work/build/mobile_description': CMAKE_PREFIX_PATH=${CMAKE_PREFIX_PATH}:/home/eating/work/install/pallet_main:/home/eating/work/install/main_control:/home/eating/work/install/gui:/home/eating/work/install/docking_pkg:/opt/ros/humble /usr/bin/cmake --build /home/eating/work/build/mobile_description -- -j8 -l8
[1.190s] Level 1:colcon.colcon_core.environment:create_environment_scripts_only(ira_laser_tools)
[1.190s] Level 1:colcon.colcon_core.environment:checking '/home/eating/work/install/ira_laser_tools' for CMake module files
[1.192s] Level 1:colcon.colcon_core.environment:checking '/home/eating/work/install/ira_laser_tools' for CMake config files
[1.193s] DEBUG:colcon.colcon_core.event_handler.log_command:Invoking command in '/home/eating/work/build/pallet_interfaces': CMAKE_PREFIX_PATH=${CMAKE_PREFIX_PATH}:/home/eating/work/install/pallet_main:/home/eating/work/install/main_control:/home/eating/work/install/gui:/home/eating/work/install/docking_pkg:/opt/ros/humble /usr/bin/cmake --build /home/eating/work/build/pallet_interfaces -- -j8 -l8
[1.193s] Level 1:colcon.colcon_core.shell:create_environment_hook('ira_laser_tools', 'cmake_prefix_path')
[1.193s] INFO:colcon.colcon_core.shell:Creating environment hook '/home/eating/work/install/ira_laser_tools/share/ira_laser_tools/hook/cmake_prefix_path.ps1'
[1.194s] INFO:colcon.colcon_core.shell:Creating environment descriptor '/home/eating/work/install/ira_laser_tools/share/ira_laser_tools/hook/cmake_prefix_path.dsv'
[1.195s] INFO:colcon.colcon_core.shell:Creating environment hook '/home/eating/work/install/ira_laser_tools/share/ira_laser_tools/hook/cmake_prefix_path.sh'
[1.196s] DEBUG:colcon.colcon_core.event_handler.log_command:Invoked command in '/home/eating/work/build/ira_laser_tools' returned '0': CMAKE_PREFIX_PATH=${CMAKE_PREFIX_PATH}:/home/eating/work/install/pallet_main:/home/eating/work/install/main_control:/home/eating/work/install/gui:/home/eating/work/install/docking_pkg:/opt/ros/humble /usr/bin/cmake --install /home/eating/work/build/ira_laser_tools
[1.197s] Level 1:colcon.colcon_core.environment:checking '/home/eating/work/install/ira_laser_tools/lib'
[1.198s] Level 1:colcon.colcon_core.environment:checking '/home/eating/work/install/ira_laser_tools/bin'
[1.198s] Level 1:colcon.colcon_core.environment:checking '/home/eating/work/install/ira_laser_tools/lib/pkgconfig/ira_laser_tools.pc'
[1.198s] Level 1:colcon.colcon_core.environment:checking '/home/eating/work/install/ira_laser_tools/lib/python3.10/site-packages'
[1.198s] Level 1:colcon.colcon_core.environment:checking '/home/eating/work/install/ira_laser_tools/bin'
[1.199s] INFO:colcon.colcon_core.shell:Creating package script '/home/eating/work/install/ira_laser_tools/share/ira_laser_tools/package.ps1'
[1.199s] INFO:colcon.colcon_core.shell:Creating package descriptor '/home/eating/work/install/ira_laser_tools/share/ira_laser_tools/package.dsv'
[1.201s] INFO:colcon.colcon_core.shell:Creating package script '/home/eating/work/install/ira_laser_tools/share/ira_laser_tools/package.sh'
[1.202s] INFO:colcon.colcon_core.shell:Creating package script '/home/eating/work/install/ira_laser_tools/share/ira_laser_tools/package.bash'
[1.202s] INFO:colcon.colcon_core.shell:Creating package script '/home/eating/work/install/ira_laser_tools/share/ira_laser_tools/package.zsh'
[1.203s] Level 1:colcon.colcon_core.environment:create_file_with_runtime_dependencies(/home/eating/work/install/ira_laser_tools/share/colcon-core/packages/ira_laser_tools)
[1.203s] Level 1:colcon.colcon_core.environment:create_environment_scripts_only(ira_laser_tools)
[1.204s] Level 1:colcon.colcon_core.environment:checking '/home/eating/work/install/ira_laser_tools' for CMake module files
[1.205s] Level 1:colcon.colcon_core.environment:checking '/home/eating/work/install/ira_laser_tools' for CMake config files
[1.205s] Level 1:colcon.colcon_core.shell:create_environment_hook('ira_laser_tools', 'cmake_prefix_path')
[1.205s] INFO:colcon.colcon_core.shell:Creating environment hook '/home/eating/work/install/ira_laser_tools/share/ira_laser_tools/hook/cmake_prefix_path.ps1'
[1.206s] INFO:colcon.colcon_core.shell:Creating environment descriptor '/home/eating/work/install/ira_laser_tools/share/ira_laser_tools/hook/cmake_prefix_path.dsv'
[1.206s] INFO:colcon.colcon_core.shell:Creating environment hook '/home/eating/work/install/ira_laser_tools/share/ira_laser_tools/hook/cmake_prefix_path.sh'
[1.207s] Level 1:colcon.colcon_core.environment:checking '/home/eating/work/install/ira_laser_tools/lib'
[1.207s] Level 1:colcon.colcon_core.environment:checking '/home/eating/work/install/ira_laser_tools/bin'
[1.207s] Level 1:colcon.colcon_core.environment:checking '/home/eating/work/install/ira_laser_tools/lib/pkgconfig/ira_laser_tools.pc'
[1.208s] Level 1:colcon.colcon_core.environment:checking '/home/eating/work/install/ira_laser_tools/lib/python3.10/site-packages'
[1.208s] Level 1:colcon.colcon_core.environment:checking '/home/eating/work/install/ira_laser_tools/bin'
[1.209s] INFO:colcon.colcon_core.shell:Creating package script '/home/eating/work/install/ira_laser_tools/share/ira_laser_tools/package.ps1'
[1.209s] INFO:colcon.colcon_core.shell:Creating package descriptor '/home/eating/work/install/ira_laser_tools/share/ira_laser_tools/package.dsv'
[1.210s] INFO:colcon.colcon_core.shell:Creating package script '/home/eating/work/install/ira_laser_tools/share/ira_laser_tools/package.sh'
[1.211s] INFO:colcon.colcon_core.shell:Creating package script '/home/eating/work/install/ira_laser_tools/share/ira_laser_tools/package.bash'
[1.212s] INFO:colcon.colcon_core.shell:Creating package script '/home/eating/work/install/ira_laser_tools/share/ira_laser_tools/package.zsh'
[1.212s] Level 1:colcon.colcon_core.environment:create_file_with_runtime_dependencies(/home/eating/work/install/ira_laser_tools/share/colcon-core/packages/ira_laser_tools)
[1.214s] INFO:colcon.colcon_ros.task.ament_cmake.build:Building ROS package in '/home/eating/work/src/timda_sim/suction_description' with build type 'ament_cmake'
[1.214s] INFO:colcon.colcon_cmake.task.cmake.build:Building CMake package in '/home/eating/work/src/timda_sim/suction_description'
[1.215s] INFO:colcon.colcon_core.shell:Skip shell extension 'powershell' for command environment: Not usable outside of PowerShell
[1.215s] DEBUG:colcon.colcon_core.shell:Skip shell extension 'dsv' for command environment
[1.222s] Level 1:colcon.colcon_core.environment:create_environment_scripts_only(interface)
[1.223s] Level 1:colcon.colcon_core.environment:checking '/home/eating/work/install/interface' for CMake module files
[1.224s] DEBUG:colcon.colcon_core.event_handler.log_command:Invoked command in '/home/eating/work/build/interface' returned '0': CMAKE_PREFIX_PATH=${CMAKE_PREFIX_PATH}:/home/eating/work/install/pallet_main:/home/eating/work/install/main_control:/home/eating/work/install/gui:/home/eating/work/install/docking_pkg:/opt/ros/humble /usr/bin/cmake --install /home/eating/work/build/interface
[1.224s] Level 1:colcon.colcon_core.environment:checking '/home/eating/work/install/interface' for CMake config files
[1.225s] Level 1:colcon.colcon_core.shell:create_environment_hook('interface', 'cmake_prefix_path')
[1.226s] INFO:colcon.colcon_core.shell:Creating environment hook '/home/eating/work/install/interface/share/interface/hook/cmake_prefix_path.ps1'
[1.226s] INFO:colcon.colcon_core.shell:Creating environment descriptor '/home/eating/work/install/interface/share/interface/hook/cmake_prefix_path.dsv'
[1.227s] INFO:colcon.colcon_core.shell:Creating environment hook '/home/eating/work/install/interface/share/interface/hook/cmake_prefix_path.sh'
[1.227s] Level 1:colcon.colcon_core.environment:checking '/home/eating/work/install/interface/lib'
[1.228s] Level 1:colcon.colcon_core.shell:create_environment_hook('interface', 'ld_library_path_lib')
[1.228s] INFO:colcon.colcon_core.shell:Creating environment hook '/home/eating/work/install/interface/share/interface/hook/ld_library_path_lib.ps1'
[1.229s] INFO:colcon.colcon_core.shell:Creating environment descriptor '/home/eating/work/install/interface/share/interface/hook/ld_library_path_lib.dsv'
[1.229s] INFO:colcon.colcon_core.shell:Creating environment hook '/home/eating/work/install/interface/share/interface/hook/ld_library_path_lib.sh'
[1.230s] Level 1:colcon.colcon_core.environment:checking '/home/eating/work/install/interface/bin'
[1.230s] Level 1:colcon.colcon_core.environment:checking '/home/eating/work/install/interface/lib/pkgconfig/interface.pc'
[1.230s] Level 1:colcon.colcon_core.environment:checking '/home/eating/work/install/interface/lib/python3.10/site-packages'
[1.230s] Level 1:colcon.colcon_core.environment:checking '/home/eating/work/install/interface/bin'
[1.231s] INFO:colcon.colcon_core.shell:Creating package script '/home/eating/work/install/interface/share/interface/package.ps1'
[1.232s] INFO:colcon.colcon_core.shell:Creating package descriptor '/home/eating/work/install/interface/share/interface/package.dsv'
[1.232s] INFO:colcon.colcon_core.shell:Creating package script '/home/eating/work/install/interface/share/interface/package.sh'
[1.233s] INFO:colcon.colcon_core.shell:Creating package script '/home/eating/work/install/interface/share/interface/package.bash'
[1.233s] INFO:colcon.colcon_core.shell:Creating package script '/home/eating/work/install/interface/share/interface/package.zsh'
[1.234s] Level 1:colcon.colcon_core.environment:create_file_with_runtime_dependencies(/home/eating/work/install/interface/share/colcon-core/packages/interface)
[1.235s] Level 1:colcon.colcon_core.environment:create_environment_scripts_only(interface)
[1.235s] Level 1:colcon.colcon_core.environment:checking '/home/eating/work/install/interface' for CMake module files
[1.237s] Level 1:colcon.colcon_core.environment:checking '/home/eating/work/install/interface' for CMake config files
[1.238s] Level 1:colcon.colcon_core.shell:create_environment_hook('interface', 'cmake_prefix_path')
[1.238s] INFO:colcon.colcon_core.shell:Creating environment hook '/home/eating/work/install/interface/share/interface/hook/cmake_prefix_path.ps1'
[1.239s] INFO:colcon.colcon_core.shell:Creating environment descriptor '/home/eating/work/install/interface/share/interface/hook/cmake_prefix_path.dsv'
[1.239s] INFO:colcon.colcon_core.shell:Creating environment hook '/home/eating/work/install/interface/share/interface/hook/cmake_prefix_path.sh'
[1.240s] Level 1:colcon.colcon_core.environment:checking '/home/eating/work/install/interface/lib'
[1.240s] Level 1:colcon.colcon_core.shell:create_environment_hook('interface', 'ld_library_path_lib')
[1.240s] INFO:colcon.colcon_core.shell:Creating environment hook '/home/eating/work/install/interface/share/interface/hook/ld_library_path_lib.ps1'
[1.241s] INFO:colcon.colcon_core.shell:Creating environment descriptor '/home/eating/work/install/interface/share/interface/hook/ld_library_path_lib.dsv'
[1.241s] INFO:colcon.colcon_core.shell:Creating environment hook '/home/eating/work/install/interface/share/interface/hook/ld_library_path_lib.sh'
[1.242s] Level 1:colcon.colcon_core.environment:checking '/home/eating/work/install/interface/bin'
[1.242s] Level 1:colcon.colcon_core.environment:checking '/home/eating/work/install/interface/lib/pkgconfig/interface.pc'
[1.242s] Level 1:colcon.colcon_core.environment:checking '/home/eating/work/install/interface/lib/python3.10/site-packages'
[1.243s] Level 1:colcon.colcon_core.environment:checking '/home/eating/work/install/interface/bin'
[1.243s] INFO:colcon.colcon_core.shell:Creating package script '/home/eating/work/install/interface/share/interface/package.ps1'
[1.244s] INFO:colcon.colcon_core.shell:Creating package descriptor '/home/eating/work/install/interface/share/interface/package.dsv'
[1.245s] INFO:colcon.colcon_core.shell:Creating package script '/home/eating/work/install/interface/share/interface/package.sh'
[1.246s] INFO:colcon.colcon_core.shell:Creating package script '/home/eating/work/install/interface/share/interface/package.bash'
[1.246s] INFO:colcon.colcon_core.shell:Creating package script '/home/eating/work/install/interface/share/interface/package.zsh'
[1.247s] Level 1:colcon.colcon_core.environment:create_file_with_runtime_dependencies(/home/eating/work/install/interface/share/colcon-core/packages/interface)
[1.573s] INFO:colcon.colcon_core.task.python.build:Building Python package in '/home/eating/work/src/pallet/pallet_main'
[1.573s] INFO:colcon.colcon_core.shell:Skip shell extension 'powershell' for command environment: Not usable outside of PowerShell
[1.573s] DEBUG:colcon.colcon_core.shell:Skip shell extension 'dsv' for command environment
[1.577s] INFO:colcon.colcon_ros.task.ament_cmake.build:Building ROS package in '/home/eating/work/src/timda_sim/timda_body_description' with build type 'ament_cmake'
[1.578s] INFO:colcon.colcon_cmake.task.cmake.build:Building CMake package in '/home/eating/work/src/timda_sim/timda_body_description'
[1.578s] INFO:colcon.colcon_core.shell:Skip shell extension 'powershell' for command environment: Not usable outside of PowerShell
[1.578s] DEBUG:colcon.colcon_core.shell:Skip shell extension 'dsv' for command environment
[1.583s] Level 1:colcon.colcon_core.environment:create_environment_scripts_only(realsense2_camera_msgs)
[1.583s] Level 1:colcon.colcon_core.environment:checking '/home/eating/work/install/realsense2_camera_msgs' for CMake module files
[1.583s] DEBUG:colcon.colcon_core.event_handler.log_command:Invoked command in '/home/eating/work/build/realsense2_camera_msgs' returned '0': CMAKE_PREFIX_PATH=${CMAKE_PREFIX_PATH}:/home/eating/work/install/pallet_main:/home/eating/work/install/main_control:/home/eating/work/install/gui:/home/eating/work/install/docking_pkg:/opt/ros/humble /usr/bin/cmake --install /home/eating/work/build/realsense2_camera_msgs
[1.584s] Level 1:colcon.colcon_core.environment:checking '/home/eating/work/install/realsense2_camera_msgs' for CMake config files
[1.585s] Level 1:colcon.colcon_core.shell:create_environment_hook('realsense2_camera_msgs', 'cmake_prefix_path')
[1.585s] INFO:colcon.colcon_core.shell:Creating environment hook '/home/eating/work/install/realsense2_camera_msgs/share/realsense2_camera_msgs/hook/cmake_prefix_path.ps1'
[1.585s] INFO:colcon.colcon_core.shell:Creating environment descriptor '/home/eating/work/install/realsense2_camera_msgs/share/realsense2_camera_msgs/hook/cmake_prefix_path.dsv'
[1.586s] INFO:colcon.colcon_core.shell:Creating environment hook '/home/eating/work/install/realsense2_camera_msgs/share/realsense2_camera_msgs/hook/cmake_prefix_path.sh'
[1.586s] Level 1:colcon.colcon_core.environment:checking '/home/eating/work/install/realsense2_camera_msgs/lib'
[1.586s] Level 1:colcon.colcon_core.shell:create_environment_hook('realsense2_camera_msgs', 'ld_library_path_lib')
[1.586s] INFO:colcon.colcon_core.shell:Creating environment hook '/home/eating/work/install/realsense2_camera_msgs/share/realsense2_camera_msgs/hook/ld_library_path_lib.ps1'
[1.587s] INFO:colcon.colcon_core.shell:Creating environment descriptor '/home/eating/work/install/realsense2_camera_msgs/share/realsense2_camera_msgs/hook/ld_library_path_lib.dsv'
[1.587s] INFO:colcon.colcon_core.shell:Creating environment hook '/home/eating/work/install/realsense2_camera_msgs/share/realsense2_camera_msgs/hook/ld_library_path_lib.sh'
[1.587s] Level 1:colcon.colcon_core.environment:checking '/home/eating/work/install/realsense2_camera_msgs/bin'
[1.587s] Level 1:colcon.colcon_core.environment:checking '/home/eating/work/install/realsense2_camera_msgs/lib/pkgconfig/realsense2_camera_msgs.pc'
[1.588s] Level 1:colcon.colcon_core.environment:checking '/home/eating/work/install/realsense2_camera_msgs/lib/python3.10/site-packages'
[1.588s] Level 1:colcon.colcon_core.environment:checking '/home/eating/work/install/realsense2_camera_msgs/bin'
[1.588s] INFO:colcon.colcon_core.shell:Creating package script '/home/eating/work/install/realsense2_camera_msgs/share/realsense2_camera_msgs/package.ps1'
[1.589s] INFO:colcon.colcon_core.shell:Creating package descriptor '/home/eating/work/install/realsense2_camera_msgs/share/realsense2_camera_msgs/package.dsv'
[1.589s] INFO:colcon.colcon_core.shell:Creating package script '/home/eating/work/install/realsense2_camera_msgs/share/realsense2_camera_msgs/package.sh'
[1.589s] INFO:colcon.colcon_core.shell:Creating package script '/home/eating/work/install/realsense2_camera_msgs/share/realsense2_camera_msgs/package.bash'
[1.590s] INFO:colcon.colcon_core.shell:Creating package script '/home/eating/work/install/realsense2_camera_msgs/share/realsense2_camera_msgs/package.zsh'
[1.590s] Level 1:colcon.colcon_core.environment:create_file_with_runtime_dependencies(/home/eating/work/install/realsense2_camera_msgs/share/colcon-core/packages/realsense2_camera_msgs)
[1.590s] Level 1:colcon.colcon_core.environment:create_environment_scripts_only(realsense2_camera_msgs)
[1.591s] Level 1:colcon.colcon_core.environment:checking '/home/eating/work/install/realsense2_camera_msgs' for CMake module files
[1.591s] Level 1:colcon.colcon_core.environment:checking '/home/eating/work/install/realsense2_camera_msgs' for CMake config files
[1.592s] Level 1:colcon.colcon_core.shell:create_environment_hook('realsense2_camera_msgs', 'cmake_prefix_path')
[1.592s] INFO:colcon.colcon_core.shell:Creating environment hook '/home/eating/work/install/realsense2_camera_msgs/share/realsense2_camera_msgs/hook/cmake_prefix_path.ps1'
[1.593s] INFO:colcon.colcon_core.shell:Creating environment descriptor '/home/eating/work/install/realsense2_camera_msgs/share/realsense2_camera_msgs/hook/cmake_prefix_path.dsv'
[1.593s] INFO:colcon.colcon_core.shell:Creating environment hook '/home/eating/work/install/realsense2_camera_msgs/share/realsense2_camera_msgs/hook/cmake_prefix_path.sh'
[1.593s] Level 1:colcon.colcon_core.environment:checking '/home/eating/work/install/realsense2_camera_msgs/lib'
[1.594s] Level 1:colcon.colcon_core.shell:create_environment_hook('realsense2_camera_msgs', 'ld_library_path_lib')
[1.594s] INFO:colcon.colcon_core.shell:Creating environment hook '/home/eating/work/install/realsense2_camera_msgs/share/realsense2_camera_msgs/hook/ld_library_path_lib.ps1'
[1.594s] INFO:colcon.colcon_core.shell:Creating environment descriptor '/home/eating/work/install/realsense2_camera_msgs/share/realsense2_camera_msgs/hook/ld_library_path_lib.dsv'
[1.594s] INFO:colcon.colcon_core.shell:Creating environment hook '/home/eating/work/install/realsense2_camera_msgs/share/realsense2_camera_msgs/hook/ld_library_path_lib.sh'
[1.595s] Level 1:colcon.colcon_core.environment:checking '/home/eating/work/install/realsense2_camera_msgs/bin'
[1.595s] Level 1:colcon.colcon_core.environment:checking '/home/eating/work/install/realsense2_camera_msgs/lib/pkgconfig/realsense2_camera_msgs.pc'
[1.595s] Level 1:colcon.colcon_core.environment:checking '/home/eating/work/install/realsense2_camera_msgs/lib/python3.10/site-packages'
[1.595s] Level 1:colcon.colcon_core.environment:checking '/home/eating/work/install/realsense2_camera_msgs/bin'
[1.595s] INFO:colcon.colcon_core.shell:Creating package script '/home/eating/work/install/realsense2_camera_msgs/share/realsense2_camera_msgs/package.ps1'
[1.596s] INFO:colcon.colcon_core.shell:Creating package descriptor '/home/eating/work/install/realsense2_camera_msgs/share/realsense2_camera_msgs/package.dsv'
[1.596s] INFO:colcon.colcon_core.shell:Creating package script '/home/eating/work/install/realsense2_camera_msgs/share/realsense2_camera_msgs/package.sh'
[1.597s] INFO:colcon.colcon_core.shell:Creating package script '/home/eating/work/install/realsense2_camera_msgs/share/realsense2_camera_msgs/package.bash'
[1.597s] INFO:colcon.colcon_core.shell:Creating package script '/home/eating/work/install/realsense2_camera_msgs/share/realsense2_camera_msgs/package.zsh'
[1.598s] Level 1:colcon.colcon_core.environment:create_file_with_runtime_dependencies(/home/eating/work/install/realsense2_camera_msgs/share/colcon-core/packages/realsense2_camera_msgs)
[1.601s] INFO:colcon.colcon_ros.task.ament_cmake.build:Building ROS package in '/home/eating/work/src/timda_bringup' with build type 'ament_cmake'
[1.601s] INFO:colcon.colcon_cmake.task.cmake.build:Building CMake package in '/home/eating/work/src/timda_bringup'
[1.601s] INFO:colcon.colcon_core.shell:Skip shell extension 'powershell' for command environment: Not usable outside of PowerShell
[1.601s] DEBUG:colcon.colcon_core.shell:Skip shell extension 'dsv' for command environment
[1.602s] DEBUG:colcon.colcon_core.event_handler.log_command:Invoking command in '/home/eating/work/build/robot_arm_description': CMAKE_PREFIX_PATH=${CMAKE_PREFIX_PATH}:/home/eating/work/install/pallet_main:/home/eating/work/install/main_control:/home/eating/work/install/gui:/home/eating/work/install/docking_pkg:/opt/ros/humble /usr/bin/cmake --build /home/eating/work/build/robot_arm_description -- -j8 -l8
[1.606s] DEBUG:colcon.colcon_core.event_handler.log_command:Invoked command in '/home/eating/work/build/mobile_description' returned '0': CMAKE_PREFIX_PATH=${CMAKE_PREFIX_PATH}:/home/eating/work/install/pallet_main:/home/eating/work/install/main_control:/home/eating/work/install/gui:/home/eating/work/install/docking_pkg:/opt/ros/humble /usr/bin/cmake --build /home/eating/work/build/mobile_description -- -j8 -l8
[1.608s] DEBUG:colcon.colcon_core.event_handler.log_command:Invoking command in '/home/eating/work/build/mobile_description': CMAKE_PREFIX_PATH=${CMAKE_PREFIX_PATH}:/home/eating/work/install/pallet_main:/home/eating/work/install/main_control:/home/eating/work/install/gui:/home/eating/work/install/docking_pkg:/opt/ros/humble /usr/bin/cmake --install /home/eating/work/build/mobile_description
[1.614s] DEBUG:colcon.colcon_core.event_handler.log_command:Invoking command in '/home/eating/work/build/suction_description': CMAKE_PREFIX_PATH=${CMAKE_PREFIX_PATH}:/home/eating/work/install/pallet_main:/home/eating/work/install/main_control:/home/eating/work/install/gui:/home/eating/work/install/docking_pkg:/opt/ros/humble /usr/bin/cmake --build /home/eating/work/build/suction_description -- -j8 -l8
[1.617s] DEBUG:colcon.colcon_core.event_handler.log_command:Invoking command in '/home/eating/work/src/docking/docking_pkg': PYTHONPATH=/home/eating/work/build/docking_pkg/prefix_override:/usr/lib/python3/dist-packages/colcon_core/task/python/colcon_distutils_commands:/home/eating/work/install/docking_pkg/lib/python3.10/site-packages:${PYTHONPATH} /usr/bin/python3 -W ignore:setup.py install is deprecated -W ignore:easy_install command is deprecated setup.py egg_info --egg-base ../../../build/docking_pkg build --build-base /home/eating/work/build/docking_pkg/build install --record /home/eating/work/build/docking_pkg/install.log --single-version-externally-managed install_data
[1.626s] DEBUG:colcon.colcon_core.event_handler.log_command:Invoked command in '/home/eating/work/build/pallet_interfaces' returned '0': CMAKE_PREFIX_PATH=${CMAKE_PREFIX_PATH}:/home/eating/work/install/pallet_main:/home/eating/work/install/main_control:/home/eating/work/install/gui:/home/eating/work/install/docking_pkg:/opt/ros/humble /usr/bin/cmake --build /home/eating/work/build/pallet_interfaces -- -j8 -l8
[1.626s] DEBUG:colcon.colcon_core.event_handler.log_command:Invoking command in '/home/eating/work/build/pallet_interfaces': CMAKE_PREFIX_PATH=${CMAKE_PREFIX_PATH}:/home/eating/work/install/pallet_main:/home/eating/work/install/main_control:/home/eating/work/install/gui:/home/eating/work/install/docking_pkg:/opt/ros/humble /usr/bin/cmake --install /home/eating/work/build/pallet_interfaces
[1.627s] DEBUG:colcon.colcon_core.event_handler.log_command:Invoking command in '/home/eating/work/build/timda_body_description': CMAKE_PREFIX_PATH=${CMAKE_PREFIX_PATH}:/home/eating/work/install/pallet_main:/home/eating/work/install/main_control:/home/eating/work/install/gui:/home/eating/work/install/docking_pkg:/opt/ros/humble /usr/bin/cmake --build /home/eating/work/build/timda_body_description -- -j8 -l8
[1.637s] DEBUG:colcon.colcon_core.event_handler.log_command:Invoking command in '/home/eating/work/build/timda_bringup': CMAKE_PREFIX_PATH=${CMAKE_PREFIX_PATH}:/home/eating/work/install/pallet_main:/home/eating/work/install/main_control:/home/eating/work/install/gui:/home/eating/work/install/docking_pkg:/opt/ros/humble /usr/bin/cmake --build /home/eating/work/build/timda_bringup -- -j8 -l8
[1.640s] Level 1:colcon.colcon_core.environment:create_environment_scripts_only(mobile_description)
[1.641s] Level 1:colcon.colcon_core.environment:checking '/home/eating/work/install/mobile_description' for CMake module files
[1.641s] Level 1:colcon.colcon_core.environment:checking '/home/eating/work/install/mobile_description' for CMake config files
[1.642s] Level 1:colcon.colcon_core.shell:create_environment_hook('mobile_description', 'cmake_prefix_path')
[1.642s] INFO:colcon.colcon_core.shell:Creating environment hook '/home/eating/work/install/mobile_description/share/mobile_description/hook/cmake_prefix_path.ps1'
[1.643s] INFO:colcon.colcon_core.shell:Creating environment descriptor '/home/eating/work/install/mobile_description/share/mobile_description/hook/cmake_prefix_path.dsv'
[1.643s] INFO:colcon.colcon_core.shell:Creating environment hook '/home/eating/work/install/mobile_description/share/mobile_description/hook/cmake_prefix_path.sh'
[1.644s] Level 1:colcon.colcon_core.environment:checking '/home/eating/work/install/mobile_description/bin'
[1.644s] Level 1:colcon.colcon_core.environment:checking '/home/eating/work/install/mobile_description/lib/pkgconfig/mobile_description.pc'
[1.644s] Level 1:colcon.colcon_core.environment:checking '/home/eating/work/install/mobile_description/lib/python3.10/site-packages'
[1.645s] Level 1:colcon.colcon_core.environment:checking '/home/eating/work/install/mobile_description/bin'
[1.645s] INFO:colcon.colcon_core.shell:Creating package script '/home/eating/work/install/mobile_description/share/mobile_description/package.ps1'
[1.646s] INFO:colcon.colcon_core.shell:Creating package descriptor '/home/eating/work/install/mobile_description/share/mobile_description/package.dsv'
[1.646s] INFO:colcon.colcon_core.shell:Creating package script '/home/eating/work/install/mobile_description/share/mobile_description/package.sh'
[1.647s] INFO:colcon.colcon_core.shell:Creating package script '/home/eating/work/install/mobile_description/share/mobile_description/package.bash'
[1.651s] INFO:colcon.colcon_core.shell:Creating package script '/home/eating/work/install/mobile_description/share/mobile_description/package.zsh'
[1.652s] Level 1:colcon.colcon_core.environment:create_file_with_runtime_dependencies(/home/eating/work/install/mobile_description/share/colcon-core/packages/mobile_description)
[1.654s] Level 1:colcon.colcon_core.environment:create_environment_scripts_only(mobile_description)
[1.654s] Level 1:colcon.colcon_core.environment:checking '/home/eating/work/install/mobile_description' for CMake module files
[1.656s] Level 1:colcon.colcon_core.environment:checking '/home/eating/work/install/mobile_description' for CMake config files
[1.658s] Level 1:colcon.colcon_core.shell:create_environment_hook('mobile_description', 'cmake_prefix_path')
[1.659s] INFO:colcon.colcon_core.shell:Creating environment hook '/home/eating/work/install/mobile_description/share/mobile_description/hook/cmake_prefix_path.ps1'
[1.660s] INFO:colcon.colcon_core.shell:Creating environment descriptor '/home/eating/work/install/mobile_description/share/mobile_description/hook/cmake_prefix_path.dsv'
[1.660s] INFO:colcon.colcon_core.shell:Creating environment hook '/home/eating/work/install/mobile_description/share/mobile_description/hook/cmake_prefix_path.sh'
[1.662s] Level 1:colcon.colcon_core.environment:checking '/home/eating/work/install/mobile_description/bin'
[1.662s] Level 1:colcon.colcon_core.environment:checking '/home/eating/work/install/mobile_description/lib/pkgconfig/mobile_description.pc'
[1.663s] Level 1:colcon.colcon_core.environment:checking '/home/eating/work/install/mobile_description/lib/python3.10/site-packages'
[1.663s] Level 1:colcon.colcon_core.environment:checking '/home/eating/work/install/mobile_description/bin'
[1.663s] INFO:colcon.colcon_core.shell:Creating package script '/home/eating/work/install/mobile_description/share/mobile_description/package.ps1'
[1.664s] INFO:colcon.colcon_core.shell:Creating package descriptor '/home/eating/work/install/mobile_description/share/mobile_description/package.dsv'
[1.665s] INFO:colcon.colcon_core.shell:Creating package script '/home/eating/work/install/mobile_description/share/mobile_description/package.sh'
[1.665s] DEBUG:colcon.colcon_core.event_handler.log_command:Invoked command in '/home/eating/work/build/mobile_description' returned '0': CMAKE_PREFIX_PATH=${CMAKE_PREFIX_PATH}:/home/eating/work/install/pallet_main:/home/eating/work/install/main_control:/home/eating/work/install/gui:/home/eating/work/install/docking_pkg:/opt/ros/humble /usr/bin/cmake --install /home/eating/work/build/mobile_description
[1.666s] INFO:colcon.colcon_core.shell:Creating package script '/home/eating/work/install/mobile_description/share/mobile_description/package.bash'
[1.666s] INFO:colcon.colcon_core.shell:Creating package script '/home/eating/work/install/mobile_description/share/mobile_description/package.zsh'
[1.667s] Level 1:colcon.colcon_core.environment:create_file_with_runtime_dependencies(/home/eating/work/install/mobile_description/share/colcon-core/packages/mobile_description)
[1.667s] INFO:colcon.colcon_ros.task.ament_cmake.build:Building ROS package in '/home/eating/work/src/timda_sim/timda_description' with build type 'ament_cmake'
[1.668s] INFO:colcon.colcon_cmake.task.cmake.build:Building CMake package in '/home/eating/work/src/timda_sim/timda_description'
[1.668s] INFO:colcon.colcon_core.shell:Skip shell extension 'powershell' for command environment: Not usable outside of PowerShell
[1.668s] DEBUG:colcon.colcon_core.shell:Skip shell extension 'dsv' for command environment
[1.673s] DEBUG:colcon.colcon_core.event_handler.log_command:Invoked command in '/home/eating/work/build/robot_arm_description' returned '0': CMAKE_PREFIX_PATH=${CMAKE_PREFIX_PATH}:/home/eating/work/install/pallet_main:/home/eating/work/install/main_control:/home/eating/work/install/gui:/home/eating/work/install/docking_pkg:/opt/ros/humble /usr/bin/cmake --build /home/eating/work/build/robot_arm_description -- -j8 -l8
[1.674s] DEBUG:colcon.colcon_core.event_handler.log_command:Invoking command in '/home/eating/work/build/robot_arm_description': CMAKE_PREFIX_PATH=${CMAKE_PREFIX_PATH}:/home/eating/work/install/pallet_main:/home/eating/work/install/main_control:/home/eating/work/install/gui:/home/eating/work/install/docking_pkg:/opt/ros/humble /usr/bin/cmake --install /home/eating/work/build/robot_arm_description
[1.675s] DEBUG:colcon.colcon_core.event_handler.log_command:Invoked command in '/home/eating/work/build/suction_description' returned '0': CMAKE_PREFIX_PATH=${CMAKE_PREFIX_PATH}:/home/eating/work/install/pallet_main:/home/eating/work/install/main_control:/home/eating/work/install/gui:/home/eating/work/install/docking_pkg:/opt/ros/humble /usr/bin/cmake --build /home/eating/work/build/suction_description -- -j8 -l8
[1.677s] DEBUG:colcon.colcon_core.event_handler.log_command:Invoking command in '/home/eating/work/build/suction_description': CMAKE_PREFIX_PATH=${CMAKE_PREFIX_PATH}:/home/eating/work/install/pallet_main:/home/eating/work/install/main_control:/home/eating/work/install/gui:/home/eating/work/install/docking_pkg:/opt/ros/humble /usr/bin/cmake --install /home/eating/work/build/suction_description
[1.681s] DEBUG:colcon.colcon_core.event_handler.log_command:Invoking command in '/home/eating/work/build/timda_description': CMAKE_PREFIX_PATH=${CMAKE_PREFIX_PATH}:/home/eating/work/install/pallet_main:/home/eating/work/install/main_control:/home/eating/work/install/gui:/home/eating/work/install/docking_pkg:/opt/ros/humble /usr/bin/cmake --build /home/eating/work/build/timda_description -- -j8 -l8
[1.683s] DEBUG:colcon.colcon_core.event_handler.log_command:Invoked command in '/home/eating/work/build/timda_body_description' returned '0': CMAKE_PREFIX_PATH=${CMAKE_PREFIX_PATH}:/home/eating/work/install/pallet_main:/home/eating/work/install/main_control:/home/eating/work/install/gui:/home/eating/work/install/docking_pkg:/opt/ros/humble /usr/bin/cmake --build /home/eating/work/build/timda_body_description -- -j8 -l8
[1.684s] DEBUG:colcon.colcon_core.event_handler.log_command:Invoking command in '/home/eating/work/build/timda_body_description': CMAKE_PREFIX_PATH=${CMAKE_PREFIX_PATH}:/home/eating/work/install/pallet_main:/home/eating/work/install/main_control:/home/eating/work/install/gui:/home/eating/work/install/docking_pkg:/opt/ros/humble /usr/bin/cmake --install /home/eating/work/build/timda_body_description
[1.700s] Level 1:colcon.colcon_core.environment:create_environment_scripts_only(robot_arm_description)
[1.701s] Level 1:colcon.colcon_core.environment:checking '/home/eating/work/install/robot_arm_description' for CMake module files
[1.703s] DEBUG:colcon.colcon_core.event_handler.log_command:Invoked command in '/home/eating/work/build/timda_bringup' returned '0': CMAKE_PREFIX_PATH=${CMAKE_PREFIX_PATH}:/home/eating/work/install/pallet_main:/home/eating/work/install/main_control:/home/eating/work/install/gui:/home/eating/work/install/docking_pkg:/opt/ros/humble /usr/bin/cmake --build /home/eating/work/build/timda_bringup -- -j8 -l8
[1.704s] Level 1:colcon.colcon_core.environment:checking '/home/eating/work/install/robot_arm_description' for CMake config files
[1.707s] DEBUG:colcon.colcon_core.event_handler.log_command:Invoking command in '/home/eating/work/build/timda_bringup': CMAKE_PREFIX_PATH=${CMAKE_PREFIX_PATH}:/home/eating/work/install/pallet_main:/home/eating/work/install/main_control:/home/eating/work/install/gui:/home/eating/work/install/docking_pkg:/opt/ros/humble /usr/bin/cmake --install /home/eating/work/build/timda_bringup
[1.707s] Level 1:colcon.colcon_core.shell:create_environment_hook('robot_arm_description', 'cmake_prefix_path')
[1.707s] INFO:colcon.colcon_core.shell:Creating environment hook '/home/eating/work/install/robot_arm_description/share/robot_arm_description/hook/cmake_prefix_path.ps1'
[1.709s] INFO:colcon.colcon_core.shell:Creating environment descriptor '/home/eating/work/install/robot_arm_description/share/robot_arm_description/hook/cmake_prefix_path.dsv'
[1.709s] INFO:colcon.colcon_core.shell:Creating environment hook '/home/eating/work/install/robot_arm_description/share/robot_arm_description/hook/cmake_prefix_path.sh'
[1.710s] Level 1:colcon.colcon_core.environment:checking '/home/eating/work/install/robot_arm_description/bin'
[1.710s] Level 1:colcon.colcon_core.environment:checking '/home/eating/work/install/robot_arm_description/lib/pkgconfig/robot_arm_description.pc'
[1.711s] Level 1:colcon.colcon_core.environment:checking '/home/eating/work/install/robot_arm_description/lib/python3.10/site-packages'
[1.711s] Level 1:colcon.colcon_core.environment:checking '/home/eating/work/install/robot_arm_description/bin'
[1.711s] INFO:colcon.colcon_core.shell:Creating package script '/home/eating/work/install/robot_arm_description/share/robot_arm_description/package.ps1'
[1.712s] INFO:colcon.colcon_core.shell:Creating package descriptor '/home/eating/work/install/robot_arm_description/share/robot_arm_description/package.dsv'
[1.713s] INFO:colcon.colcon_core.shell:Creating package script '/home/eating/work/install/robot_arm_description/share/robot_arm_description/package.sh'
[1.714s] INFO:colcon.colcon_core.shell:Creating package script '/home/eating/work/install/robot_arm_description/share/robot_arm_description/package.bash'
[1.714s] INFO:colcon.colcon_core.shell:Creating package script '/home/eating/work/install/robot_arm_description/share/robot_arm_description/package.zsh'
[1.715s] Level 1:colcon.colcon_core.environment:create_file_with_runtime_dependencies(/home/eating/work/install/robot_arm_description/share/colcon-core/packages/robot_arm_description)
[1.715s] Level 1:colcon.colcon_core.environment:create_environment_scripts_only(robot_arm_description)
[1.716s] Level 1:colcon.colcon_core.environment:checking '/home/eating/work/install/robot_arm_description' for CMake module files
[1.716s] Level 1:colcon.colcon_core.environment:checking '/home/eating/work/install/robot_arm_description' for CMake config files
[1.716s] Level 1:colcon.colcon_core.shell:create_environment_hook('robot_arm_description', 'cmake_prefix_path')
[1.716s] INFO:colcon.colcon_core.shell:Creating environment hook '/home/eating/work/install/robot_arm_description/share/robot_arm_description/hook/cmake_prefix_path.ps1'
[1.717s] INFO:colcon.colcon_core.shell:Creating environment descriptor '/home/eating/work/install/robot_arm_description/share/robot_arm_description/hook/cmake_prefix_path.dsv'
[1.718s] INFO:colcon.colcon_core.shell:Creating environment hook '/home/eating/work/install/robot_arm_description/share/robot_arm_description/hook/cmake_prefix_path.sh'
[1.718s] Level 1:colcon.colcon_core.environment:checking '/home/eating/work/install/robot_arm_description/bin'
[1.718s] Level 1:colcon.colcon_core.environment:checking '/home/eating/work/install/robot_arm_description/lib/pkgconfig/robot_arm_description.pc'
[1.719s] Level 1:colcon.colcon_core.environment:checking '/home/eating/work/install/robot_arm_description/lib/python3.10/site-packages'
[1.719s] Level 1:colcon.colcon_core.environment:checking '/home/eating/work/install/robot_arm_description/bin'
[1.720s] INFO:colcon.colcon_core.shell:Creating package script '/home/eating/work/install/robot_arm_description/share/robot_arm_description/package.ps1'
[1.722s] DEBUG:colcon.colcon_core.event_handler.log_command:Invoked command in '/home/eating/work/build/robot_arm_description' returned '0': CMAKE_PREFIX_PATH=${CMAKE_PREFIX_PATH}:/home/eating/work/install/pallet_main:/home/eating/work/install/main_control:/home/eating/work/install/gui:/home/eating/work/install/docking_pkg:/opt/ros/humble /usr/bin/cmake --install /home/eating/work/build/robot_arm_description
[1.722s] INFO:colcon.colcon_core.shell:Creating package descriptor '/home/eating/work/install/robot_arm_description/share/robot_arm_description/package.dsv'
[1.723s] INFO:colcon.colcon_core.shell:Creating package script '/home/eating/work/install/robot_arm_description/share/robot_arm_description/package.sh'
[1.725s] INFO:colcon.colcon_core.shell:Creating package script '/home/eating/work/install/robot_arm_description/share/robot_arm_description/package.bash'
[1.726s] INFO:colcon.colcon_core.shell:Creating package script '/home/eating/work/install/robot_arm_description/share/robot_arm_description/package.zsh'
[1.727s] Level 1:colcon.colcon_core.environment:create_file_with_runtime_dependencies(/home/eating/work/install/robot_arm_description/share/colcon-core/packages/robot_arm_description)
[1.728s] Level 1:colcon.colcon_core.environment:create_environment_scripts_only(suction_description)
[1.728s] Level 1:colcon.colcon_core.environment:checking '/home/eating/work/install/suction_description' for CMake module files
[1.731s] Level 1:colcon.colcon_core.environment:checking '/home/eating/work/install/suction_description' for CMake config files
[1.733s] Level 1:colcon.colcon_core.shell:create_environment_hook('suction_description', 'cmake_prefix_path')
[1.734s] INFO:colcon.colcon_core.shell:Creating environment hook '/home/eating/work/install/suction_description/share/suction_description/hook/cmake_prefix_path.ps1'
[1.734s] DEBUG:colcon.colcon_core.event_handler.log_command:Invoked command in '/home/eating/work/build/suction_description' returned '0': CMAKE_PREFIX_PATH=${CMAKE_PREFIX_PATH}:/home/eating/work/install/pallet_main:/home/eating/work/install/main_control:/home/eating/work/install/gui:/home/eating/work/install/docking_pkg:/opt/ros/humble /usr/bin/cmake --install /home/eating/work/build/suction_description
[1.735s] INFO:colcon.colcon_core.shell:Creating environment descriptor '/home/eating/work/install/suction_description/share/suction_description/hook/cmake_prefix_path.dsv'
[1.735s] INFO:colcon.colcon_core.shell:Creating environment hook '/home/eating/work/install/suction_description/share/suction_description/hook/cmake_prefix_path.sh'
[1.736s] Level 1:colcon.colcon_core.environment:checking '/home/eating/work/install/suction_description/bin'
[1.736s] Level 1:colcon.colcon_core.environment:checking '/home/eating/work/install/suction_description/lib/pkgconfig/suction_description.pc'
[1.736s] Level 1:colcon.colcon_core.environment:checking '/home/eating/work/install/suction_description/lib/python3.10/site-packages'
[1.737s] Level 1:colcon.colcon_core.environment:checking '/home/eating/work/install/suction_description/bin'
[1.737s] INFO:colcon.colcon_core.shell:Creating package script '/home/eating/work/install/suction_description/share/suction_description/package.ps1'
[1.738s] INFO:colcon.colcon_core.shell:Creating package descriptor '/home/eating/work/install/suction_description/share/suction_description/package.dsv'
[1.738s] INFO:colcon.colcon_core.shell:Creating package script '/home/eating/work/install/suction_description/share/suction_description/package.sh'
[1.739s] INFO:colcon.colcon_core.shell:Creating package script '/home/eating/work/install/suction_description/share/suction_description/package.bash'
[1.739s] INFO:colcon.colcon_core.shell:Creating package script '/home/eating/work/install/suction_description/share/suction_description/package.zsh'
[1.740s] Level 1:colcon.colcon_core.environment:create_file_with_runtime_dependencies(/home/eating/work/install/suction_description/share/colcon-core/packages/suction_description)
[1.740s] Level 1:colcon.colcon_core.environment:create_environment_scripts_only(suction_description)
[1.741s] Level 1:colcon.colcon_core.environment:checking '/home/eating/work/install/suction_description' for CMake module files
[1.741s] Level 1:colcon.colcon_core.environment:checking '/home/eating/work/install/suction_description' for CMake config files
[1.742s] Level 1:colcon.colcon_core.shell:create_environment_hook('suction_description', 'cmake_prefix_path')
[1.742s] INFO:colcon.colcon_core.shell:Creating environment hook '/home/eating/work/install/suction_description/share/suction_description/hook/cmake_prefix_path.ps1'
[1.743s] INFO:colcon.colcon_core.shell:Creating environment descriptor '/home/eating/work/install/suction_description/share/suction_description/hook/cmake_prefix_path.dsv'
[1.743s] INFO:colcon.colcon_core.shell:Creating environment hook '/home/eating/work/install/suction_description/share/suction_description/hook/cmake_prefix_path.sh'
[1.744s] Level 1:colcon.colcon_core.environment:checking '/home/eating/work/install/suction_description/bin'
[1.744s] Level 1:colcon.colcon_core.environment:checking '/home/eating/work/install/suction_description/lib/pkgconfig/suction_description.pc'
[1.745s] Level 1:colcon.colcon_core.environment:checking '/home/eating/work/install/suction_description/lib/python3.10/site-packages'
[1.745s] Level 1:colcon.colcon_core.environment:checking '/home/eating/work/install/suction_description/bin'
[1.745s] INFO:colcon.colcon_core.shell:Creating package script '/home/eating/work/install/suction_description/share/suction_description/package.ps1'
[1.746s] INFO:colcon.colcon_core.shell:Creating package descriptor '/home/eating/work/install/suction_description/share/suction_description/package.dsv'
[1.747s] INFO:colcon.colcon_core.shell:Creating package script '/home/eating/work/install/suction_description/share/suction_description/package.sh'
[1.748s] INFO:colcon.colcon_core.shell:Creating package script '/home/eating/work/install/suction_description/share/suction_description/package.bash'
[1.749s] INFO:colcon.colcon_core.shell:Creating package script '/home/eating/work/install/suction_description/share/suction_description/package.zsh'
[1.749s] Level 1:colcon.colcon_core.environment:create_file_with_runtime_dependencies(/home/eating/work/install/suction_description/share/colcon-core/packages/suction_description)
[1.750s] INFO:colcon.colcon_ros.task.ament_cmake.build:Building ROS package in '/home/eating/work/src/timda_sim/timda_gazebo' with build type 'ament_cmake'
[1.750s] INFO:colcon.colcon_cmake.task.cmake.build:Building CMake package in '/home/eating/work/src/timda_sim/timda_gazebo'
[1.751s] INFO:colcon.colcon_core.shell:Skip shell extension 'powershell' for command environment: Not usable outside of PowerShell
[1.751s] DEBUG:colcon.colcon_core.shell:Skip shell extension 'dsv' for command environment
[1.757s] INFO:colcon.colcon_ros.task.ament_python.build:Building ROS package in '/home/eating/work/src/gui/gui' with build type 'ament_python'
[1.758s] Level 1:colcon.colcon_core.shell:create_environment_hook('gui', 'ament_prefix_path')
[1.758s] INFO:colcon.colcon_core.shell:Creating environment hook '/home/eating/work/install/gui/share/gui/hook/ament_prefix_path.ps1'
[1.759s] INFO:colcon.colcon_core.shell:Creating environment descriptor '/home/eating/work/install/gui/share/gui/hook/ament_prefix_path.dsv'
[1.759s] INFO:colcon.colcon_core.shell:Creating environment hook '/home/eating/work/install/gui/share/gui/hook/ament_prefix_path.sh'
[1.760s] INFO:colcon.colcon_core.shell:Skip shell extension 'powershell' for command environment: Not usable outside of PowerShell
[1.760s] DEBUG:colcon.colcon_core.shell:Skip shell extension 'dsv' for command environment
[1.768s] Level 1:colcon.colcon_core.environment:create_environment_scripts_only(timda_body_description)
[1.769s] Level 1:colcon.colcon_core.environment:checking '/home/eating/work/install/timda_body_description' for CMake module files
[1.769s] DEBUG:colcon.colcon_core.event_handler.log_command:Invoked command in '/home/eating/work/build/timda_body_description' returned '0': CMAKE_PREFIX_PATH=${CMAKE_PREFIX_PATH}:/home/eating/work/install/pallet_main:/home/eating/work/install/main_control:/home/eating/work/install/gui:/home/eating/work/install/docking_pkg:/opt/ros/humble /usr/bin/cmake --install /home/eating/work/build/timda_body_description
[1.769s] Level 1:colcon.colcon_core.environment:checking '/home/eating/work/install/timda_body_description' for CMake config files
[1.770s] Level 1:colcon.colcon_core.shell:create_environment_hook('timda_body_description', 'cmake_prefix_path')
[1.770s] INFO:colcon.colcon_core.shell:Creating environment hook '/home/eating/work/install/timda_body_description/share/timda_body_description/hook/cmake_prefix_path.ps1'
[1.770s] INFO:colcon.colcon_core.shell:Creating environment descriptor '/home/eating/work/install/timda_body_description/share/timda_body_description/hook/cmake_prefix_path.dsv'
[1.771s] INFO:colcon.colcon_core.shell:Creating environment hook '/home/eating/work/install/timda_body_description/share/timda_body_description/hook/cmake_prefix_path.sh'
[1.772s] Level 1:colcon.colcon_core.environment:checking '/home/eating/work/install/timda_body_description/bin'
[1.772s] Level 1:colcon.colcon_core.environment:checking '/home/eating/work/install/timda_body_description/lib/pkgconfig/timda_body_description.pc'
[1.772s] Level 1:colcon.colcon_core.environment:checking '/home/eating/work/install/timda_body_description/lib/python3.10/site-packages'
[1.772s] Level 1:colcon.colcon_core.environment:checking '/home/eating/work/install/timda_body_description/bin'
[1.772s] INFO:colcon.colcon_core.shell:Creating package script '/home/eating/work/install/timda_body_description/share/timda_body_description/package.ps1'
[1.773s] INFO:colcon.colcon_core.shell:Creating package descriptor '/home/eating/work/install/timda_body_description/share/timda_body_description/package.dsv'
[1.773s] INFO:colcon.colcon_core.shell:Creating package script '/home/eating/work/install/timda_body_description/share/timda_body_description/package.sh'
[1.773s] INFO:colcon.colcon_core.shell:Creating package script '/home/eating/work/install/timda_body_description/share/timda_body_description/package.bash'
[1.774s] INFO:colcon.colcon_core.shell:Creating package script '/home/eating/work/install/timda_body_description/share/timda_body_description/package.zsh'
[1.774s] Level 1:colcon.colcon_core.environment:create_file_with_runtime_dependencies(/home/eating/work/install/timda_body_description/share/colcon-core/packages/timda_body_description)
[1.775s] Level 1:colcon.colcon_core.environment:create_environment_scripts_only(timda_body_description)
[1.775s] Level 1:colcon.colcon_core.environment:checking '/home/eating/work/install/timda_body_description' for CMake module files
[1.775s] Level 1:colcon.colcon_core.environment:checking '/home/eating/work/install/timda_body_description' for CMake config files
[1.775s] Level 1:colcon.colcon_core.shell:create_environment_hook('timda_body_description', 'cmake_prefix_path')
[1.775s] INFO:colcon.colcon_core.shell:Creating environment hook '/home/eating/work/install/timda_body_description/share/timda_body_description/hook/cmake_prefix_path.ps1'
[1.776s] INFO:colcon.colcon_core.shell:Creating environment descriptor '/home/eating/work/install/timda_body_description/share/timda_body_description/hook/cmake_prefix_path.dsv'
[1.776s] INFO:colcon.colcon_core.shell:Creating environment hook '/home/eating/work/install/timda_body_description/share/timda_body_description/hook/cmake_prefix_path.sh'
[1.777s] Level 1:colcon.colcon_core.environment:checking '/home/eating/work/install/timda_body_description/bin'
[1.777s] Level 1:colcon.colcon_core.environment:checking '/home/eating/work/install/timda_body_description/lib/pkgconfig/timda_body_description.pc'
[1.777s] Level 1:colcon.colcon_core.environment:checking '/home/eating/work/install/timda_body_description/lib/python3.10/site-packages'
[1.777s] Level 1:colcon.colcon_core.environment:checking '/home/eating/work/install/timda_body_description/bin'
[1.778s] INFO:colcon.colcon_core.shell:Creating package script '/home/eating/work/install/timda_body_description/share/timda_body_description/package.ps1'
[1.778s] INFO:colcon.colcon_core.shell:Creating package descriptor '/home/eating/work/install/timda_body_description/share/timda_body_description/package.dsv'
[1.778s] INFO:colcon.colcon_core.shell:Creating package script '/home/eating/work/install/timda_body_description/share/timda_body_description/package.sh'
[1.779s] INFO:colcon.colcon_core.shell:Creating package script '/home/eating/work/install/timda_body_description/share/timda_body_description/package.bash'
[1.779s] INFO:colcon.colcon_core.shell:Creating package script '/home/eating/work/install/timda_body_description/share/timda_body_description/package.zsh'
[1.779s] Level 1:colcon.colcon_core.environment:create_file_with_runtime_dependencies(/home/eating/work/install/timda_body_description/share/colcon-core/packages/timda_body_description)
[1.780s] Level 1:colcon.colcon_core.environment:create_environment_scripts_only(pallet_interfaces)
[1.780s] Level 1:colcon.colcon_core.environment:checking '/home/eating/work/install/pallet_interfaces' for CMake module files
[1.781s] DEBUG:colcon.colcon_core.event_handler.log_command:Invoked command in '/home/eating/work/build/pallet_interfaces' returned '0': CMAKE_PREFIX_PATH=${CMAKE_PREFIX_PATH}:/home/eating/work/install/pallet_main:/home/eating/work/install/main_control:/home/eating/work/install/gui:/home/eating/work/install/docking_pkg:/opt/ros/humble /usr/bin/cmake --install /home/eating/work/build/pallet_interfaces
[1.781s] Level 1:colcon.colcon_core.environment:checking '/home/eating/work/install/pallet_interfaces' for CMake config files
[1.782s] Level 1:colcon.colcon_core.shell:create_environment_hook('pallet_interfaces', 'cmake_prefix_path')
[1.782s] INFO:colcon.colcon_core.shell:Creating environment hook '/home/eating/work/install/pallet_interfaces/share/pallet_interfaces/hook/cmake_prefix_path.ps1'
[1.782s] INFO:colcon.colcon_core.shell:Creating environment descriptor '/home/eating/work/install/pallet_interfaces/share/pallet_interfaces/hook/cmake_prefix_path.dsv'
[1.783s] INFO:colcon.colcon_core.shell:Creating environment hook '/home/eating/work/install/pallet_interfaces/share/pallet_interfaces/hook/cmake_prefix_path.sh'
[1.783s] Level 1:colcon.colcon_core.environment:checking '/home/eating/work/install/pallet_interfaces/lib'
[1.783s] Level 1:colcon.colcon_core.shell:create_environment_hook('pallet_interfaces', 'ld_library_path_lib')
[1.783s] INFO:colcon.colcon_core.shell:Creating environment hook '/home/eating/work/install/pallet_interfaces/share/pallet_interfaces/hook/ld_library_path_lib.ps1'
[1.784s] INFO:colcon.colcon_core.shell:Creating environment descriptor '/home/eating/work/install/pallet_interfaces/share/pallet_interfaces/hook/ld_library_path_lib.dsv'
[1.784s] INFO:colcon.colcon_core.shell:Creating environment hook '/home/eating/work/install/pallet_interfaces/share/pallet_interfaces/hook/ld_library_path_lib.sh'
[1.785s] Level 1:colcon.colcon_core.environment:checking '/home/eating/work/install/pallet_interfaces/bin'
[1.785s] Level 1:colcon.colcon_core.environment:checking '/home/eating/work/install/pallet_interfaces/lib/pkgconfig/pallet_interfaces.pc'
[1.785s] Level 1:colcon.colcon_core.environment:checking '/home/eating/work/install/pallet_interfaces/lib/python3.10/site-packages'
[1.785s] Level 1:colcon.colcon_core.environment:checking '/home/eating/work/install/pallet_interfaces/bin'
[1.785s] INFO:colcon.colcon_core.shell:Creating package script '/home/eating/work/install/pallet_interfaces/share/pallet_interfaces/package.ps1'
[1.786s] INFO:colcon.colcon_core.shell:Creating package descriptor '/home/eating/work/install/pallet_interfaces/share/pallet_interfaces/package.dsv'
[1.786s] INFO:colcon.colcon_core.shell:Creating package script '/home/eating/work/install/pallet_interfaces/share/pallet_interfaces/package.sh'
[1.787s] INFO:colcon.colcon_core.shell:Creating package script '/home/eating/work/install/pallet_interfaces/share/pallet_interfaces/package.bash'
[1.787s] INFO:colcon.colcon_core.shell:Creating package script '/home/eating/work/install/pallet_interfaces/share/pallet_interfaces/package.zsh'
[1.787s] Level 1:colcon.colcon_core.environment:create_file_with_runtime_dependencies(/home/eating/work/install/pallet_interfaces/share/colcon-core/packages/pallet_interfaces)
[1.788s] Level 1:colcon.colcon_core.environment:create_environment_scripts_only(pallet_interfaces)
[1.788s] Level 1:colcon.colcon_core.environment:checking '/home/eating/work/install/pallet_interfaces' for CMake module files
[1.789s] Level 1:colcon.colcon_core.environment:checking '/home/eating/work/install/pallet_interfaces' for CMake config files
[1.789s] Level 1:colcon.colcon_core.shell:create_environment_hook('pallet_interfaces', 'cmake_prefix_path')
[1.790s] INFO:colcon.colcon_core.shell:Creating environment hook '/home/eating/work/install/pallet_interfaces/share/pallet_interfaces/hook/cmake_prefix_path.ps1'
[1.790s] INFO:colcon.colcon_core.shell:Creating environment descriptor '/home/eating/work/install/pallet_interfaces/share/pallet_interfaces/hook/cmake_prefix_path.dsv'
[1.790s] INFO:colcon.colcon_core.shell:Creating environment hook '/home/eating/work/install/pallet_interfaces/share/pallet_interfaces/hook/cmake_prefix_path.sh'
[1.791s] Level 1:colcon.colcon_core.environment:checking '/home/eating/work/install/pallet_interfaces/lib'
[1.791s] Level 1:colcon.colcon_core.shell:create_environment_hook('pallet_interfaces', 'ld_library_path_lib')
[1.791s] INFO:colcon.colcon_core.shell:Creating environment hook '/home/eating/work/install/pallet_interfaces/share/pallet_interfaces/hook/ld_library_path_lib.ps1'
[1.792s] INFO:colcon.colcon_core.shell:Creating environment descriptor '/home/eating/work/install/pallet_interfaces/share/pallet_interfaces/hook/ld_library_path_lib.dsv'
[1.792s] INFO:colcon.colcon_core.shell:Creating environment hook '/home/eating/work/install/pallet_interfaces/share/pallet_interfaces/hook/ld_library_path_lib.sh'
[1.792s] Level 1:colcon.colcon_core.environment:checking '/home/eating/work/install/pallet_interfaces/bin'
[1.792s] Level 1:colcon.colcon_core.environment:checking '/home/eating/work/install/pallet_interfaces/lib/pkgconfig/pallet_interfaces.pc'
[1.793s] Level 1:colcon.colcon_core.environment:checking '/home/eating/work/install/pallet_interfaces/lib/python3.10/site-packages'
[1.793s] Level 1:colcon.colcon_core.environment:checking '/home/eating/work/install/pallet_interfaces/bin'
[1.793s] INFO:colcon.colcon_core.shell:Creating package script '/home/eating/work/install/pallet_interfaces/share/pallet_interfaces/package.ps1'
[1.794s] INFO:colcon.colcon_core.shell:Creating package descriptor '/home/eating/work/install/pallet_interfaces/share/pallet_interfaces/package.dsv'
[1.794s] INFO:colcon.colcon_core.shell:Creating package script '/home/eating/work/install/pallet_interfaces/share/pallet_interfaces/package.sh'
[1.795s] INFO:colcon.colcon_core.shell:Creating package script '/home/eating/work/install/pallet_interfaces/share/pallet_interfaces/package.bash'
[1.795s] INFO:colcon.colcon_core.shell:Creating package script '/home/eating/work/install/pallet_interfaces/share/pallet_interfaces/package.zsh'
[1.795s] Level 1:colcon.colcon_core.environment:create_file_with_runtime_dependencies(/home/eating/work/install/pallet_interfaces/share/colcon-core/packages/pallet_interfaces)
[1.797s] DEBUG:colcon.colcon_core.event_handler.log_command:Invoked command in '/home/eating/work/build/timda_description' returned '0': CMAKE_PREFIX_PATH=${CMAKE_PREFIX_PATH}:/home/eating/work/install/pallet_main:/home/eating/work/install/main_control:/home/eating/work/install/gui:/home/eating/work/install/docking_pkg:/opt/ros/humble /usr/bin/cmake --build /home/eating/work/build/timda_description -- -j8 -l8
[1.798s] Level 1:colcon.colcon_core.environment:create_environment_scripts_only(timda_bringup)
[1.798s] Level 1:colcon.colcon_core.environment:checking '/home/eating/work/install/timda_bringup' for CMake module files
[1.798s] DEBUG:colcon.colcon_core.event_handler.log_command:Invoking command in '/home/eating/work/build/timda_description': CMAKE_PREFIX_PATH=${CMAKE_PREFIX_PATH}:/home/eating/work/install/pallet_main:/home/eating/work/install/main_control:/home/eating/work/install/gui:/home/eating/work/install/docking_pkg:/opt/ros/humble /usr/bin/cmake --install /home/eating/work/build/timda_description
[1.799s] DEBUG:colcon.colcon_core.event_handler.log_command:Invoked command in '/home/eating/work/build/timda_bringup' returned '0': CMAKE_PREFIX_PATH=${CMAKE_PREFIX_PATH}:/home/eating/work/install/pallet_main:/home/eating/work/install/main_control:/home/eating/work/install/gui:/home/eating/work/install/docking_pkg:/opt/ros/humble /usr/bin/cmake --install /home/eating/work/build/timda_bringup
[1.799s] Level 1:colcon.colcon_core.environment:checking '/home/eating/work/install/timda_bringup' for CMake config files
[1.799s] Level 1:colcon.colcon_core.shell:create_environment_hook('timda_bringup', 'cmake_prefix_path')
[1.799s] INFO:colcon.colcon_core.shell:Creating environment hook '/home/eating/work/install/timda_bringup/share/timda_bringup/hook/cmake_prefix_path.ps1'
[1.800s] INFO:colcon.colcon_core.shell:Creating environment descriptor '/home/eating/work/install/timda_bringup/share/timda_bringup/hook/cmake_prefix_path.dsv'
[1.800s] INFO:colcon.colcon_core.shell:Creating environment hook '/home/eating/work/install/timda_bringup/share/timda_bringup/hook/cmake_prefix_path.sh'
[1.801s] Level 1:colcon.colcon_core.environment:checking '/home/eating/work/install/timda_bringup/bin'
[1.801s] Level 1:colcon.colcon_core.environment:checking '/home/eating/work/install/timda_bringup/lib/pkgconfig/timda_bringup.pc'
[1.802s] Level 1:colcon.colcon_core.environment:checking '/home/eating/work/install/timda_bringup/lib/python3.10/site-packages'
[1.802s] Level 1:colcon.colcon_core.environment:checking '/home/eating/work/install/timda_bringup/bin'
[1.802s] INFO:colcon.colcon_core.shell:Creating package script '/home/eating/work/install/timda_bringup/share/timda_bringup/package.ps1'
[1.803s] INFO:colcon.colcon_core.shell:Creating package descriptor '/home/eating/work/install/timda_bringup/share/timda_bringup/package.dsv'
[1.804s] INFO:colcon.colcon_core.shell:Creating package script '/home/eating/work/install/timda_bringup/share/timda_bringup/package.sh'
[1.804s] INFO:colcon.colcon_core.shell:Creating package script '/home/eating/work/install/timda_bringup/share/timda_bringup/package.bash'
[1.805s] INFO:colcon.colcon_core.shell:Creating package script '/home/eating/work/install/timda_bringup/share/timda_bringup/package.zsh'
[1.805s] Level 1:colcon.colcon_core.environment:create_file_with_runtime_dependencies(/home/eating/work/install/timda_bringup/share/colcon-core/packages/timda_bringup)
[1.806s] Level 1:colcon.colcon_core.environment:create_environment_scripts_only(timda_bringup)
[1.806s] Level 1:colcon.colcon_core.environment:checking '/home/eating/work/install/timda_bringup' for CMake module files
[1.807s] Level 1:colcon.colcon_core.environment:checking '/home/eating/work/install/timda_bringup' for CMake config files
[1.807s] Level 1:colcon.colcon_core.shell:create_environment_hook('timda_bringup', 'cmake_prefix_path')
[1.808s] INFO:colcon.colcon_core.shell:Creating environment hook '/home/eating/work/install/timda_bringup/share/timda_bringup/hook/cmake_prefix_path.ps1'
[1.808s] INFO:colcon.colcon_core.shell:Creating environment descriptor '/home/eating/work/install/timda_bringup/share/timda_bringup/hook/cmake_prefix_path.dsv'
[1.809s] INFO:colcon.colcon_core.shell:Creating environment hook '/home/eating/work/install/timda_bringup/share/timda_bringup/hook/cmake_prefix_path.sh'
[1.809s] Level 1:colcon.colcon_core.environment:checking '/home/eating/work/install/timda_bringup/bin'
[1.810s] Level 1:colcon.colcon_core.environment:checking '/home/eating/work/install/timda_bringup/lib/pkgconfig/timda_bringup.pc'
[1.810s] Level 1:colcon.colcon_core.environment:checking '/home/eating/work/install/timda_bringup/lib/python3.10/site-packages'
[1.810s] Level 1:colcon.colcon_core.environment:checking '/home/eating/work/install/timda_bringup/bin'
[1.811s] INFO:colcon.colcon_core.shell:Creating package script '/home/eating/work/install/timda_bringup/share/timda_bringup/package.ps1'
[1.811s] INFO:colcon.colcon_core.shell:Creating package descriptor '/home/eating/work/install/timda_bringup/share/timda_bringup/package.dsv'
[1.812s] INFO:colcon.colcon_core.shell:Creating package script '/home/eating/work/install/timda_bringup/share/timda_bringup/package.sh'
[1.813s] INFO:colcon.colcon_core.shell:Creating package script '/home/eating/work/install/timda_bringup/share/timda_bringup/package.bash'
[1.814s] INFO:colcon.colcon_core.shell:Creating package script '/home/eating/work/install/timda_bringup/share/timda_bringup/package.zsh'
[1.814s] Level 1:colcon.colcon_core.environment:create_file_with_runtime_dependencies(/home/eating/work/install/timda_bringup/share/colcon-core/packages/timda_bringup)
[1.816s] INFO:colcon.colcon_ros.task.ament_python.build:Building ROS package in '/home/eating/work/src/main_control/main_control' with build type 'ament_python'
[1.816s] Level 1:colcon.colcon_core.shell:create_environment_hook('main_control', 'ament_prefix_path')
[1.817s] INFO:colcon.colcon_core.shell:Creating environment hook '/home/eating/work/install/main_control/share/main_control/hook/ament_prefix_path.ps1'
[1.817s] INFO:colcon.colcon_core.shell:Creating environment descriptor '/home/eating/work/install/main_control/share/main_control/hook/ament_prefix_path.dsv'
[1.818s] INFO:colcon.colcon_core.shell:Creating environment hook '/home/eating/work/install/main_control/share/main_control/hook/ament_prefix_path.sh'
[1.819s] INFO:colcon.colcon_core.shell:Skip shell extension 'powershell' for command environment: Not usable outside of PowerShell
[1.819s] DEBUG:colcon.colcon_core.shell:Skip shell extension 'dsv' for command environment
[1.826s] INFO:colcon.colcon_ros.task.ament_cmake.build:Building ROS package in '/home/eating/work/src/docking/realsense-ros/realsense2_camera' with build type 'ament_cmake'
[1.826s] INFO:colcon.colcon_cmake.task.cmake.build:Building CMake package in '/home/eating/work/src/docking/realsense-ros/realsense2_camera'
[1.826s] INFO:colcon.colcon_core.shell:Skip shell extension 'powershell' for command environment: Not usable outside of PowerShell
[1.826s] DEBUG:colcon.colcon_core.shell:Skip shell extension 'dsv' for command environment
[1.833s] INFO:colcon.colcon_ros.task.ament_cmake.build:Building ROS package in '/home/eating/work/src/docking/realsense-ros/realsense2_description' with build type 'ament_cmake'
[1.833s] INFO:colcon.colcon_cmake.task.cmake.build:Building CMake package in '/home/eating/work/src/docking/realsense-ros/realsense2_description'
[1.834s] INFO:colcon.colcon_core.shell:Skip shell extension 'powershell' for command environment: Not usable outside of PowerShell
[1.834s] DEBUG:colcon.colcon_core.shell:Skip shell extension 'dsv' for command environment
[1.847s] Level 1:colcon.colcon_core.environment:create_environment_scripts_only(timda_description)
[1.847s] Level 1:colcon.colcon_core.environment:checking '/home/eating/work/install/timda_description' for CMake module files
[1.848s] DEBUG:colcon.colcon_core.event_handler.log_command:Invoking command in '/home/eating/work/build/timda_gazebo': CMAKE_PREFIX_PATH=${CMAKE_PREFIX_PATH}:/home/eating/work/install/pallet_main:/home/eating/work/install/main_control:/home/eating/work/install/gui:/home/eating/work/install/docking_pkg:/opt/ros/humble /usr/bin/cmake --build /home/eating/work/build/timda_gazebo -- -j8 -l8
[1.848s] DEBUG:colcon.colcon_core.event_handler.log_command:Invoked command in '/home/eating/work/build/timda_description' returned '0': CMAKE_PREFIX_PATH=${CMAKE_PREFIX_PATH}:/home/eating/work/install/pallet_main:/home/eating/work/install/main_control:/home/eating/work/install/gui:/home/eating/work/install/docking_pkg:/opt/ros/humble /usr/bin/cmake --install /home/eating/work/build/timda_description
[1.849s] Level 1:colcon.colcon_core.environment:checking '/home/eating/work/install/timda_description' for CMake config files
[1.849s] Level 1:colcon.colcon_core.shell:create_environment_hook('timda_description', 'cmake_prefix_path')
[1.849s] INFO:colcon.colcon_core.shell:Creating environment hook '/home/eating/work/install/timda_description/share/timda_description/hook/cmake_prefix_path.ps1'
[1.850s] INFO:colcon.colcon_core.shell:Creating environment descriptor '/home/eating/work/install/timda_description/share/timda_description/hook/cmake_prefix_path.dsv'
[1.850s] INFO:colcon.colcon_core.shell:Creating environment hook '/home/eating/work/install/timda_description/share/timda_description/hook/cmake_prefix_path.sh'
[1.851s] Level 1:colcon.colcon_core.environment:checking '/home/eating/work/install/timda_description/bin'
[1.851s] Level 1:colcon.colcon_core.environment:checking '/home/eating/work/install/timda_description/lib/pkgconfig/timda_description.pc'
[1.852s] Level 1:colcon.colcon_core.environment:checking '/home/eating/work/install/timda_description/lib/python3.10/site-packages'
[1.852s] Level 1:colcon.colcon_core.environment:checking '/home/eating/work/install/timda_description/bin'
[1.852s] INFO:colcon.colcon_core.shell:Creating package script '/home/eating/work/install/timda_description/share/timda_description/package.ps1'
[1.853s] INFO:colcon.colcon_core.shell:Creating package descriptor '/home/eating/work/install/timda_description/share/timda_description/package.dsv'
[1.854s] INFO:colcon.colcon_core.shell:Creating package script '/home/eating/work/install/timda_description/share/timda_description/package.sh'
[1.854s] INFO:colcon.colcon_core.shell:Creating package script '/home/eating/work/install/timda_description/share/timda_description/package.bash'
[1.855s] INFO:colcon.colcon_core.shell:Creating package script '/home/eating/work/install/timda_description/share/timda_description/package.zsh'
[1.855s] Level 1:colcon.colcon_core.environment:create_file_with_runtime_dependencies(/home/eating/work/install/timda_description/share/colcon-core/packages/timda_description)
[1.856s] Level 1:colcon.colcon_core.environment:create_environment_scripts_only(timda_description)
[1.856s] Level 1:colcon.colcon_core.environment:checking '/home/eating/work/install/timda_description' for CMake module files
[1.857s] Level 1:colcon.colcon_core.environment:checking '/home/eating/work/install/timda_description' for CMake config files
[1.857s] Level 1:colcon.colcon_core.shell:create_environment_hook('timda_description', 'cmake_prefix_path')
[1.858s] INFO:colcon.colcon_core.shell:Creating environment hook '/home/eating/work/install/timda_description/share/timda_description/hook/cmake_prefix_path.ps1'
[1.858s] INFO:colcon.colcon_core.shell:Creating environment descriptor '/home/eating/work/install/timda_description/share/timda_description/hook/cmake_prefix_path.dsv'
[1.859s] INFO:colcon.colcon_core.shell:Creating environment hook '/home/eating/work/install/timda_description/share/timda_description/hook/cmake_prefix_path.sh'
[1.859s] Level 1:colcon.colcon_core.environment:checking '/home/eating/work/install/timda_description/bin'
[1.859s] Level 1:colcon.colcon_core.environment:checking '/home/eating/work/install/timda_description/lib/pkgconfig/timda_description.pc'
[1.860s] Level 1:colcon.colcon_core.environment:checking '/home/eating/work/install/timda_description/lib/python3.10/site-packages'
[1.860s] Level 1:colcon.colcon_core.environment:checking '/home/eating/work/install/timda_description/bin'
[1.861s] INFO:colcon.colcon_core.shell:Creating package script '/home/eating/work/install/timda_description/share/timda_description/package.ps1'
[1.861s] INFO:colcon.colcon_core.shell:Creating package descriptor '/home/eating/work/install/timda_description/share/timda_description/package.dsv'
[1.862s] INFO:colcon.colcon_core.shell:Creating package script '/home/eating/work/install/timda_description/share/timda_description/package.sh'
[1.863s] INFO:colcon.colcon_core.shell:Creating package script '/home/eating/work/install/timda_description/share/timda_description/package.bash'
[1.863s] INFO:colcon.colcon_core.shell:Creating package script '/home/eating/work/install/timda_description/share/timda_description/package.zsh'
[1.864s] Level 1:colcon.colcon_core.environment:create_file_with_runtime_dependencies(/home/eating/work/install/timda_description/share/colcon-core/packages/timda_description)
[2.196s] INFO:colcon.colcon_core.task.python.build:Building Python package in '/home/eating/work/src/gui/gui'
[2.197s] INFO:colcon.colcon_core.shell:Skip shell extension 'powershell' for command environment: Not usable outside of PowerShell
[2.197s] DEBUG:colcon.colcon_core.shell:Skip shell extension 'dsv' for command environment
[2.459s] INFO:colcon.colcon_core.task.python.build:Building Python package in '/home/eating/work/src/main_control/main_control'
[2.459s] INFO:colcon.colcon_core.shell:Skip shell extension 'powershell' for command environment: Not usable outside of PowerShell
[2.459s] DEBUG:colcon.colcon_core.shell:Skip shell extension 'dsv' for command environment
[2.467s] DEBUG:colcon.colcon_core.event_handler.log_command:Invoking command in '/home/eating/work/build/realsense2_camera': CMAKE_PREFIX_PATH=/home/eating/work/install/realsense2_camera_msgs:/home/eating/work/install/timda_gazebo:/home/eating/work/install/timda_description:/home/eating/work/install/timda_bringup:/home/eating/work/install/timda_body_description:/home/eating/work/install/suction_description:/home/eating/work/install/robot_arm_description:/home/eating/work/install/realsense2_description:/home/eating/work/install/realsense2_camera:/home/eating/work/install/pallet_interfaces:/home/eating/work/install/mobile_description:/home/eating/work/install/mecanum:/home/eating/work/install/linear_move:/home/eating/work/install/keyboard_control:/home/eating/work/install/ira_laser_tools:/home/eating/work/install/interface:/home/eating/work/install/gui_interface:/home/eating/work/install/pallet_main:/home/eating/work/install/main_control:/home/eating/work/install/gui:/home/eating/work/install/docking_pkg:/opt/ros/humble LD_LIBRARY_PATH=/home/eating/work/install/realsense2_camera_msgs/lib:/home/eating/work/install/realsense2_camera/lib:/home/eating/work/install/pallet_interfaces/lib:/home/eating/work/install/interface/lib:/home/eating/work/install/gui_interface/lib:/opt/ros/humble/opt/rviz_ogre_vendor/lib:/opt/ros/humble/lib/x86_64-linux-gnu:/opt/ros/humble/lib /usr/bin/cmake --build /home/eating/work/build/realsense2_camera -- -j8 -l8
[2.473s] DEBUG:colcon.colcon_core.event_handler.log_command:Invoking command in '/home/eating/work/build/realsense2_description': CMAKE_PREFIX_PATH=/home/eating/work/install/realsense2_camera_msgs:/home/eating/work/install/timda_gazebo:/home/eating/work/install/timda_description:/home/eating/work/install/timda_bringup:/home/eating/work/install/timda_body_description:/home/eating/work/install/suction_description:/home/eating/work/install/robot_arm_description:/home/eating/work/install/realsense2_description:/home/eating/work/install/realsense2_camera:/home/eating/work/install/pallet_interfaces:/home/eating/work/install/mobile_description:/home/eating/work/install/mecanum:/home/eating/work/install/linear_move:/home/eating/work/install/keyboard_control:/home/eating/work/install/ira_laser_tools:/home/eating/work/install/interface:/home/eating/work/install/gui_interface:/home/eating/work/install/pallet_main:/home/eating/work/install/main_control:/home/eating/work/install/gui:/home/eating/work/install/docking_pkg:/opt/ros/humble LD_LIBRARY_PATH=/home/eating/work/install/realsense2_camera_msgs/lib:/home/eating/work/install/realsense2_camera/lib:/home/eating/work/install/pallet_interfaces/lib:/home/eating/work/install/interface/lib:/home/eating/work/install/gui_interface/lib:/opt/ros/humble/opt/rviz_ogre_vendor/lib:/opt/ros/humble/lib/x86_64-linux-gnu:/opt/ros/humble/lib /usr/bin/cmake --build /home/eating/work/build/realsense2_description -- -j8 -l8
[2.475s] Level 1:colcon.colcon_core.environment:checking '/home/eating/work/install/docking_pkg' for CMake module files
[2.476s] DEBUG:colcon.colcon_core.event_handler.log_command:Invoking command in '/home/eating/work/src/pallet/pallet_main': PYTHONPATH=/home/eating/work/build/pallet_main/prefix_override:/usr/lib/python3/dist-packages/colcon_core/task/python/colcon_distutils_commands:/home/eating/work/install/pallet_main/lib/python3.10/site-packages:${PYTHONPATH} /usr/bin/python3 -W ignore:setup.py install is deprecated -W ignore:easy_install command is deprecated setup.py egg_info --egg-base ../../../build/pallet_main build --build-base /home/eating/work/build/pallet_main/build install --record /home/eating/work/build/pallet_main/install.log --single-version-externally-managed install_data
[2.477s] DEBUG:colcon.colcon_core.event_handler.log_command:Invoked command in '/home/eating/work/build/timda_gazebo' returned '0': CMAKE_PREFIX_PATH=${CMAKE_PREFIX_PATH}:/home/eating/work/install/pallet_main:/home/eating/work/install/main_control:/home/eating/work/install/gui:/home/eating/work/install/docking_pkg:/opt/ros/humble /usr/bin/cmake --build /home/eating/work/build/timda_gazebo -- -j8 -l8
[2.477s] DEBUG:colcon.colcon_core.event_handler.log_command:Invoking command in '/home/eating/work/build/timda_gazebo': CMAKE_PREFIX_PATH=${CMAKE_PREFIX_PATH}:/home/eating/work/install/pallet_main:/home/eating/work/install/main_control:/home/eating/work/install/gui:/home/eating/work/install/docking_pkg:/opt/ros/humble /usr/bin/cmake --install /home/eating/work/build/timda_gazebo
[2.478s] DEBUG:colcon.colcon_core.event_handler.log_command:Invoked command in '/home/eating/work/src/docking/docking_pkg' returned '0': PYTHONPATH=/home/eating/work/build/docking_pkg/prefix_override:/usr/lib/python3/dist-packages/colcon_core/task/python/colcon_distutils_commands:/home/eating/work/install/docking_pkg/lib/python3.10/site-packages:${PYTHONPATH} /usr/bin/python3 -W ignore:setup.py install is deprecated -W ignore:easy_install command is deprecated setup.py egg_info --egg-base ../../../build/docking_pkg build --build-base /home/eating/work/build/docking_pkg/build install --record /home/eating/work/build/docking_pkg/install.log --single-version-externally-managed install_data
[2.478s] Level 1:colcon.colcon_core.environment:checking '/home/eating/work/install/docking_pkg' for CMake config files
[2.479s] Level 1:colcon.colcon_core.environment:checking '/home/eating/work/install/docking_pkg/lib'
[2.479s] Level 1:colcon.colcon_core.environment:checking '/home/eating/work/install/docking_pkg/bin'
[2.479s] Level 1:colcon.colcon_core.environment:checking '/home/eating/work/install/docking_pkg/lib/pkgconfig/docking_pkg.pc'
[2.479s] Level 1:colcon.colcon_core.environment:checking '/home/eating/work/install/docking_pkg/lib/python3.10/site-packages'
[2.479s] Level 1:colcon.colcon_core.shell:create_environment_hook('docking_pkg', 'pythonpath')
[2.480s] INFO:colcon.colcon_core.shell:Creating environment hook '/home/eating/work/install/docking_pkg/share/docking_pkg/hook/pythonpath.ps1'
[2.480s] INFO:colcon.colcon_core.shell:Creating environment descriptor '/home/eating/work/install/docking_pkg/share/docking_pkg/hook/pythonpath.dsv'
[2.481s] INFO:colcon.colcon_core.shell:Creating environment hook '/home/eating/work/install/docking_pkg/share/docking_pkg/hook/pythonpath.sh'
[2.482s] Level 1:colcon.colcon_core.environment:checking '/home/eating/work/install/docking_pkg/bin'
[2.482s] Level 1:colcon.colcon_core.environment:create_environment_scripts_only(docking_pkg)
[2.483s] INFO:colcon.colcon_core.shell:Creating package script '/home/eating/work/install/docking_pkg/share/docking_pkg/package.ps1'
[2.483s] INFO:colcon.colcon_core.shell:Creating package descriptor '/home/eating/work/install/docking_pkg/share/docking_pkg/package.dsv'
[2.484s] INFO:colcon.colcon_core.shell:Creating package script '/home/eating/work/install/docking_pkg/share/docking_pkg/package.sh'
[2.485s] INFO:colcon.colcon_core.shell:Creating package script '/home/eating/work/install/docking_pkg/share/docking_pkg/package.bash'
[2.486s] INFO:colcon.colcon_core.shell:Creating package script '/home/eating/work/install/docking_pkg/share/docking_pkg/package.zsh'
[2.486s] Level 1:colcon.colcon_core.environment:create_file_with_runtime_dependencies(/home/eating/work/install/docking_pkg/share/colcon-core/packages/docking_pkg)
[2.496s] Level 1:colcon.colcon_core.environment:create_environment_scripts_only(timda_gazebo)
[2.496s] Level 1:colcon.colcon_core.environment:checking '/home/eating/work/install/timda_gazebo' for CMake module files
[2.497s] DEBUG:colcon.colcon_core.event_handler.log_command:Invoked command in '/home/eating/work/build/timda_gazebo' returned '0': CMAKE_PREFIX_PATH=${CMAKE_PREFIX_PATH}:/home/eating/work/install/pallet_main:/home/eating/work/install/main_control:/home/eating/work/install/gui:/home/eating/work/install/docking_pkg:/opt/ros/humble /usr/bin/cmake --install /home/eating/work/build/timda_gazebo
[2.497s] Level 1:colcon.colcon_core.environment:checking '/home/eating/work/install/timda_gazebo' for CMake config files
[2.498s] Level 1:colcon.colcon_core.shell:create_environment_hook('timda_gazebo', 'cmake_prefix_path')
[2.498s] INFO:colcon.colcon_core.shell:Creating environment hook '/home/eating/work/install/timda_gazebo/share/timda_gazebo/hook/cmake_prefix_path.ps1'
[2.499s] INFO:colcon.colcon_core.shell:Creating environment descriptor '/home/eating/work/install/timda_gazebo/share/timda_gazebo/hook/cmake_prefix_path.dsv'
[2.499s] INFO:colcon.colcon_core.shell:Creating environment hook '/home/eating/work/install/timda_gazebo/share/timda_gazebo/hook/cmake_prefix_path.sh'
[2.500s] Level 1:colcon.colcon_core.environment:checking '/home/eating/work/install/timda_gazebo/bin'
[2.500s] Level 1:colcon.colcon_core.environment:checking '/home/eating/work/install/timda_gazebo/lib/pkgconfig/timda_gazebo.pc'
[2.500s] Level 1:colcon.colcon_core.environment:checking '/home/eating/work/install/timda_gazebo/lib/python3.10/site-packages'
[2.501s] Level 1:colcon.colcon_core.environment:checking '/home/eating/work/install/timda_gazebo/bin'
[2.501s] INFO:colcon.colcon_core.shell:Creating package script '/home/eating/work/install/timda_gazebo/share/timda_gazebo/package.ps1'
[2.502s] INFO:colcon.colcon_core.shell:Creating package descriptor '/home/eating/work/install/timda_gazebo/share/timda_gazebo/package.dsv'
[2.503s] INFO:colcon.colcon_core.shell:Creating package script '/home/eating/work/install/timda_gazebo/share/timda_gazebo/package.sh'
[2.503s] INFO:colcon.colcon_core.shell:Creating package script '/home/eating/work/install/timda_gazebo/share/timda_gazebo/package.bash'
[2.504s] INFO:colcon.colcon_core.shell:Creating package script '/home/eating/work/install/timda_gazebo/share/timda_gazebo/package.zsh'
[2.504s] Level 1:colcon.colcon_core.environment:create_file_with_runtime_dependencies(/home/eating/work/install/timda_gazebo/share/colcon-core/packages/timda_gazebo)
[2.505s] Level 1:colcon.colcon_core.environment:create_environment_scripts_only(timda_gazebo)
[2.506s] Level 1:colcon.colcon_core.environment:checking '/home/eating/work/install/timda_gazebo' for CMake module files
[2.506s] Level 1:colcon.colcon_core.environment:checking '/home/eating/work/install/timda_gazebo' for CMake config files
[2.507s] Level 1:colcon.colcon_core.shell:create_environment_hook('timda_gazebo', 'cmake_prefix_path')
[2.507s] INFO:colcon.colcon_core.shell:Creating environment hook '/home/eating/work/install/timda_gazebo/share/timda_gazebo/hook/cmake_prefix_path.ps1'
[2.508s] INFO:colcon.colcon_core.shell:Creating environment descriptor '/home/eating/work/install/timda_gazebo/share/timda_gazebo/hook/cmake_prefix_path.dsv'
[2.508s] INFO:colcon.colcon_core.shell:Creating environment hook '/home/eating/work/install/timda_gazebo/share/timda_gazebo/hook/cmake_prefix_path.sh'
[2.509s] Level 1:colcon.colcon_core.environment:checking '/home/eating/work/install/timda_gazebo/bin'
[2.512s] Level 1:colcon.colcon_core.environment:checking '/home/eating/work/install/timda_gazebo/lib/pkgconfig/timda_gazebo.pc'
[2.512s] Level 1:colcon.colcon_core.environment:checking '/home/eating/work/install/timda_gazebo/lib/python3.10/site-packages'
[2.512s] Level 1:colcon.colcon_core.environment:checking '/home/eating/work/install/timda_gazebo/bin'
[2.513s] INFO:colcon.colcon_core.shell:Creating package script '/home/eating/work/install/timda_gazebo/share/timda_gazebo/package.ps1'
[2.514s] INFO:colcon.colcon_core.shell:Creating package descriptor '/home/eating/work/install/timda_gazebo/share/timda_gazebo/package.dsv'
[2.515s] INFO:colcon.colcon_core.shell:Creating package script '/home/eating/work/install/timda_gazebo/share/timda_gazebo/package.sh'
[2.516s] INFO:colcon.colcon_core.shell:Creating package script '/home/eating/work/install/timda_gazebo/share/timda_gazebo/package.bash'
[2.516s] INFO:colcon.colcon_core.shell:Creating package script '/home/eating/work/install/timda_gazebo/share/timda_gazebo/package.zsh'
[2.517s] Level 1:colcon.colcon_core.environment:create_file_with_runtime_dependencies(/home/eating/work/install/timda_gazebo/share/colcon-core/packages/timda_gazebo)
[2.519s] DEBUG:colcon.colcon_core.event_handler.log_command:Invoked command in '/home/eating/work/build/realsense2_description' returned '0': CMAKE_PREFIX_PATH=/home/eating/work/install/realsense2_camera_msgs:/home/eating/work/install/timda_gazebo:/home/eating/work/install/timda_description:/home/eating/work/install/timda_bringup:/home/eating/work/install/timda_body_description:/home/eating/work/install/suction_description:/home/eating/work/install/robot_arm_description:/home/eating/work/install/realsense2_description:/home/eating/work/install/realsense2_camera:/home/eating/work/install/pallet_interfaces:/home/eating/work/install/mobile_description:/home/eating/work/install/mecanum:/home/eating/work/install/linear_move:/home/eating/work/install/keyboard_control:/home/eating/work/install/ira_laser_tools:/home/eating/work/install/interface:/home/eating/work/install/gui_interface:/home/eating/work/install/pallet_main:/home/eating/work/install/main_control:/home/eating/work/install/gui:/home/eating/work/install/docking_pkg:/opt/ros/humble LD_LIBRARY_PATH=/home/eating/work/install/realsense2_camera_msgs/lib:/home/eating/work/install/realsense2_camera/lib:/home/eating/work/install/pallet_interfaces/lib:/home/eating/work/install/interface/lib:/home/eating/work/install/gui_interface/lib:/opt/ros/humble/opt/rviz_ogre_vendor/lib:/opt/ros/humble/lib/x86_64-linux-gnu:/opt/ros/humble/lib /usr/bin/cmake --build /home/eating/work/build/realsense2_description -- -j8 -l8
[2.521s] DEBUG:colcon.colcon_core.event_handler.log_command:Invoking command in '/home/eating/work/build/realsense2_description': CMAKE_PREFIX_PATH=/home/eating/work/install/realsense2_camera_msgs:/home/eating/work/install/timda_gazebo:/home/eating/work/install/timda_description:/home/eating/work/install/timda_bringup:/home/eating/work/install/timda_body_description:/home/eating/work/install/suction_description:/home/eating/work/install/robot_arm_description:/home/eating/work/install/realsense2_description:/home/eating/work/install/realsense2_camera:/home/eating/work/install/pallet_interfaces:/home/eating/work/install/mobile_description:/home/eating/work/install/mecanum:/home/eating/work/install/linear_move:/home/eating/work/install/keyboard_control:/home/eating/work/install/ira_laser_tools:/home/eating/work/install/interface:/home/eating/work/install/gui_interface:/home/eating/work/install/pallet_main:/home/eating/work/install/main_control:/home/eating/work/install/gui:/home/eating/work/install/docking_pkg:/opt/ros/humble LD_LIBRARY_PATH=/home/eating/work/install/realsense2_camera_msgs/lib:/home/eating/work/install/realsense2_camera/lib:/home/eating/work/install/pallet_interfaces/lib:/home/eating/work/install/interface/lib:/home/eating/work/install/gui_interface/lib:/opt/ros/humble/opt/rviz_ogre_vendor/lib:/opt/ros/humble/lib/x86_64-linux-gnu:/opt/ros/humble/lib /usr/bin/cmake --install /home/eating/work/build/realsense2_description
[2.546s] Level 1:colcon.colcon_core.environment:create_environment_scripts_only(realsense2_description)
[2.546s] Level 1:colcon.colcon_core.environment:checking '/home/eating/work/install/realsense2_description' for CMake module files
[2.547s] Level 1:colcon.colcon_core.environment:checking '/home/eating/work/install/realsense2_description' for CMake config files
[2.547s] Level 1:colcon.colcon_core.shell:create_environment_hook('realsense2_description', 'cmake_prefix_path')
[2.548s] INFO:colcon.colcon_core.shell:Creating environment hook '/home/eating/work/install/realsense2_description/share/realsense2_description/hook/cmake_prefix_path.ps1'
[2.548s] INFO:colcon.colcon_core.shell:Creating environment descriptor '/home/eating/work/install/realsense2_description/share/realsense2_description/hook/cmake_prefix_path.dsv'
[2.549s] INFO:colcon.colcon_core.shell:Creating environment hook '/home/eating/work/install/realsense2_description/share/realsense2_description/hook/cmake_prefix_path.sh'
[2.550s] Level 1:colcon.colcon_core.environment:checking '/home/eating/work/install/realsense2_description/bin'
[2.550s] Level 1:colcon.colcon_core.environment:checking '/home/eating/work/install/realsense2_description/lib/pkgconfig/realsense2_description.pc'
[2.550s] Level 1:colcon.colcon_core.environment:checking '/home/eating/work/install/realsense2_description/lib/python3.10/site-packages'
[2.551s] Level 1:colcon.colcon_core.environment:checking '/home/eating/work/install/realsense2_description/bin'
[2.551s] INFO:colcon.colcon_core.shell:Creating package script '/home/eating/work/install/realsense2_description/share/realsense2_description/package.ps1'
[2.550s] DEBUG:colcon.colcon_core.event_handler.log_command:Invoked command in '/home/eating/work/build/realsense2_description' returned '0': CMAKE_PREFIX_PATH=/home/eating/work/install/realsense2_camera_msgs:/home/eating/work/install/timda_gazebo:/home/eating/work/install/timda_description:/home/eating/work/install/timda_bringup:/home/eating/work/install/timda_body_description:/home/eating/work/install/suction_description:/home/eating/work/install/robot_arm_description:/home/eating/work/install/realsense2_description:/home/eating/work/install/realsense2_camera:/home/eating/work/install/pallet_interfaces:/home/eating/work/install/mobile_description:/home/eating/work/install/mecanum:/home/eating/work/install/linear_move:/home/eating/work/install/keyboard_control:/home/eating/work/install/ira_laser_tools:/home/eating/work/install/interface:/home/eating/work/install/gui_interface:/home/eating/work/install/pallet_main:/home/eating/work/install/main_control:/home/eating/work/install/gui:/home/eating/work/install/docking_pkg:/opt/ros/humble LD_LIBRARY_PATH=/home/eating/work/install/realsense2_camera_msgs/lib:/home/eating/work/install/realsense2_camera/lib:/home/eating/work/install/pallet_interfaces/lib:/home/eating/work/install/interface/lib:/home/eating/work/install/gui_interface/lib:/opt/ros/humble/opt/rviz_ogre_vendor/lib:/opt/ros/humble/lib/x86_64-linux-gnu:/opt/ros/humble/lib /usr/bin/cmake --install /home/eating/work/build/realsense2_description
[2.552s] INFO:colcon.colcon_core.shell:Creating package descriptor '/home/eating/work/install/realsense2_description/share/realsense2_description/package.dsv'
[2.553s] INFO:colcon.colcon_core.shell:Creating package script '/home/eating/work/install/realsense2_description/share/realsense2_description/package.sh'
[2.554s] INFO:colcon.colcon_core.shell:Creating package script '/home/eating/work/install/realsense2_description/share/realsense2_description/package.bash'
[2.554s] INFO:colcon.colcon_core.shell:Creating package script '/home/eating/work/install/realsense2_description/share/realsense2_description/package.zsh'
[2.555s] Level 1:colcon.colcon_core.environment:create_file_with_runtime_dependencies(/home/eating/work/install/realsense2_description/share/colcon-core/packages/realsense2_description)
[2.555s] Level 1:colcon.colcon_core.environment:create_environment_scripts_only(realsense2_description)
[2.556s] Level 1:colcon.colcon_core.environment:checking '/home/eating/work/install/realsense2_description' for CMake module files
[2.557s] Level 1:colcon.colcon_core.environment:checking '/home/eating/work/install/realsense2_description' for CMake config files
[2.557s] Level 1:colcon.colcon_core.shell:create_environment_hook('realsense2_description', 'cmake_prefix_path')
[2.557s] INFO:colcon.colcon_core.shell:Creating environment hook '/home/eating/work/install/realsense2_description/share/realsense2_description/hook/cmake_prefix_path.ps1'
[2.558s] INFO:colcon.colcon_core.shell:Creating environment descriptor '/home/eating/work/install/realsense2_description/share/realsense2_description/hook/cmake_prefix_path.dsv'
[2.559s] INFO:colcon.colcon_core.shell:Creating environment hook '/home/eating/work/install/realsense2_description/share/realsense2_description/hook/cmake_prefix_path.sh'
[2.559s] Level 1:colcon.colcon_core.environment:checking '/home/eating/work/install/realsense2_description/bin'
[2.559s] Level 1:colcon.colcon_core.environment:checking '/home/eating/work/install/realsense2_description/lib/pkgconfig/realsense2_description.pc'
[2.560s] Level 1:colcon.colcon_core.environment:checking '/home/eating/work/install/realsense2_description/lib/python3.10/site-packages'
[2.560s] Level 1:colcon.colcon_core.environment:checking '/home/eating/work/install/realsense2_description/bin'
[2.561s] INFO:colcon.colcon_core.shell:Creating package script '/home/eating/work/install/realsense2_description/share/realsense2_description/package.ps1'
[2.562s] INFO:colcon.colcon_core.shell:Creating package descriptor '/home/eating/work/install/realsense2_description/share/realsense2_description/package.dsv'
[2.562s] INFO:colcon.colcon_core.shell:Creating package script '/home/eating/work/install/realsense2_description/share/realsense2_description/package.sh'
[2.563s] INFO:colcon.colcon_core.shell:Creating package script '/home/eating/work/install/realsense2_description/share/realsense2_description/package.bash'
[2.564s] INFO:colcon.colcon_core.shell:Creating package script '/home/eating/work/install/realsense2_description/share/realsense2_description/package.zsh'
[2.564s] Level 1:colcon.colcon_core.environment:create_file_with_runtime_dependencies(/home/eating/work/install/realsense2_description/share/colcon-core/packages/realsense2_description)
[2.591s] DEBUG:colcon.colcon_core.event_handler.log_command:Invoked command in '/home/eating/work/build/realsense2_camera' returned '0': CMAKE_PREFIX_PATH=/home/eating/work/install/realsense2_camera_msgs:/home/eating/work/install/timda_gazebo:/home/eating/work/install/timda_description:/home/eating/work/install/timda_bringup:/home/eating/work/install/timda_body_description:/home/eating/work/install/suction_description:/home/eating/work/install/robot_arm_description:/home/eating/work/install/realsense2_description:/home/eating/work/install/realsense2_camera:/home/eating/work/install/pallet_interfaces:/home/eating/work/install/mobile_description:/home/eating/work/install/mecanum:/home/eating/work/install/linear_move:/home/eating/work/install/keyboard_control:/home/eating/work/install/ira_laser_tools:/home/eating/work/install/interface:/home/eating/work/install/gui_interface:/home/eating/work/install/pallet_main:/home/eating/work/install/main_control:/home/eating/work/install/gui:/home/eating/work/install/docking_pkg:/opt/ros/humble LD_LIBRARY_PATH=/home/eating/work/install/realsense2_camera_msgs/lib:/home/eating/work/install/realsense2_camera/lib:/home/eating/work/install/pallet_interfaces/lib:/home/eating/work/install/interface/lib:/home/eating/work/install/gui_interface/lib:/opt/ros/humble/opt/rviz_ogre_vendor/lib:/opt/ros/humble/lib/x86_64-linux-gnu:/opt/ros/humble/lib /usr/bin/cmake --build /home/eating/work/build/realsense2_camera -- -j8 -l8
[2.592s] DEBUG:colcon.colcon_core.event_handler.log_command:Invoking command in '/home/eating/work/build/realsense2_camera': CMAKE_PREFIX_PATH=/home/eating/work/install/realsense2_camera_msgs:/home/eating/work/install/timda_gazebo:/home/eating/work/install/timda_description:/home/eating/work/install/timda_bringup:/home/eating/work/install/timda_body_description:/home/eating/work/install/suction_description:/home/eating/work/install/robot_arm_description:/home/eating/work/install/realsense2_description:/home/eating/work/install/realsense2_camera:/home/eating/work/install/pallet_interfaces:/home/eating/work/install/mobile_description:/home/eating/work/install/mecanum:/home/eating/work/install/linear_move:/home/eating/work/install/keyboard_control:/home/eating/work/install/ira_laser_tools:/home/eating/work/install/interface:/home/eating/work/install/gui_interface:/home/eating/work/install/pallet_main:/home/eating/work/install/main_control:/home/eating/work/install/gui:/home/eating/work/install/docking_pkg:/opt/ros/humble LD_LIBRARY_PATH=/home/eating/work/install/realsense2_camera_msgs/lib:/home/eating/work/install/realsense2_camera/lib:/home/eating/work/install/pallet_interfaces/lib:/home/eating/work/install/interface/lib:/home/eating/work/install/gui_interface/lib:/opt/ros/humble/opt/rviz_ogre_vendor/lib:/opt/ros/humble/lib/x86_64-linux-gnu:/opt/ros/humble/lib /usr/bin/cmake --install /home/eating/work/build/realsense2_camera
[2.604s] Level 1:colcon.colcon_core.environment:create_environment_scripts_only(realsense2_camera)
[2.604s] Level 1:colcon.colcon_core.environment:checking '/home/eating/work/install/realsense2_camera' for CMake module files
[2.605s] Level 1:colcon.colcon_core.environment:checking '/home/eating/work/install/realsense2_camera' for CMake config files
[2.610s] DEBUG:colcon.colcon_core.event_handler.log_command:Invoked command in '/home/eating/work/build/realsense2_camera' returned '0': CMAKE_PREFIX_PATH=/home/eating/work/install/realsense2_camera_msgs:/home/eating/work/install/timda_gazebo:/home/eating/work/install/timda_description:/home/eating/work/install/timda_bringup:/home/eating/work/install/timda_body_description:/home/eating/work/install/suction_description:/home/eating/work/install/robot_arm_description:/home/eating/work/install/realsense2_description:/home/eating/work/install/realsense2_camera:/home/eating/work/install/pallet_interfaces:/home/eating/work/install/mobile_description:/home/eating/work/install/mecanum:/home/eating/work/install/linear_move:/home/eating/work/install/keyboard_control:/home/eating/work/install/ira_laser_tools:/home/eating/work/install/interface:/home/eating/work/install/gui_interface:/home/eating/work/install/pallet_main:/home/eating/work/install/main_control:/home/eating/work/install/gui:/home/eating/work/install/docking_pkg:/opt/ros/humble LD_LIBRARY_PATH=/home/eating/work/install/realsense2_camera_msgs/lib:/home/eating/work/install/realsense2_camera/lib:/home/eating/work/install/pallet_interfaces/lib:/home/eating/work/install/interface/lib:/home/eating/work/install/gui_interface/lib:/opt/ros/humble/opt/rviz_ogre_vendor/lib:/opt/ros/humble/lib/x86_64-linux-gnu:/opt/ros/humble/lib /usr/bin/cmake --install /home/eating/work/build/realsense2_camera
[2.610s] Level 1:colcon.colcon_core.shell:create_environment_hook('realsense2_camera', 'cmake_prefix_path')
[2.611s] INFO:colcon.colcon_core.shell:Creating environment hook '/home/eating/work/install/realsense2_camera/share/realsense2_camera/hook/cmake_prefix_path.ps1'
[2.611s] INFO:colcon.colcon_core.shell:Creating environment descriptor '/home/eating/work/install/realsense2_camera/share/realsense2_camera/hook/cmake_prefix_path.dsv'
[2.612s] INFO:colcon.colcon_core.shell:Creating environment hook '/home/eating/work/install/realsense2_camera/share/realsense2_camera/hook/cmake_prefix_path.sh'
[2.612s] Level 1:colcon.colcon_core.environment:checking '/home/eating/work/install/realsense2_camera/lib'
[2.612s] Level 1:colcon.colcon_core.shell:create_environment_hook('realsense2_camera', 'ld_library_path_lib')
[2.613s] INFO:colcon.colcon_core.shell:Creating environment hook '/home/eating/work/install/realsense2_camera/share/realsense2_camera/hook/ld_library_path_lib.ps1'
[2.613s] INFO:colcon.colcon_core.shell:Creating environment descriptor '/home/eating/work/install/realsense2_camera/share/realsense2_camera/hook/ld_library_path_lib.dsv'
[2.614s] INFO:colcon.colcon_core.shell:Creating environment hook '/home/eating/work/install/realsense2_camera/share/realsense2_camera/hook/ld_library_path_lib.sh'
[2.614s] Level 1:colcon.colcon_core.environment:checking '/home/eating/work/install/realsense2_camera/bin'
[2.614s] Level 1:colcon.colcon_core.environment:checking '/home/eating/work/install/realsense2_camera/lib/pkgconfig/realsense2_camera.pc'
[2.615s] Level 1:colcon.colcon_core.environment:checking '/home/eating/work/install/realsense2_camera/lib/python3.10/site-packages'
[2.615s] Level 1:colcon.colcon_core.environment:checking '/home/eating/work/install/realsense2_camera/bin'
[2.616s] INFO:colcon.colcon_core.shell:Creating package script '/home/eating/work/install/realsense2_camera/share/realsense2_camera/package.ps1'
[2.616s] INFO:colcon.colcon_core.shell:Creating package descriptor '/home/eating/work/install/realsense2_camera/share/realsense2_camera/package.dsv'
[2.617s] INFO:colcon.colcon_core.shell:Creating package script '/home/eating/work/install/realsense2_camera/share/realsense2_camera/package.sh'
[2.617s] INFO:colcon.colcon_core.shell:Creating package script '/home/eating/work/install/realsense2_camera/share/realsense2_camera/package.bash'
[2.618s] INFO:colcon.colcon_core.shell:Creating package script '/home/eating/work/install/realsense2_camera/share/realsense2_camera/package.zsh'
[2.618s] Level 1:colcon.colcon_core.environment:create_file_with_runtime_dependencies(/home/eating/work/install/realsense2_camera/share/colcon-core/packages/realsense2_camera)
[2.619s] Level 1:colcon.colcon_core.environment:create_environment_scripts_only(realsense2_camera)
[2.619s] Level 1:colcon.colcon_core.environment:checking '/home/eating/work/install/realsense2_camera' for CMake module files
[2.620s] Level 1:colcon.colcon_core.environment:checking '/home/eating/work/install/realsense2_camera' for CMake config files
[2.621s] Level 1:colcon.colcon_core.shell:create_environment_hook('realsense2_camera', 'cmake_prefix_path')
[2.621s] INFO:colcon.colcon_core.shell:Creating environment hook '/home/eating/work/install/realsense2_camera/share/realsense2_camera/hook/cmake_prefix_path.ps1'
[2.622s] INFO:colcon.colcon_core.shell:Creating environment descriptor '/home/eating/work/install/realsense2_camera/share/realsense2_camera/hook/cmake_prefix_path.dsv'
[2.622s] INFO:colcon.colcon_core.shell:Creating environment hook '/home/eating/work/install/realsense2_camera/share/realsense2_camera/hook/cmake_prefix_path.sh'
[2.623s] Level 1:colcon.colcon_core.environment:checking '/home/eating/work/install/realsense2_camera/lib'
[2.623s] Level 1:colcon.colcon_core.shell:create_environment_hook('realsense2_camera', 'ld_library_path_lib')
[2.623s] INFO:colcon.colcon_core.shell:Creating environment hook '/home/eating/work/install/realsense2_camera/share/realsense2_camera/hook/ld_library_path_lib.ps1'
[2.624s] INFO:colcon.colcon_core.shell:Creating environment descriptor '/home/eating/work/install/realsense2_camera/share/realsense2_camera/hook/ld_library_path_lib.dsv'
[2.624s] INFO:colcon.colcon_core.shell:Creating environment hook '/home/eating/work/install/realsense2_camera/share/realsense2_camera/hook/ld_library_path_lib.sh'
[2.625s] Level 1:colcon.colcon_core.environment:checking '/home/eating/work/install/realsense2_camera/bin'
[2.625s] Level 1:colcon.colcon_core.environment:checking '/home/eating/work/install/realsense2_camera/lib/pkgconfig/realsense2_camera.pc'
[2.625s] Level 1:colcon.colcon_core.environment:checking '/home/eating/work/install/realsense2_camera/lib/python3.10/site-packages'
[2.625s] Level 1:colcon.colcon_core.environment:checking '/home/eating/work/install/realsense2_camera/bin'
[2.626s] INFO:colcon.colcon_core.shell:Creating package script '/home/eating/work/install/realsense2_camera/share/realsense2_camera/package.ps1'
[2.627s] INFO:colcon.colcon_core.shell:Creating package descriptor '/home/eating/work/install/realsense2_camera/share/realsense2_camera/package.dsv'
[2.628s] INFO:colcon.colcon_core.shell:Creating package script '/home/eating/work/install/realsense2_camera/share/realsense2_camera/package.sh'
[2.628s] INFO:colcon.colcon_core.shell:Creating package script '/home/eating/work/install/realsense2_camera/share/realsense2_camera/package.bash'
[2.629s] INFO:colcon.colcon_core.shell:Creating package script '/home/eating/work/install/realsense2_camera/share/realsense2_camera/package.zsh'
[2.629s] Level 1:colcon.colcon_core.environment:create_file_with_runtime_dependencies(/home/eating/work/install/realsense2_camera/share/colcon-core/packages/realsense2_camera)
[2.855s] Level 1:colcon.colcon_core.environment:checking '/home/eating/work/install/pallet_main' for CMake module files
[2.855s] DEBUG:colcon.colcon_core.event_handler.log_command:Invoked command in '/home/eating/work/src/pallet/pallet_main' returned '0': PYTHONPATH=/home/eating/work/build/pallet_main/prefix_override:/usr/lib/python3/dist-packages/colcon_core/task/python/colcon_distutils_commands:/home/eating/work/install/pallet_main/lib/python3.10/site-packages:${PYTHONPATH} /usr/bin/python3 -W ignore:setup.py install is deprecated -W ignore:easy_install command is deprecated setup.py egg_info --egg-base ../../../build/pallet_main build --build-base /home/eating/work/build/pallet_main/build install --record /home/eating/work/build/pallet_main/install.log --single-version-externally-managed install_data
[2.855s] Level 1:colcon.colcon_core.environment:checking '/home/eating/work/install/pallet_main' for CMake config files
[2.856s] Level 1:colcon.colcon_core.environment:checking '/home/eating/work/install/pallet_main/lib'
[2.856s] Level 1:colcon.colcon_core.environment:checking '/home/eating/work/install/pallet_main/bin'
[2.856s] Level 1:colcon.colcon_core.environment:checking '/home/eating/work/install/pallet_main/lib/pkgconfig/pallet_main.pc'
[2.856s] Level 1:colcon.colcon_core.environment:checking '/home/eating/work/install/pallet_main/lib/python3.10/site-packages'
[2.856s] Level 1:colcon.colcon_core.shell:create_environment_hook('pallet_main', 'pythonpath')
[2.857s] INFO:colcon.colcon_core.shell:Creating environment hook '/home/eating/work/install/pallet_main/share/pallet_main/hook/pythonpath.ps1'
[2.857s] INFO:colcon.colcon_core.shell:Creating environment descriptor '/home/eating/work/install/pallet_main/share/pallet_main/hook/pythonpath.dsv'
[2.857s] INFO:colcon.colcon_core.shell:Creating environment hook '/home/eating/work/install/pallet_main/share/pallet_main/hook/pythonpath.sh'
[2.858s] Level 1:colcon.colcon_core.environment:checking '/home/eating/work/install/pallet_main/bin'
[2.858s] Level 1:colcon.colcon_core.environment:create_environment_scripts_only(pallet_main)
[2.858s] INFO:colcon.colcon_core.shell:Creating package script '/home/eating/work/install/pallet_main/share/pallet_main/package.ps1'
[2.859s] INFO:colcon.colcon_core.shell:Creating package descriptor '/home/eating/work/install/pallet_main/share/pallet_main/package.dsv'
[2.859s] INFO:colcon.colcon_core.shell:Creating package script '/home/eating/work/install/pallet_main/share/pallet_main/package.sh'
[2.860s] INFO:colcon.colcon_core.shell:Creating package script '/home/eating/work/install/pallet_main/share/pallet_main/package.bash'
[2.860s] INFO:colcon.colcon_core.shell:Creating package script '/home/eating/work/install/pallet_main/share/pallet_main/package.zsh'
[2.860s] Level 1:colcon.colcon_core.environment:create_file_with_runtime_dependencies(/home/eating/work/install/pallet_main/share/colcon-core/packages/pallet_main)
[2.892s] DEBUG:colcon.colcon_core.event_handler.log_command:Invoking command in '/home/eating/work/src/gui/gui': CMAKE_PREFIX_PATH=/home/eating/work/install/gui_interface:/home/eating/work/install/timda_gazebo:/home/eating/work/install/timda_description:/home/eating/work/install/timda_bringup:/home/eating/work/install/timda_body_description:/home/eating/work/install/suction_description:/home/eating/work/install/robot_arm_description:/home/eating/work/install/realsense2_description:/home/eating/work/install/realsense2_camera:/home/eating/work/install/realsense2_camera_msgs:/home/eating/work/install/pallet_interfaces:/home/eating/work/install/mobile_description:/home/eating/work/install/mecanum:/home/eating/work/install/linear_move:/home/eating/work/install/keyboard_control:/home/eating/work/install/ira_laser_tools:/home/eating/work/install/interface LD_LIBRARY_PATH=/home/eating/work/install/gui_interface/lib:/home/eating/work/install/realsense2_camera/lib:/home/eating/work/install/realsense2_camera_msgs/lib:/home/eating/work/install/pallet_interfaces/lib:/home/eating/work/install/interface/lib:/opt/ros/humble/opt/rviz_ogre_vendor/lib:/opt/ros/humble/lib/x86_64-linux-gnu:/opt/ros/humble/lib PYTHONPATH=/home/eating/work/build/gui/prefix_override:/usr/lib/python3/dist-packages/colcon_core/task/python/colcon_distutils_commands:/home/eating/work/install/gui/lib/python3.10/site-packages:${PYTHONPATH} /usr/bin/python3 -W ignore:setup.py install is deprecated -W ignore:easy_install command is deprecated setup.py egg_info --egg-base ../../../build/gui build --build-base /home/eating/work/build/gui/build install --record /home/eating/work/build/gui/install.log --single-version-externally-managed install_data
[2.917s] DEBUG:colcon.colcon_core.event_handler.log_command:Invoking command in '/home/eating/work/src/main_control/main_control': CMAKE_PREFIX_PATH=/home/eating/work/install/interface:/home/eating/work/install/gui_interface:/home/eating/work/install/timda_gazebo:/home/eating/work/install/timda_description:/home/eating/work/install/timda_bringup:/home/eating/work/install/timda_body_description:/home/eating/work/install/suction_description:/home/eating/work/install/robot_arm_description:/home/eating/work/install/realsense2_description:/home/eating/work/install/realsense2_camera:/home/eating/work/install/realsense2_camera_msgs:/home/eating/work/install/pallet_interfaces:/home/eating/work/install/mobile_description:/home/eating/work/install/mecanum:/home/eating/work/install/linear_move:/home/eating/work/install/keyboard_control:/home/eating/work/install/ira_laser_tools LD_LIBRARY_PATH=/home/eating/work/install/interface/lib:/home/eating/work/install/gui_interface/lib:/home/eating/work/install/realsense2_camera/lib:/home/eating/work/install/realsense2_camera_msgs/lib:/home/eating/work/install/pallet_interfaces/lib:/opt/ros/humble/opt/rviz_ogre_vendor/lib:/opt/ros/humble/lib/x86_64-linux-gnu:/opt/ros/humble/lib PYTHONPATH=/home/eating/work/build/main_control/prefix_override:/usr/lib/python3/dist-packages/colcon_core/task/python/colcon_distutils_commands:/home/eating/work/install/main_control/lib/python3.10/site-packages:${PYTHONPATH} /usr/bin/python3 -W ignore:setup.py install is deprecated -W ignore:easy_install command is deprecated setup.py egg_info --egg-base ../../../build/main_control build --build-base /home/eating/work/build/main_control/build install --record /home/eating/work/build/main_control/install.log --single-version-externally-managed install_data
[3.187s] Level 1:colcon.colcon_core.environment:checking '/home/eating/work/install/gui' for CMake module files
[3.187s] DEBUG:colcon.colcon_core.event_handler.log_command:Invoked command in '/home/eating/work/src/gui/gui' returned '0': CMAKE_PREFIX_PATH=/home/eating/work/install/gui_interface:/home/eating/work/install/timda_gazebo:/home/eating/work/install/timda_description:/home/eating/work/install/timda_bringup:/home/eating/work/install/timda_body_description:/home/eating/work/install/suction_description:/home/eating/work/install/robot_arm_description:/home/eating/work/install/realsense2_description:/home/eating/work/install/realsense2_camera:/home/eating/work/install/realsense2_camera_msgs:/home/eating/work/install/pallet_interfaces:/home/eating/work/install/mobile_description:/home/eating/work/install/mecanum:/home/eating/work/install/linear_move:/home/eating/work/install/keyboard_control:/home/eating/work/install/ira_laser_tools:/home/eating/work/install/interface LD_LIBRARY_PATH=/home/eating/work/install/gui_interface/lib:/home/eating/work/install/realsense2_camera/lib:/home/eating/work/install/realsense2_camera_msgs/lib:/home/eating/work/install/pallet_interfaces/lib:/home/eating/work/install/interface/lib:/opt/ros/humble/opt/rviz_ogre_vendor/lib:/opt/ros/humble/lib/x86_64-linux-gnu:/opt/ros/humble/lib PYTHONPATH=/home/eating/work/build/gui/prefix_override:/usr/lib/python3/dist-packages/colcon_core/task/python/colcon_distutils_commands:/home/eating/work/install/gui/lib/python3.10/site-packages:${PYTHONPATH} /usr/bin/python3 -W ignore:setup.py install is deprecated -W ignore:easy_install command is deprecated setup.py egg_info --egg-base ../../../build/gui build --build-base /home/eating/work/build/gui/build install --record /home/eating/work/build/gui/install.log --single-version-externally-managed install_data
[3.188s] Level 1:colcon.colcon_core.environment:checking '/home/eating/work/install/gui' for CMake config files
[3.188s] Level 1:colcon.colcon_core.environment:checking '/home/eating/work/install/gui/lib'
[3.188s] Level 1:colcon.colcon_core.environment:checking '/home/eating/work/install/gui/bin'
[3.188s] Level 1:colcon.colcon_core.environment:checking '/home/eating/work/install/gui/lib/pkgconfig/gui.pc'
[3.188s] Level 1:colcon.colcon_core.environment:checking '/home/eating/work/install/gui/lib/python3.10/site-packages'
[3.188s] Level 1:colcon.colcon_core.shell:create_environment_hook('gui', 'pythonpath')
[3.189s] INFO:colcon.colcon_core.shell:Creating environment hook '/home/eating/work/install/gui/share/gui/hook/pythonpath.ps1'
[3.189s] INFO:colcon.colcon_core.shell:Creating environment descriptor '/home/eating/work/install/gui/share/gui/hook/pythonpath.dsv'
[3.189s] INFO:colcon.colcon_core.shell:Creating environment hook '/home/eating/work/install/gui/share/gui/hook/pythonpath.sh'
[3.190s] Level 1:colcon.colcon_core.environment:checking '/home/eating/work/install/gui/bin'
[3.190s] Level 1:colcon.colcon_core.environment:create_environment_scripts_only(gui)
[3.190s] INFO:colcon.colcon_core.shell:Creating package script '/home/eating/work/install/gui/share/gui/package.ps1'
[3.191s] INFO:colcon.colcon_core.shell:Creating package descriptor '/home/eating/work/install/gui/share/gui/package.dsv'
[3.191s] INFO:colcon.colcon_core.shell:Creating package script '/home/eating/work/install/gui/share/gui/package.sh'
[3.191s] INFO:colcon.colcon_core.shell:Creating package script '/home/eating/work/install/gui/share/gui/package.bash'
[3.192s] INFO:colcon.colcon_core.shell:Creating package script '/home/eating/work/install/gui/share/gui/package.zsh'
[3.192s] Level 1:colcon.colcon_core.environment:create_file_with_runtime_dependencies(/home/eating/work/install/gui/share/colcon-core/packages/gui)
[3.224s] Level 1:colcon.colcon_core.environment:checking '/home/eating/work/install/main_control' for CMake module files
[3.225s] DEBUG:colcon.colcon_core.event_handler.log_command:Invoked command in '/home/eating/work/src/main_control/main_control' returned '0': CMAKE_PREFIX_PATH=/home/eating/work/install/interface:/home/eating/work/install/gui_interface:/home/eating/work/install/timda_gazebo:/home/eating/work/install/timda_description:/home/eating/work/install/timda_bringup:/home/eating/work/install/timda_body_description:/home/eating/work/install/suction_description:/home/eating/work/install/robot_arm_description:/home/eating/work/install/realsense2_description:/home/eating/work/install/realsense2_camera:/home/eating/work/install/realsense2_camera_msgs:/home/eating/work/install/pallet_interfaces:/home/eating/work/install/mobile_description:/home/eating/work/install/mecanum:/home/eating/work/install/linear_move:/home/eating/work/install/keyboard_control:/home/eating/work/install/ira_laser_tools LD_LIBRARY_PATH=/home/eating/work/install/interface/lib:/home/eating/work/install/gui_interface/lib:/home/eating/work/install/realsense2_camera/lib:/home/eating/work/install/realsense2_camera_msgs/lib:/home/eating/work/install/pallet_interfaces/lib:/opt/ros/humble/opt/rviz_ogre_vendor/lib:/opt/ros/humble/lib/x86_64-linux-gnu:/opt/ros/humble/lib PYTHONPATH=/home/eating/work/build/main_control/prefix_override:/usr/lib/python3/dist-packages/colcon_core/task/python/colcon_distutils_commands:/home/eating/work/install/main_control/lib/python3.10/site-packages:${PYTHONPATH} /usr/bin/python3 -W ignore:setup.py install is deprecated -W ignore:easy_install command is deprecated setup.py egg_info --egg-base ../../../build/main_control build --build-base /home/eating/work/build/main_control/build install --record /home/eating/work/build/main_control/install.log --single-version-externally-managed install_data
[3.225s] Level 1:colcon.colcon_core.environment:checking '/home/eating/work/install/main_control' for CMake config files
[3.225s] Level 1:colcon.colcon_core.environment:checking '/home/eating/work/install/main_control/lib'
[3.225s] Level 1:colcon.colcon_core.environment:checking '/home/eating/work/install/main_control/bin'
[3.226s] Level 1:colcon.colcon_core.environment:checking '/home/eating/work/install/main_control/lib/pkgconfig/main_control.pc'
[3.226s] Level 1:colcon.colcon_core.environment:checking '/home/eating/work/install/main_control/lib/python3.10/site-packages'
[3.226s] Level 1:colcon.colcon_core.shell:create_environment_hook('main_control', 'pythonpath')
[3.226s] INFO:colcon.colcon_core.shell:Creating environment hook '/home/eating/work/install/main_control/share/main_control/hook/pythonpath.ps1'
[3.227s] INFO:colcon.colcon_core.shell:Creating environment descriptor '/home/eating/work/install/main_control/share/main_control/hook/pythonpath.dsv'
[3.227s] INFO:colcon.colcon_core.shell:Creating environment hook '/home/eating/work/install/main_control/share/main_control/hook/pythonpath.sh'
[3.228s] Level 1:colcon.colcon_core.environment:checking '/home/eating/work/install/main_control/bin'
[3.228s] Level 1:colcon.colcon_core.environment:create_environment_scripts_only(main_control)
[3.228s] INFO:colcon.colcon_core.shell:Creating package script '/home/eating/work/install/main_control/share/main_control/package.ps1'
[3.229s] INFO:colcon.colcon_core.shell:Creating package descriptor '/home/eating/work/install/main_control/share/main_control/package.dsv'
[3.229s] INFO:colcon.colcon_core.shell:Creating package script '/home/eating/work/install/main_control/share/main_control/package.sh'
[3.229s] INFO:colcon.colcon_core.shell:Creating package script '/home/eating/work/install/main_control/share/main_control/package.bash'
[3.230s] INFO:colcon.colcon_core.shell:Creating package script '/home/eating/work/install/main_control/share/main_control/package.zsh'
[3.230s] Level 1:colcon.colcon_core.environment:create_file_with_runtime_dependencies(/home/eating/work/install/main_control/share/colcon-core/packages/main_control)
[3.230s] DEBUG:colcon.colcon_parallel_executor.executor.parallel:closing loop
[3.231s] DEBUG:colcon.colcon_parallel_executor.executor.parallel:loop closed
[3.231s] DEBUG:colcon.colcon_parallel_executor.executor.parallel:run_until_complete finished with '0'
[3.231s] DEBUG:colcon.colcon_core.event_reactor:joining thread
[3.237s] INFO:colcon.colcon_core.plugin_system:Skipping extension 'colcon_notification.desktop_notification.notify_send': Could not find 'notify-send'
[3.237s] INFO:colcon.colcon_core.plugin_system:Skipping extension 'colcon_notification.desktop_notification.terminal_notifier': Not used on non-Darwin systems
[3.237s] INFO:colcon.colcon_core.plugin_system:Skipping extension 'colcon_notification.desktop_notification.win32': Not used on non-Windows systems
[3.237s] INFO:colcon.colcon_notification.desktop_notification:Sending desktop notification using 'notify2'
[3.239s] DEBUG:colcon.colcon_notification.desktop_notification.notify2:Failed to initialize notify2: org.freedesktop.DBus.Error.Spawn.ExecFailed: /usr/bin/dbus-launch terminated abnormally without any error message
[3.240s] DEBUG:colcon.colcon_core.event_reactor:joined thread
[3.240s] INFO:colcon.colcon_core.shell:Creating prefix script '/home/eating/work/install/local_setup.ps1'
[3.242s] INFO:colcon.colcon_core.shell:Creating prefix util module '/home/eating/work/install/_local_setup_util_ps1.py'
[3.243s] INFO:colcon.colcon_core.shell:Creating prefix chain script '/home/eating/work/install/setup.ps1'
[3.246s] INFO:colcon.colcon_core.shell:Creating prefix script '/home/eating/work/install/local_setup.sh'
[3.247s] INFO:colcon.colcon_core.shell:Creating prefix util module '/home/eating/work/install/_local_setup_util_sh.py'
[3.248s] INFO:colcon.colcon_core.shell:Creating prefix chain script '/home/eating/work/install/setup.sh'
[3.250s] INFO:colcon.colcon_core.shell:Creating prefix script '/home/eating/work/install/local_setup.bash'
[3.251s] INFO:colcon.colcon_core.shell:Creating prefix chain script '/home/eating/work/install/setup.bash'
[3.253s] INFO:colcon.colcon_core.shell:Creating prefix script '/home/eating/work/install/local_setup.zsh'
[3.253s] INFO:colcon.colcon_core.shell:Creating prefix chain script '/home/eating/work/install/setup.zsh'
