[0.093s] DEBUG:colcon:Command line arguments: ['/usr/bin/colcon', 'build']
[0.093s] DEBUG:colcon:Parsed command line arguments: Namespace(log_base=None, log_level=None, verb_name='build', build_base='build', install_base='install', merge_install=False, symlink_install=False, test_result_base=None, continue_on_error=False, executor='parallel', parallel_workers=8, event_handlers=None, ignore_user_meta=False, metas=['./colcon.meta'], base_paths=['.'], packages_ignore=None, packages_ignore_regex=None, paths=None, packages_up_to=None, packages_up_to_regex=None, packages_above=None, packages_above_and_dependencies=None, packages_above_depth=None, packages_select_by_dep=None, packages_skip_by_dep=None, packages_skip_up_to=None, packages_select_build_failed=False, packages_skip_build_finished=False, packages_select_test_failures=False, packages_skip_test_passed=False, packages_select=None, packages_skip=None, packages_select_regex=None, packages_skip_regex=None, packages_start=None, packages_end=None, allow_overriding=[], cmake_args=None, cmake_target=None, cmake_target_skip_unavailable=False, cmake_clean_cache=False, cmake_clean_first=False, cmake_force_configure=False, ament_cmake_args=None, catkin_cmake_args=None, catkin_skip_building_tests=False, verb_parser=<colcon_defaults.argument_parser.defaults.DefaultArgumentsDecorator object at 0x7f137479e4a0>, verb_extension=<colcon_core.verb.build.BuildVerb object at 0x7f137489f850>, main=<bound method BuildVerb.main of <colcon_core.verb.build.BuildVerb object at 0x7f137489f850>>)
[0.252s] Level 1:colcon.colcon_core.package_discovery:discover_packages(colcon_meta) check parameters
[0.252s] Level 1:colcon.colcon_core.package_discovery:discover_packages(recursive) check parameters
[0.252s] Level 1:colcon.colcon_core.package_discovery:discover_packages(ignore) check parameters
[0.252s] Level 1:colcon.colcon_core.package_discovery:discover_packages(path) check parameters
[0.252s] Level 1:colcon.colcon_core.package_discovery:discover_packages(colcon_meta) discover
[0.252s] Level 1:colcon.colcon_core.package_discovery:discover_packages(recursive) discover
[0.252s] INFO:colcon.colcon_core.package_discovery:Crawling recursively for packages in '/home/eating/work'
[0.253s] Level 1:colcon.colcon_core.package_identification:_identify(.) by extensions ['ignore', 'ignore_ament_install']
[0.253s] Level 1:colcon.colcon_core.package_identification:_identify(.) by extension 'ignore'
[0.253s] Level 1:colcon.colcon_core.package_identification:_identify(.) by extension 'ignore_ament_install'
[0.253s] Level 1:colcon.colcon_core.package_identification:_identify(.) by extensions ['colcon_pkg']
[0.253s] Level 1:colcon.colcon_core.package_identification:_identify(.) by extension 'colcon_pkg'
[0.253s] Level 1:colcon.colcon_core.package_identification:_identify(.) by extensions ['colcon_meta']
[0.253s] Level 1:colcon.colcon_core.package_identification:_identify(.) by extension 'colcon_meta'
[0.253s] Level 1:colcon.colcon_core.package_identification:_identify(.) by extensions ['ros']
[0.253s] Level 1:colcon.colcon_core.package_identification:_identify(.) by extension 'ros'
[0.263s] Level 1:colcon.colcon_core.package_identification:_identify(.) by extensions ['cmake', 'python']
[0.263s] Level 1:colcon.colcon_core.package_identification:_identify(.) by extension 'cmake'
[0.263s] Level 1:colcon.colcon_core.package_identification:_identify(.) by extension 'python'
[0.263s] Level 1:colcon.colcon_core.package_identification:_identify(.) by extensions ['python_setup_py']
[0.263s] Level 1:colcon.colcon_core.package_identification:_identify(.) by extension 'python_setup_py'
[0.264s] Level 1:colcon.colcon_core.package_identification:_identify(build) by extensions ['ignore', 'ignore_ament_install']
[0.264s] Level 1:colcon.colcon_core.package_identification:_identify(build) by extension 'ignore'
[0.264s] Level 1:colcon.colcon_core.package_identification:_identify(build) ignored
[0.264s] Level 1:colcon.colcon_core.package_identification:_identify(docker_all) by extensions ['ignore', 'ignore_ament_install']
[0.264s] Level 1:colcon.colcon_core.package_identification:_identify(docker_all) by extension 'ignore'
[0.264s] Level 1:colcon.colcon_core.package_identification:_identify(docker_all) by extension 'ignore_ament_install'
[0.264s] Level 1:colcon.colcon_core.package_identification:_identify(docker_all) by extensions ['colcon_pkg']
[0.264s] Level 1:colcon.colcon_core.package_identification:_identify(docker_all) by extension 'colcon_pkg'
[0.264s] Level 1:colcon.colcon_core.package_identification:_identify(docker_all) by extensions ['colcon_meta']
[0.264s] Level 1:colcon.colcon_core.package_identification:_identify(docker_all) by extension 'colcon_meta'
[0.264s] Level 1:colcon.colcon_core.package_identification:_identify(docker_all) by extensions ['ros']
[0.264s] Level 1:colcon.colcon_core.package_identification:_identify(docker_all) by extension 'ros'
[0.264s] Level 1:colcon.colcon_core.package_identification:_identify(docker_all) by extensions ['cmake', 'python']
[0.264s] Level 1:colcon.colcon_core.package_identification:_identify(docker_all) by extension 'cmake'
[0.264s] Level 1:colcon.colcon_core.package_identification:_identify(docker_all) by extension 'python'
[0.264s] Level 1:colcon.colcon_core.package_identification:_identify(docker_all) by extensions ['python_setup_py']
[0.264s] Level 1:colcon.colcon_core.package_identification:_identify(docker_all) by extension 'python_setup_py'
[0.264s] Level 1:colcon.colcon_core.package_identification:_identify(docker_all/docker_ros2) by extensions ['ignore', 'ignore_ament_install']
[0.265s] Level 1:colcon.colcon_core.package_identification:_identify(docker_all/docker_ros2) by extension 'ignore'
[0.265s] Level 1:colcon.colcon_core.package_identification:_identify(docker_all/docker_ros2) by extension 'ignore_ament_install'
[0.265s] Level 1:colcon.colcon_core.package_identification:_identify(docker_all/docker_ros2) by extensions ['colcon_pkg']
[0.265s] Level 1:colcon.colcon_core.package_identification:_identify(docker_all/docker_ros2) by extension 'colcon_pkg'
[0.265s] Level 1:colcon.colcon_core.package_identification:_identify(docker_all/docker_ros2) by extensions ['colcon_meta']
[0.265s] Level 1:colcon.colcon_core.package_identification:_identify(docker_all/docker_ros2) by extension 'colcon_meta'
[0.265s] Level 1:colcon.colcon_core.package_identification:_identify(docker_all/docker_ros2) by extensions ['ros']
[0.265s] Level 1:colcon.colcon_core.package_identification:_identify(docker_all/docker_ros2) by extension 'ros'
[0.265s] Level 1:colcon.colcon_core.package_identification:_identify(docker_all/docker_ros2) by extensions ['cmake', 'python']
[0.265s] Level 1:colcon.colcon_core.package_identification:_identify(docker_all/docker_ros2) by extension 'cmake'
[0.265s] Level 1:colcon.colcon_core.package_identification:_identify(docker_all/docker_ros2) by extension 'python'
[0.265s] Level 1:colcon.colcon_core.package_identification:_identify(docker_all/docker_ros2) by extensions ['python_setup_py']
[0.265s] Level 1:colcon.colcon_core.package_identification:_identify(docker_all/docker_ros2) by extension 'python_setup_py'
[0.265s] Level 1:colcon.colcon_core.package_identification:_identify(docker_all/docker_ros2/compose) by extensions ['ignore', 'ignore_ament_install']
[0.265s] Level 1:colcon.colcon_core.package_identification:_identify(docker_all/docker_ros2/compose) by extension 'ignore'
[0.265s] Level 1:colcon.colcon_core.package_identification:_identify(docker_all/docker_ros2/compose) by extension 'ignore_ament_install'
[0.265s] Level 1:colcon.colcon_core.package_identification:_identify(docker_all/docker_ros2/compose) by extensions ['colcon_pkg']
[0.265s] Level 1:colcon.colcon_core.package_identification:_identify(docker_all/docker_ros2/compose) by extension 'colcon_pkg'
[0.265s] Level 1:colcon.colcon_core.package_identification:_identify(docker_all/docker_ros2/compose) by extensions ['colcon_meta']
[0.265s] Level 1:colcon.colcon_core.package_identification:_identify(docker_all/docker_ros2/compose) by extension 'colcon_meta'
[0.265s] Level 1:colcon.colcon_core.package_identification:_identify(docker_all/docker_ros2/compose) by extensions ['ros']
[0.265s] Level 1:colcon.colcon_core.package_identification:_identify(docker_all/docker_ros2/compose) by extension 'ros'
[0.265s] Level 1:colcon.colcon_core.package_identification:_identify(docker_all/docker_ros2/compose) by extensions ['cmake', 'python']
[0.265s] Level 1:colcon.colcon_core.package_identification:_identify(docker_all/docker_ros2/compose) by extension 'cmake'
[0.265s] Level 1:colcon.colcon_core.package_identification:_identify(docker_all/docker_ros2/compose) by extension 'python'
[0.266s] Level 1:colcon.colcon_core.package_identification:_identify(docker_all/docker_ros2/compose) by extensions ['python_setup_py']
[0.266s] Level 1:colcon.colcon_core.package_identification:_identify(docker_all/docker_ros2/compose) by extension 'python_setup_py'
[0.266s] Level 1:colcon.colcon_core.package_identification:_identify(docker_all/docker_ros2/compose/config) by extensions ['ignore', 'ignore_ament_install']
[0.266s] Level 1:colcon.colcon_core.package_identification:_identify(docker_all/docker_ros2/compose/config) by extension 'ignore'
[0.266s] Level 1:colcon.colcon_core.package_identification:_identify(docker_all/docker_ros2/compose/config) by extension 'ignore_ament_install'
[0.266s] Level 1:colcon.colcon_core.package_identification:_identify(docker_all/docker_ros2/compose/config) by extensions ['colcon_pkg']
[0.266s] Level 1:colcon.colcon_core.package_identification:_identify(docker_all/docker_ros2/compose/config) by extension 'colcon_pkg'
[0.266s] Level 1:colcon.colcon_core.package_identification:_identify(docker_all/docker_ros2/compose/config) by extensions ['colcon_meta']
[0.266s] Level 1:colcon.colcon_core.package_identification:_identify(docker_all/docker_ros2/compose/config) by extension 'colcon_meta'
[0.266s] Level 1:colcon.colcon_core.package_identification:_identify(docker_all/docker_ros2/compose/config) by extensions ['ros']
[0.266s] Level 1:colcon.colcon_core.package_identification:_identify(docker_all/docker_ros2/compose/config) by extension 'ros'
[0.266s] Level 1:colcon.colcon_core.package_identification:_identify(docker_all/docker_ros2/compose/config) by extensions ['cmake', 'python']
[0.266s] Level 1:colcon.colcon_core.package_identification:_identify(docker_all/docker_ros2/compose/config) by extension 'cmake'
[0.266s] Level 1:colcon.colcon_core.package_identification:_identify(docker_all/docker_ros2/compose/config) by extension 'python'
[0.266s] Level 1:colcon.colcon_core.package_identification:_identify(docker_all/docker_ros2/compose/config) by extensions ['python_setup_py']
[0.266s] Level 1:colcon.colcon_core.package_identification:_identify(docker_all/docker_ros2/compose/config) by extension 'python_setup_py'
[0.266s] Level 1:colcon.colcon_core.package_identification:_identify(docker_all/docker_ros2/compose/config/pip) by extensions ['ignore', 'ignore_ament_install']
[0.266s] Level 1:colcon.colcon_core.package_identification:_identify(docker_all/docker_ros2/compose/config/pip) by extension 'ignore'
[0.267s] Level 1:colcon.colcon_core.package_identification:_identify(docker_all/docker_ros2/compose/config/pip) by extension 'ignore_ament_install'
[0.267s] Level 1:colcon.colcon_core.package_identification:_identify(docker_all/docker_ros2/compose/config/pip) by extensions ['colcon_pkg']
[0.267s] Level 1:colcon.colcon_core.package_identification:_identify(docker_all/docker_ros2/compose/config/pip) by extension 'colcon_pkg'
[0.267s] Level 1:colcon.colcon_core.package_identification:_identify(docker_all/docker_ros2/compose/config/pip) by extensions ['colcon_meta']
[0.267s] Level 1:colcon.colcon_core.package_identification:_identify(docker_all/docker_ros2/compose/config/pip) by extension 'colcon_meta'
[0.267s] Level 1:colcon.colcon_core.package_identification:_identify(docker_all/docker_ros2/compose/config/pip) by extensions ['ros']
[0.267s] Level 1:colcon.colcon_core.package_identification:_identify(docker_all/docker_ros2/compose/config/pip) by extension 'ros'
[0.267s] Level 1:colcon.colcon_core.package_identification:_identify(docker_all/docker_ros2/compose/config/pip) by extensions ['cmake', 'python']
[0.267s] Level 1:colcon.colcon_core.package_identification:_identify(docker_all/docker_ros2/compose/config/pip) by extension 'cmake'
[0.267s] Level 1:colcon.colcon_core.package_identification:_identify(docker_all/docker_ros2/compose/config/pip) by extension 'python'
[0.267s] Level 1:colcon.colcon_core.package_identification:_identify(docker_all/docker_ros2/compose/config/pip) by extensions ['python_setup_py']
[0.267s] Level 1:colcon.colcon_core.package_identification:_identify(docker_all/docker_ros2/compose/config/pip) by extension 'python_setup_py'
[0.267s] Level 1:colcon.colcon_core.package_identification:_identify(docker_all/docker_ros2/compose/config/shell) by extensions ['ignore', 'ignore_ament_install']
[0.267s] Level 1:colcon.colcon_core.package_identification:_identify(docker_all/docker_ros2/compose/config/shell) by extension 'ignore'
[0.267s] Level 1:colcon.colcon_core.package_identification:_identify(docker_all/docker_ros2/compose/config/shell) by extension 'ignore_ament_install'
[0.267s] Level 1:colcon.colcon_core.package_identification:_identify(docker_all/docker_ros2/compose/config/shell) by extensions ['colcon_pkg']
[0.267s] Level 1:colcon.colcon_core.package_identification:_identify(docker_all/docker_ros2/compose/config/shell) by extension 'colcon_pkg'
[0.267s] Level 1:colcon.colcon_core.package_identification:_identify(docker_all/docker_ros2/compose/config/shell) by extensions ['colcon_meta']
[0.267s] Level 1:colcon.colcon_core.package_identification:_identify(docker_all/docker_ros2/compose/config/shell) by extension 'colcon_meta'
[0.267s] Level 1:colcon.colcon_core.package_identification:_identify(docker_all/docker_ros2/compose/config/shell) by extensions ['ros']
[0.267s] Level 1:colcon.colcon_core.package_identification:_identify(docker_all/docker_ros2/compose/config/shell) by extension 'ros'
[0.267s] Level 1:colcon.colcon_core.package_identification:_identify(docker_all/docker_ros2/compose/config/shell) by extensions ['cmake', 'python']
[0.267s] Level 1:colcon.colcon_core.package_identification:_identify(docker_all/docker_ros2/compose/config/shell) by extension 'cmake'
[0.268s] Level 1:colcon.colcon_core.package_identification:_identify(docker_all/docker_ros2/compose/config/shell) by extension 'python'
[0.268s] Level 1:colcon.colcon_core.package_identification:_identify(docker_all/docker_ros2/compose/config/shell) by extensions ['python_setup_py']
[0.268s] Level 1:colcon.colcon_core.package_identification:_identify(docker_all/docker_ros2/compose/config/shell) by extension 'python_setup_py'
[0.268s] Level 1:colcon.colcon_core.package_identification:_identify(docker_all/docker_ros2/compose/config/shell/terminator) by extensions ['ignore', 'ignore_ament_install']
[0.268s] Level 1:colcon.colcon_core.package_identification:_identify(docker_all/docker_ros2/compose/config/shell/terminator) by extension 'ignore'
[0.268s] Level 1:colcon.colcon_core.package_identification:_identify(docker_all/docker_ros2/compose/config/shell/terminator) by extension 'ignore_ament_install'
[0.268s] Level 1:colcon.colcon_core.package_identification:_identify(docker_all/docker_ros2/compose/config/shell/terminator) by extensions ['colcon_pkg']
[0.268s] Level 1:colcon.colcon_core.package_identification:_identify(docker_all/docker_ros2/compose/config/shell/terminator) by extension 'colcon_pkg'
[0.268s] Level 1:colcon.colcon_core.package_identification:_identify(docker_all/docker_ros2/compose/config/shell/terminator) by extensions ['colcon_meta']
[0.268s] Level 1:colcon.colcon_core.package_identification:_identify(docker_all/docker_ros2/compose/config/shell/terminator) by extension 'colcon_meta'
[0.268s] Level 1:colcon.colcon_core.package_identification:_identify(docker_all/docker_ros2/compose/config/shell/terminator) by extensions ['ros']
[0.268s] Level 1:colcon.colcon_core.package_identification:_identify(docker_all/docker_ros2/compose/config/shell/terminator) by extension 'ros'
[0.268s] Level 1:colcon.colcon_core.package_identification:_identify(docker_all/docker_ros2/compose/config/shell/terminator) by extensions ['cmake', 'python']
[0.268s] Level 1:colcon.colcon_core.package_identification:_identify(docker_all/docker_ros2/compose/config/shell/terminator) by extension 'cmake'
[0.268s] Level 1:colcon.colcon_core.package_identification:_identify(docker_all/docker_ros2/compose/config/shell/terminator) by extension 'python'
[0.268s] Level 1:colcon.colcon_core.package_identification:_identify(docker_all/docker_ros2/compose/config/shell/terminator) by extensions ['python_setup_py']
[0.268s] Level 1:colcon.colcon_core.package_identification:_identify(docker_all/docker_ros2/compose/config/shell/terminator) by extension 'python_setup_py'
[0.268s] Level 1:colcon.colcon_core.package_identification:_identify(docker_all/docker_ros2/compose/config/shell/tmux) by extensions ['ignore', 'ignore_ament_install']
[0.268s] Level 1:colcon.colcon_core.package_identification:_identify(docker_all/docker_ros2/compose/config/shell/tmux) by extension 'ignore'
[0.268s] Level 1:colcon.colcon_core.package_identification:_identify(docker_all/docker_ros2/compose/config/shell/tmux) by extension 'ignore_ament_install'
[0.269s] Level 1:colcon.colcon_core.package_identification:_identify(docker_all/docker_ros2/compose/config/shell/tmux) by extensions ['colcon_pkg']
[0.269s] Level 1:colcon.colcon_core.package_identification:_identify(docker_all/docker_ros2/compose/config/shell/tmux) by extension 'colcon_pkg'
[0.269s] Level 1:colcon.colcon_core.package_identification:_identify(docker_all/docker_ros2/compose/config/shell/tmux) by extensions ['colcon_meta']
[0.269s] Level 1:colcon.colcon_core.package_identification:_identify(docker_all/docker_ros2/compose/config/shell/tmux) by extension 'colcon_meta'
[0.269s] Level 1:colcon.colcon_core.package_identification:_identify(docker_all/docker_ros2/compose/config/shell/tmux) by extensions ['ros']
[0.269s] Level 1:colcon.colcon_core.package_identification:_identify(docker_all/docker_ros2/compose/config/shell/tmux) by extension 'ros'
[0.269s] Level 1:colcon.colcon_core.package_identification:_identify(docker_all/docker_ros2/compose/config/shell/tmux) by extensions ['cmake', 'python']
[0.269s] Level 1:colcon.colcon_core.package_identification:_identify(docker_all/docker_ros2/compose/config/shell/tmux) by extension 'cmake'
[0.269s] Level 1:colcon.colcon_core.package_identification:_identify(docker_all/docker_ros2/compose/config/shell/tmux) by extension 'python'
[0.269s] Level 1:colcon.colcon_core.package_identification:_identify(docker_all/docker_ros2/compose/config/shell/tmux) by extensions ['python_setup_py']
[0.269s] Level 1:colcon.colcon_core.package_identification:_identify(docker_all/docker_ros2/compose/config/shell/tmux) by extension 'python_setup_py'
[0.269s] Level 1:colcon.colcon_core.package_identification:_identify(docker_all/docker_ros2/config) by extensions ['ignore', 'ignore_ament_install']
[0.269s] Level 1:colcon.colcon_core.package_identification:_identify(docker_all/docker_ros2/config) by extension 'ignore'
[0.269s] Level 1:colcon.colcon_core.package_identification:_identify(docker_all/docker_ros2/config) by extension 'ignore_ament_install'
[0.269s] Level 1:colcon.colcon_core.package_identification:_identify(docker_all/docker_ros2/config) by extensions ['colcon_pkg']
[0.269s] Level 1:colcon.colcon_core.package_identification:_identify(docker_all/docker_ros2/config) by extension 'colcon_pkg'
[0.269s] Level 1:colcon.colcon_core.package_identification:_identify(docker_all/docker_ros2/config) by extensions ['colcon_meta']
[0.269s] Level 1:colcon.colcon_core.package_identification:_identify(docker_all/docker_ros2/config) by extension 'colcon_meta'
[0.269s] Level 1:colcon.colcon_core.package_identification:_identify(docker_all/docker_ros2/config) by extensions ['ros']
[0.269s] Level 1:colcon.colcon_core.package_identification:_identify(docker_all/docker_ros2/config) by extension 'ros'
[0.269s] Level 1:colcon.colcon_core.package_identification:_identify(docker_all/docker_ros2/config) by extensions ['cmake', 'python']
[0.269s] Level 1:colcon.colcon_core.package_identification:_identify(docker_all/docker_ros2/config) by extension 'cmake'
[0.269s] Level 1:colcon.colcon_core.package_identification:_identify(docker_all/docker_ros2/config) by extension 'python'
[0.269s] Level 1:colcon.colcon_core.package_identification:_identify(docker_all/docker_ros2/config) by extensions ['python_setup_py']
[0.270s] Level 1:colcon.colcon_core.package_identification:_identify(docker_all/docker_ros2/config) by extension 'python_setup_py'
[0.270s] Level 1:colcon.colcon_core.package_identification:_identify(docker_all/docker_ros2/config/pip) by extensions ['ignore', 'ignore_ament_install']
[0.270s] Level 1:colcon.colcon_core.package_identification:_identify(docker_all/docker_ros2/config/pip) by extension 'ignore'
[0.270s] Level 1:colcon.colcon_core.package_identification:_identify(docker_all/docker_ros2/config/pip) by extension 'ignore_ament_install'
[0.270s] Level 1:colcon.colcon_core.package_identification:_identify(docker_all/docker_ros2/config/pip) by extensions ['colcon_pkg']
[0.270s] Level 1:colcon.colcon_core.package_identification:_identify(docker_all/docker_ros2/config/pip) by extension 'colcon_pkg'
[0.270s] Level 1:colcon.colcon_core.package_identification:_identify(docker_all/docker_ros2/config/pip) by extensions ['colcon_meta']
[0.270s] Level 1:colcon.colcon_core.package_identification:_identify(docker_all/docker_ros2/config/pip) by extension 'colcon_meta'
[0.270s] Level 1:colcon.colcon_core.package_identification:_identify(docker_all/docker_ros2/config/pip) by extensions ['ros']
[0.270s] Level 1:colcon.colcon_core.package_identification:_identify(docker_all/docker_ros2/config/pip) by extension 'ros'
[0.270s] Level 1:colcon.colcon_core.package_identification:_identify(docker_all/docker_ros2/config/pip) by extensions ['cmake', 'python']
[0.270s] Level 1:colcon.colcon_core.package_identification:_identify(docker_all/docker_ros2/config/pip) by extension 'cmake'
[0.270s] Level 1:colcon.colcon_core.package_identification:_identify(docker_all/docker_ros2/config/pip) by extension 'python'
[0.270s] Level 1:colcon.colcon_core.package_identification:_identify(docker_all/docker_ros2/config/pip) by extensions ['python_setup_py']
[0.270s] Level 1:colcon.colcon_core.package_identification:_identify(docker_all/docker_ros2/config/pip) by extension 'python_setup_py'
[0.270s] Level 1:colcon.colcon_core.package_identification:_identify(docker_all/docker_ros2/config/shell) by extensions ['ignore', 'ignore_ament_install']
[0.270s] Level 1:colcon.colcon_core.package_identification:_identify(docker_all/docker_ros2/config/shell) by extension 'ignore'
[0.270s] Level 1:colcon.colcon_core.package_identification:_identify(docker_all/docker_ros2/config/shell) by extension 'ignore_ament_install'
[0.270s] Level 1:colcon.colcon_core.package_identification:_identify(docker_all/docker_ros2/config/shell) by extensions ['colcon_pkg']
[0.271s] Level 1:colcon.colcon_core.package_identification:_identify(docker_all/docker_ros2/config/shell) by extension 'colcon_pkg'
[0.271s] Level 1:colcon.colcon_core.package_identification:_identify(docker_all/docker_ros2/config/shell) by extensions ['colcon_meta']
[0.271s] Level 1:colcon.colcon_core.package_identification:_identify(docker_all/docker_ros2/config/shell) by extension 'colcon_meta'
[0.271s] Level 1:colcon.colcon_core.package_identification:_identify(docker_all/docker_ros2/config/shell) by extensions ['ros']
[0.271s] Level 1:colcon.colcon_core.package_identification:_identify(docker_all/docker_ros2/config/shell) by extension 'ros'
[0.271s] Level 1:colcon.colcon_core.package_identification:_identify(docker_all/docker_ros2/config/shell) by extensions ['cmake', 'python']
[0.271s] Level 1:colcon.colcon_core.package_identification:_identify(docker_all/docker_ros2/config/shell) by extension 'cmake'
[0.271s] Level 1:colcon.colcon_core.package_identification:_identify(docker_all/docker_ros2/config/shell) by extension 'python'
[0.271s] Level 1:colcon.colcon_core.package_identification:_identify(docker_all/docker_ros2/config/shell) by extensions ['python_setup_py']
[0.271s] Level 1:colcon.colcon_core.package_identification:_identify(docker_all/docker_ros2/config/shell) by extension 'python_setup_py'
[0.271s] Level 1:colcon.colcon_core.package_identification:_identify(docker_all/docker_ros2/config/shell/terminator) by extensions ['ignore', 'ignore_ament_install']
[0.271s] Level 1:colcon.colcon_core.package_identification:_identify(docker_all/docker_ros2/config/shell/terminator) by extension 'ignore'
[0.271s] Level 1:colcon.colcon_core.package_identification:_identify(docker_all/docker_ros2/config/shell/terminator) by extension 'ignore_ament_install'
[0.271s] Level 1:colcon.colcon_core.package_identification:_identify(docker_all/docker_ros2/config/shell/terminator) by extensions ['colcon_pkg']
[0.271s] Level 1:colcon.colcon_core.package_identification:_identify(docker_all/docker_ros2/config/shell/terminator) by extension 'colcon_pkg'
[0.271s] Level 1:colcon.colcon_core.package_identification:_identify(docker_all/docker_ros2/config/shell/terminator) by extensions ['colcon_meta']
[0.271s] Level 1:colcon.colcon_core.package_identification:_identify(docker_all/docker_ros2/config/shell/terminator) by extension 'colcon_meta'
[0.271s] Level 1:colcon.colcon_core.package_identification:_identify(docker_all/docker_ros2/config/shell/terminator) by extensions ['ros']
[0.271s] Level 1:colcon.colcon_core.package_identification:_identify(docker_all/docker_ros2/config/shell/terminator) by extension 'ros'
[0.271s] Level 1:colcon.colcon_core.package_identification:_identify(docker_all/docker_ros2/config/shell/terminator) by extensions ['cmake', 'python']
[0.271s] Level 1:colcon.colcon_core.package_identification:_identify(docker_all/docker_ros2/config/shell/terminator) by extension 'cmake'
[0.271s] Level 1:colcon.colcon_core.package_identification:_identify(docker_all/docker_ros2/config/shell/terminator) by extension 'python'
[0.271s] Level 1:colcon.colcon_core.package_identification:_identify(docker_all/docker_ros2/config/shell/terminator) by extensions ['python_setup_py']
[0.271s] Level 1:colcon.colcon_core.package_identification:_identify(docker_all/docker_ros2/config/shell/terminator) by extension 'python_setup_py'
[0.272s] Level 1:colcon.colcon_core.package_identification:_identify(docker_all/docker_ros2/config/shell/tmux) by extensions ['ignore', 'ignore_ament_install']
[0.272s] Level 1:colcon.colcon_core.package_identification:_identify(docker_all/docker_ros2/config/shell/tmux) by extension 'ignore'
[0.272s] Level 1:colcon.colcon_core.package_identification:_identify(docker_all/docker_ros2/config/shell/tmux) by extension 'ignore_ament_install'
[0.272s] Level 1:colcon.colcon_core.package_identification:_identify(docker_all/docker_ros2/config/shell/tmux) by extensions ['colcon_pkg']
[0.272s] Level 1:colcon.colcon_core.package_identification:_identify(docker_all/docker_ros2/config/shell/tmux) by extension 'colcon_pkg'
[0.272s] Level 1:colcon.colcon_core.package_identification:_identify(docker_all/docker_ros2/config/shell/tmux) by extensions ['colcon_meta']
[0.272s] Level 1:colcon.colcon_core.package_identification:_identify(docker_all/docker_ros2/config/shell/tmux) by extension 'colcon_meta'
[0.272s] Level 1:colcon.colcon_core.package_identification:_identify(docker_all/docker_ros2/config/shell/tmux) by extensions ['ros']
[0.272s] Level 1:colcon.colcon_core.package_identification:_identify(docker_all/docker_ros2/config/shell/tmux) by extension 'ros'
[0.272s] Level 1:colcon.colcon_core.package_identification:_identify(docker_all/docker_ros2/config/shell/tmux) by extensions ['cmake', 'python']
[0.272s] Level 1:colcon.colcon_core.package_identification:_identify(docker_all/docker_ros2/config/shell/tmux) by extension 'cmake'
[0.272s] Level 1:colcon.colcon_core.package_identification:_identify(docker_all/docker_ros2/config/shell/tmux) by extension 'python'
[0.272s] Level 1:colcon.colcon_core.package_identification:_identify(docker_all/docker_ros2/config/shell/tmux) by extensions ['python_setup_py']
[0.272s] Level 1:colcon.colcon_core.package_identification:_identify(docker_all/docker_ros2/config/shell/tmux) by extension 'python_setup_py'
[0.272s] Level 1:colcon.colcon_core.package_identification:_identify(install) by extensions ['ignore', 'ignore_ament_install']
[0.272s] Level 1:colcon.colcon_core.package_identification:_identify(install) by extension 'ignore'
[0.272s] Level 1:colcon.colcon_core.package_identification:_identify(install) ignored
[0.272s] Level 1:colcon.colcon_core.package_identification:_identify(libmodbus) by extensions ['ignore', 'ignore_ament_install']
[0.272s] Level 1:colcon.colcon_core.package_identification:_identify(libmodbus) by extension 'ignore'
[0.273s] Level 1:colcon.colcon_core.package_identification:_identify(libmodbus) by extension 'ignore_ament_install'
[0.273s] Level 1:colcon.colcon_core.package_identification:_identify(libmodbus) by extensions ['colcon_pkg']
[0.273s] Level 1:colcon.colcon_core.package_identification:_identify(libmodbus) by extension 'colcon_pkg'
[0.273s] Level 1:colcon.colcon_core.package_identification:_identify(libmodbus) by extensions ['colcon_meta']
[0.273s] Level 1:colcon.colcon_core.package_identification:_identify(libmodbus) by extension 'colcon_meta'
[0.273s] Level 1:colcon.colcon_core.package_identification:_identify(libmodbus) by extensions ['ros']
[0.273s] Level 1:colcon.colcon_core.package_identification:_identify(libmodbus) by extension 'ros'
[0.273s] Level 1:colcon.colcon_core.package_identification:_identify(libmodbus) by extensions ['cmake', 'python']
[0.273s] Level 1:colcon.colcon_core.package_identification:_identify(libmodbus) by extension 'cmake'
[0.273s] Level 1:colcon.colcon_core.package_identification:_identify(libmodbus) by extension 'python'
[0.273s] Level 1:colcon.colcon_core.package_identification:_identify(libmodbus) by extensions ['python_setup_py']
[0.273s] Level 1:colcon.colcon_core.package_identification:_identify(libmodbus) by extension 'python_setup_py'
[0.273s] Level 1:colcon.colcon_core.package_identification:_identify(libmodbus/build) by extensions ['ignore', 'ignore_ament_install']
[0.273s] Level 1:colcon.colcon_core.package_identification:_identify(libmodbus/build) by extension 'ignore'
[0.273s] Level 1:colcon.colcon_core.package_identification:_identify(libmodbus/build) ignored
[0.273s] Level 1:colcon.colcon_core.package_identification:_identify(libmodbus/doc) by extensions ['ignore', 'ignore_ament_install']
[0.273s] Level 1:colcon.colcon_core.package_identification:_identify(libmodbus/doc) by extension 'ignore'
[0.273s] Level 1:colcon.colcon_core.package_identification:_identify(libmodbus/doc) by extension 'ignore_ament_install'
[0.273s] Level 1:colcon.colcon_core.package_identification:_identify(libmodbus/doc) by extensions ['colcon_pkg']
[0.273s] Level 1:colcon.colcon_core.package_identification:_identify(libmodbus/doc) by extension 'colcon_pkg'
[0.274s] Level 1:colcon.colcon_core.package_identification:_identify(libmodbus/doc) by extensions ['colcon_meta']
[0.274s] Level 1:colcon.colcon_core.package_identification:_identify(libmodbus/doc) by extension 'colcon_meta'
[0.274s] Level 1:colcon.colcon_core.package_identification:_identify(libmodbus/doc) by extensions ['ros']
[0.274s] Level 1:colcon.colcon_core.package_identification:_identify(libmodbus/doc) by extension 'ros'
[0.274s] Level 1:colcon.colcon_core.package_identification:_identify(libmodbus/doc) by extensions ['cmake', 'python']
[0.274s] Level 1:colcon.colcon_core.package_identification:_identify(libmodbus/doc) by extension 'cmake'
[0.274s] Level 1:colcon.colcon_core.package_identification:_identify(libmodbus/doc) by extension 'python'
[0.274s] Level 1:colcon.colcon_core.package_identification:_identify(libmodbus/doc) by extensions ['python_setup_py']
[0.274s] Level 1:colcon.colcon_core.package_identification:_identify(libmodbus/doc) by extension 'python_setup_py'
[0.274s] Level 1:colcon.colcon_core.package_identification:_identify(libmodbus/install) by extensions ['ignore', 'ignore_ament_install']
[0.274s] Level 1:colcon.colcon_core.package_identification:_identify(libmodbus/install) by extension 'ignore'
[0.274s] Level 1:colcon.colcon_core.package_identification:_identify(libmodbus/install) ignored
[0.274s] Level 1:colcon.colcon_core.package_identification:_identify(libmodbus/log) by extensions ['ignore', 'ignore_ament_install']
[0.274s] Level 1:colcon.colcon_core.package_identification:_identify(libmodbus/log) by extension 'ignore'
[0.274s] Level 1:colcon.colcon_core.package_identification:_identify(libmodbus/log) ignored
[0.274s] Level 1:colcon.colcon_core.package_identification:_identify(libmodbus/m4) by extensions ['ignore', 'ignore_ament_install']
[0.274s] Level 1:colcon.colcon_core.package_identification:_identify(libmodbus/m4) by extension 'ignore'
[0.274s] Level 1:colcon.colcon_core.package_identification:_identify(libmodbus/m4) by extension 'ignore_ament_install'
[0.274s] Level 1:colcon.colcon_core.package_identification:_identify(libmodbus/m4) by extensions ['colcon_pkg']
[0.275s] Level 1:colcon.colcon_core.package_identification:_identify(libmodbus/m4) by extension 'colcon_pkg'
[0.275s] Level 1:colcon.colcon_core.package_identification:_identify(libmodbus/m4) by extensions ['colcon_meta']
[0.275s] Level 1:colcon.colcon_core.package_identification:_identify(libmodbus/m4) by extension 'colcon_meta'
[0.275s] Level 1:colcon.colcon_core.package_identification:_identify(libmodbus/m4) by extensions ['ros']
[0.275s] Level 1:colcon.colcon_core.package_identification:_identify(libmodbus/m4) by extension 'ros'
[0.275s] Level 1:colcon.colcon_core.package_identification:_identify(libmodbus/m4) by extensions ['cmake', 'python']
[0.275s] Level 1:colcon.colcon_core.package_identification:_identify(libmodbus/m4) by extension 'cmake'
[0.275s] Level 1:colcon.colcon_core.package_identification:_identify(libmodbus/m4) by extension 'python'
[0.275s] Level 1:colcon.colcon_core.package_identification:_identify(libmodbus/m4) by extensions ['python_setup_py']
[0.275s] Level 1:colcon.colcon_core.package_identification:_identify(libmodbus/m4) by extension 'python_setup_py'
[0.275s] Level 1:colcon.colcon_core.package_identification:_identify(libmodbus/src) by extensions ['ignore', 'ignore_ament_install']
[0.275s] Level 1:colcon.colcon_core.package_identification:_identify(libmodbus/src) by extension 'ignore'
[0.275s] Level 1:colcon.colcon_core.package_identification:_identify(libmodbus/src) by extension 'ignore_ament_install'
[0.275s] Level 1:colcon.colcon_core.package_identification:_identify(libmodbus/src) by extensions ['colcon_pkg']
[0.275s] Level 1:colcon.colcon_core.package_identification:_identify(libmodbus/src) by extension 'colcon_pkg'
[0.275s] Level 1:colcon.colcon_core.package_identification:_identify(libmodbus/src) by extensions ['colcon_meta']
[0.275s] Level 1:colcon.colcon_core.package_identification:_identify(libmodbus/src) by extension 'colcon_meta'
[0.275s] Level 1:colcon.colcon_core.package_identification:_identify(libmodbus/src) by extensions ['ros']
[0.275s] Level 1:colcon.colcon_core.package_identification:_identify(libmodbus/src) by extension 'ros'
[0.275s] Level 1:colcon.colcon_core.package_identification:_identify(libmodbus/src) by extensions ['cmake', 'python']
[0.275s] Level 1:colcon.colcon_core.package_identification:_identify(libmodbus/src) by extension 'cmake'
[0.275s] Level 1:colcon.colcon_core.package_identification:_identify(libmodbus/src) by extension 'python'
[0.275s] Level 1:colcon.colcon_core.package_identification:_identify(libmodbus/src) by extensions ['python_setup_py']
[0.276s] Level 1:colcon.colcon_core.package_identification:_identify(libmodbus/src) by extension 'python_setup_py'
[0.276s] Level 1:colcon.colcon_core.package_identification:_identify(libmodbus/src/win32) by extensions ['ignore', 'ignore_ament_install']
[0.276s] Level 1:colcon.colcon_core.package_identification:_identify(libmodbus/src/win32) by extension 'ignore'
[0.276s] Level 1:colcon.colcon_core.package_identification:_identify(libmodbus/src/win32) by extension 'ignore_ament_install'
[0.276s] Level 1:colcon.colcon_core.package_identification:_identify(libmodbus/src/win32) by extensions ['colcon_pkg']
[0.276s] Level 1:colcon.colcon_core.package_identification:_identify(libmodbus/src/win32) by extension 'colcon_pkg'
[0.276s] Level 1:colcon.colcon_core.package_identification:_identify(libmodbus/src/win32) by extensions ['colcon_meta']
[0.276s] Level 1:colcon.colcon_core.package_identification:_identify(libmodbus/src/win32) by extension 'colcon_meta'
[0.276s] Level 1:colcon.colcon_core.package_identification:_identify(libmodbus/src/win32) by extensions ['ros']
[0.276s] Level 1:colcon.colcon_core.package_identification:_identify(libmodbus/src/win32) by extension 'ros'
[0.276s] Level 1:colcon.colcon_core.package_identification:_identify(libmodbus/src/win32) by extensions ['cmake', 'python']
[0.276s] Level 1:colcon.colcon_core.package_identification:_identify(libmodbus/src/win32) by extension 'cmake'
[0.276s] Level 1:colcon.colcon_core.package_identification:_identify(libmodbus/src/win32) by extension 'python'
[0.276s] Level 1:colcon.colcon_core.package_identification:_identify(libmodbus/src/win32) by extensions ['python_setup_py']
[0.276s] Level 1:colcon.colcon_core.package_identification:_identify(libmodbus/src/win32) by extension 'python_setup_py'
[0.276s] Level 1:colcon.colcon_core.package_identification:_identify(libmodbus/tests) by extensions ['ignore', 'ignore_ament_install']
[0.276s] Level 1:colcon.colcon_core.package_identification:_identify(libmodbus/tests) by extension 'ignore'
[0.276s] Level 1:colcon.colcon_core.package_identification:_identify(libmodbus/tests) by extension 'ignore_ament_install'
[0.276s] Level 1:colcon.colcon_core.package_identification:_identify(libmodbus/tests) by extensions ['colcon_pkg']
[0.276s] Level 1:colcon.colcon_core.package_identification:_identify(libmodbus/tests) by extension 'colcon_pkg'
[0.276s] Level 1:colcon.colcon_core.package_identification:_identify(libmodbus/tests) by extensions ['colcon_meta']
[0.276s] Level 1:colcon.colcon_core.package_identification:_identify(libmodbus/tests) by extension 'colcon_meta'
[0.277s] Level 1:colcon.colcon_core.package_identification:_identify(libmodbus/tests) by extensions ['ros']
[0.277s] Level 1:colcon.colcon_core.package_identification:_identify(libmodbus/tests) by extension 'ros'
[0.277s] Level 1:colcon.colcon_core.package_identification:_identify(libmodbus/tests) by extensions ['cmake', 'python']
[0.277s] Level 1:colcon.colcon_core.package_identification:_identify(libmodbus/tests) by extension 'cmake'
[0.277s] Level 1:colcon.colcon_core.package_identification:_identify(libmodbus/tests) by extension 'python'
[0.277s] Level 1:colcon.colcon_core.package_identification:_identify(libmodbus/tests) by extensions ['python_setup_py']
[0.277s] Level 1:colcon.colcon_core.package_identification:_identify(libmodbus/tests) by extension 'python_setup_py'
[0.277s] Level 1:colcon.colcon_core.package_identification:_identify(log) by extensions ['ignore', 'ignore_ament_install']
[0.277s] Level 1:colcon.colcon_core.package_identification:_identify(log) by extension 'ignore'
[0.277s] Level 1:colcon.colcon_core.package_identification:_identify(log) ignored
[0.277s] Level 1:colcon.colcon_core.package_identification:_identify(src) by extensions ['ignore', 'ignore_ament_install']
[0.277s] Level 1:colcon.colcon_core.package_identification:_identify(src) by extension 'ignore'
[0.277s] Level 1:colcon.colcon_core.package_identification:_identify(src) by extension 'ignore_ament_install'
[0.277s] Level 1:colcon.colcon_core.package_identification:_identify(src) by extensions ['colcon_pkg']
[0.277s] Level 1:colcon.colcon_core.package_identification:_identify(src) by extension 'colcon_pkg'
[0.277s] Level 1:colcon.colcon_core.package_identification:_identify(src) by extensions ['colcon_meta']
[0.277s] Level 1:colcon.colcon_core.package_identification:_identify(src) by extension 'colcon_meta'
[0.277s] Level 1:colcon.colcon_core.package_identification:_identify(src) by extensions ['ros']
[0.277s] Level 1:colcon.colcon_core.package_identification:_identify(src) by extension 'ros'
[0.277s] Level 1:colcon.colcon_core.package_identification:_identify(src) by extensions ['cmake', 'python']
[0.277s] Level 1:colcon.colcon_core.package_identification:_identify(src) by extension 'cmake'
[0.278s] Level 1:colcon.colcon_core.package_identification:_identify(src) by extension 'python'
[0.278s] Level 1:colcon.colcon_core.package_identification:_identify(src) by extensions ['python_setup_py']
[0.278s] Level 1:colcon.colcon_core.package_identification:_identify(src) by extension 'python_setup_py'
[0.278s] Level 1:colcon.colcon_core.package_identification:_identify(src/docking) by extensions ['ignore', 'ignore_ament_install']
[0.278s] Level 1:colcon.colcon_core.package_identification:_identify(src/docking) by extension 'ignore'
[0.278s] Level 1:colcon.colcon_core.package_identification:_identify(src/docking) by extension 'ignore_ament_install'
[0.278s] Level 1:colcon.colcon_core.package_identification:_identify(src/docking) by extensions ['colcon_pkg']
[0.278s] Level 1:colcon.colcon_core.package_identification:_identify(src/docking) by extension 'colcon_pkg'
[0.278s] Level 1:colcon.colcon_core.package_identification:_identify(src/docking) by extensions ['colcon_meta']
[0.278s] Level 1:colcon.colcon_core.package_identification:_identify(src/docking) by extension 'colcon_meta'
[0.278s] Level 1:colcon.colcon_core.package_identification:_identify(src/docking) by extensions ['ros']
[0.278s] Level 1:colcon.colcon_core.package_identification:_identify(src/docking) by extension 'ros'
[0.278s] Level 1:colcon.colcon_core.package_identification:_identify(src/docking) by extensions ['cmake', 'python']
[0.278s] Level 1:colcon.colcon_core.package_identification:_identify(src/docking) by extension 'cmake'
[0.278s] Level 1:colcon.colcon_core.package_identification:_identify(src/docking) by extension 'python'
[0.278s] Level 1:colcon.colcon_core.package_identification:_identify(src/docking) by extensions ['python_setup_py']
[0.278s] Level 1:colcon.colcon_core.package_identification:_identify(src/docking) by extension 'python_setup_py'
[0.278s] Level 1:colcon.colcon_core.package_identification:_identify(src/docking/docking_pkg) by extensions ['ignore', 'ignore_ament_install']
[0.278s] Level 1:colcon.colcon_core.package_identification:_identify(src/docking/docking_pkg) by extension 'ignore'
[0.278s] Level 1:colcon.colcon_core.package_identification:_identify(src/docking/docking_pkg) by extension 'ignore_ament_install'
[0.279s] Level 1:colcon.colcon_core.package_identification:_identify(src/docking/docking_pkg) by extensions ['colcon_pkg']
[0.279s] Level 1:colcon.colcon_core.package_identification:_identify(src/docking/docking_pkg) by extension 'colcon_pkg'
[0.279s] Level 1:colcon.colcon_core.package_identification:_identify(src/docking/docking_pkg) by extensions ['colcon_meta']
[0.279s] Level 1:colcon.colcon_core.package_identification:_identify(src/docking/docking_pkg) by extension 'colcon_meta'
[0.279s] Level 1:colcon.colcon_core.package_identification:_identify(src/docking/docking_pkg) by extensions ['ros']
[0.279s] Level 1:colcon.colcon_core.package_identification:_identify(src/docking/docking_pkg) by extension 'ros'
[0.281s] DEBUG:colcon.colcon_core.package_identification:Package 'src/docking/docking_pkg' with type 'ros.ament_python' and name 'docking_pkg'
[0.281s] Level 1:colcon.colcon_core.package_identification:_identify(src/docking/realsense-ros) by extensions ['ignore', 'ignore_ament_install']
[0.281s] Level 1:colcon.colcon_core.package_identification:_identify(src/docking/realsense-ros) by extension 'ignore'
[0.281s] Level 1:colcon.colcon_core.package_identification:_identify(src/docking/realsense-ros) by extension 'ignore_ament_install'
[0.281s] Level 1:colcon.colcon_core.package_identification:_identify(src/docking/realsense-ros) by extensions ['colcon_pkg']
[0.281s] Level 1:colcon.colcon_core.package_identification:_identify(src/docking/realsense-ros) by extension 'colcon_pkg'
[0.281s] Level 1:colcon.colcon_core.package_identification:_identify(src/docking/realsense-ros) by extensions ['colcon_meta']
[0.281s] Level 1:colcon.colcon_core.package_identification:_identify(src/docking/realsense-ros) by extension 'colcon_meta'
[0.281s] Level 1:colcon.colcon_core.package_identification:_identify(src/docking/realsense-ros) by extensions ['ros']
[0.281s] Level 1:colcon.colcon_core.package_identification:_identify(src/docking/realsense-ros) by extension 'ros'
[0.281s] Level 1:colcon.colcon_core.package_identification:_identify(src/docking/realsense-ros) by extensions ['cmake', 'python']
[0.281s] Level 1:colcon.colcon_core.package_identification:_identify(src/docking/realsense-ros) by extension 'cmake'
[0.281s] Level 1:colcon.colcon_core.package_identification:_identify(src/docking/realsense-ros) by extension 'python'
[0.281s] Level 1:colcon.colcon_core.package_identification:_identify(src/docking/realsense-ros) by extensions ['python_setup_py']
[0.281s] Level 1:colcon.colcon_core.package_identification:_identify(src/docking/realsense-ros) by extension 'python_setup_py'
[0.282s] Level 1:colcon.colcon_core.package_identification:_identify(src/docking/realsense-ros/realsense2_camera) by extensions ['ignore', 'ignore_ament_install']
[0.282s] Level 1:colcon.colcon_core.package_identification:_identify(src/docking/realsense-ros/realsense2_camera) by extension 'ignore'
[0.282s] Level 1:colcon.colcon_core.package_identification:_identify(src/docking/realsense-ros/realsense2_camera) by extension 'ignore_ament_install'
[0.282s] Level 1:colcon.colcon_core.package_identification:_identify(src/docking/realsense-ros/realsense2_camera) by extensions ['colcon_pkg']
[0.282s] Level 1:colcon.colcon_core.package_identification:_identify(src/docking/realsense-ros/realsense2_camera) by extension 'colcon_pkg'
[0.282s] Level 1:colcon.colcon_core.package_identification:_identify(src/docking/realsense-ros/realsense2_camera) by extensions ['colcon_meta']
[0.282s] Level 1:colcon.colcon_core.package_identification:_identify(src/docking/realsense-ros/realsense2_camera) by extension 'colcon_meta'
[0.282s] Level 1:colcon.colcon_core.package_identification:_identify(src/docking/realsense-ros/realsense2_camera) by extensions ['ros']
[0.282s] Level 1:colcon.colcon_core.package_identification:_identify(src/docking/realsense-ros/realsense2_camera) by extension 'ros'
[0.287s] DEBUG:colcon.colcon_core.package_identification:Package 'src/docking/realsense-ros/realsense2_camera' with type 'ros.ament_cmake' and name 'realsense2_camera'
[0.287s] Level 1:colcon.colcon_core.package_identification:_identify(src/docking/realsense-ros/realsense2_camera_msgs) by extensions ['ignore', 'ignore_ament_install']
[0.287s] Level 1:colcon.colcon_core.package_identification:_identify(src/docking/realsense-ros/realsense2_camera_msgs) by extension 'ignore'
[0.287s] Level 1:colcon.colcon_core.package_identification:_identify(src/docking/realsense-ros/realsense2_camera_msgs) by extension 'ignore_ament_install'
[0.287s] Level 1:colcon.colcon_core.package_identification:_identify(src/docking/realsense-ros/realsense2_camera_msgs) by extensions ['colcon_pkg']
[0.287s] Level 1:colcon.colcon_core.package_identification:_identify(src/docking/realsense-ros/realsense2_camera_msgs) by extension 'colcon_pkg'
[0.287s] Level 1:colcon.colcon_core.package_identification:_identify(src/docking/realsense-ros/realsense2_camera_msgs) by extensions ['colcon_meta']
[0.287s] Level 1:colcon.colcon_core.package_identification:_identify(src/docking/realsense-ros/realsense2_camera_msgs) by extension 'colcon_meta'
[0.287s] Level 1:colcon.colcon_core.package_identification:_identify(src/docking/realsense-ros/realsense2_camera_msgs) by extensions ['ros']
[0.287s] Level 1:colcon.colcon_core.package_identification:_identify(src/docking/realsense-ros/realsense2_camera_msgs) by extension 'ros'
[0.288s] DEBUG:colcon.colcon_core.package_identification:Package 'src/docking/realsense-ros/realsense2_camera_msgs' with type 'ros.ament_cmake' and name 'realsense2_camera_msgs'
[0.288s] Level 1:colcon.colcon_core.package_identification:_identify(src/docking/realsense-ros/realsense2_description) by extensions ['ignore', 'ignore_ament_install']
[0.288s] Level 1:colcon.colcon_core.package_identification:_identify(src/docking/realsense-ros/realsense2_description) by extension 'ignore'
[0.288s] Level 1:colcon.colcon_core.package_identification:_identify(src/docking/realsense-ros/realsense2_description) by extension 'ignore_ament_install'
[0.288s] Level 1:colcon.colcon_core.package_identification:_identify(src/docking/realsense-ros/realsense2_description) by extensions ['colcon_pkg']
[0.288s] Level 1:colcon.colcon_core.package_identification:_identify(src/docking/realsense-ros/realsense2_description) by extension 'colcon_pkg'
[0.288s] Level 1:colcon.colcon_core.package_identification:_identify(src/docking/realsense-ros/realsense2_description) by extensions ['colcon_meta']
[0.288s] Level 1:colcon.colcon_core.package_identification:_identify(src/docking/realsense-ros/realsense2_description) by extension 'colcon_meta'
[0.288s] Level 1:colcon.colcon_core.package_identification:_identify(src/docking/realsense-ros/realsense2_description) by extensions ['ros']
[0.288s] Level 1:colcon.colcon_core.package_identification:_identify(src/docking/realsense-ros/realsense2_description) by extension 'ros'
[0.289s] DEBUG:colcon.colcon_core.package_identification:Package 'src/docking/realsense-ros/realsense2_description' with type 'ros.ament_cmake' and name 'realsense2_description'
[0.289s] Level 1:colcon.colcon_core.package_identification:_identify(src/docking/realsense-ros/scripts) by extensions ['ignore', 'ignore_ament_install']
[0.289s] Level 1:colcon.colcon_core.package_identification:_identify(src/docking/realsense-ros/scripts) by extension 'ignore'
[0.289s] Level 1:colcon.colcon_core.package_identification:_identify(src/docking/realsense-ros/scripts) by extension 'ignore_ament_install'
[0.289s] Level 1:colcon.colcon_core.package_identification:_identify(src/docking/realsense-ros/scripts) by extensions ['colcon_pkg']
[0.289s] Level 1:colcon.colcon_core.package_identification:_identify(src/docking/realsense-ros/scripts) by extension 'colcon_pkg'
[0.289s] Level 1:colcon.colcon_core.package_identification:_identify(src/docking/realsense-ros/scripts) by extensions ['colcon_meta']
[0.289s] Level 1:colcon.colcon_core.package_identification:_identify(src/docking/realsense-ros/scripts) by extension 'colcon_meta'
[0.289s] Level 1:colcon.colcon_core.package_identification:_identify(src/docking/realsense-ros/scripts) by extensions ['ros']
[0.289s] Level 1:colcon.colcon_core.package_identification:_identify(src/docking/realsense-ros/scripts) by extension 'ros'
[0.289s] Level 1:colcon.colcon_core.package_identification:_identify(src/docking/realsense-ros/scripts) by extensions ['cmake', 'python']
[0.289s] Level 1:colcon.colcon_core.package_identification:_identify(src/docking/realsense-ros/scripts) by extension 'cmake'
[0.289s] Level 1:colcon.colcon_core.package_identification:_identify(src/docking/realsense-ros/scripts) by extension 'python'
[0.290s] Level 1:colcon.colcon_core.package_identification:_identify(src/docking/realsense-ros/scripts) by extensions ['python_setup_py']
[0.290s] Level 1:colcon.colcon_core.package_identification:_identify(src/docking/realsense-ros/scripts) by extension 'python_setup_py'
[0.290s] Level 1:colcon.colcon_core.package_identification:_identify(src/gui) by extensions ['ignore', 'ignore_ament_install']
[0.290s] Level 1:colcon.colcon_core.package_identification:_identify(src/gui) by extension 'ignore'
[0.290s] Level 1:colcon.colcon_core.package_identification:_identify(src/gui) by extension 'ignore_ament_install'
[0.290s] Level 1:colcon.colcon_core.package_identification:_identify(src/gui) by extensions ['colcon_pkg']
[0.290s] Level 1:colcon.colcon_core.package_identification:_identify(src/gui) by extension 'colcon_pkg'
[0.290s] Level 1:colcon.colcon_core.package_identification:_identify(src/gui) by extensions ['colcon_meta']
[0.290s] Level 1:colcon.colcon_core.package_identification:_identify(src/gui) by extension 'colcon_meta'
[0.290s] Level 1:colcon.colcon_core.package_identification:_identify(src/gui) by extensions ['ros']
[0.290s] Level 1:colcon.colcon_core.package_identification:_identify(src/gui) by extension 'ros'
[0.290s] Level 1:colcon.colcon_core.package_identification:_identify(src/gui) by extensions ['cmake', 'python']
[0.290s] Level 1:colcon.colcon_core.package_identification:_identify(src/gui) by extension 'cmake'
[0.290s] Level 1:colcon.colcon_core.package_identification:_identify(src/gui) by extension 'python'
[0.290s] Level 1:colcon.colcon_core.package_identification:_identify(src/gui) by extensions ['python_setup_py']
[0.290s] Level 1:colcon.colcon_core.package_identification:_identify(src/gui) by extension 'python_setup_py'
[0.290s] Level 1:colcon.colcon_core.package_identification:_identify(src/gui/gui) by extensions ['ignore', 'ignore_ament_install']
[0.290s] Level 1:colcon.colcon_core.package_identification:_identify(src/gui/gui) by extension 'ignore'
[0.290s] Level 1:colcon.colcon_core.package_identification:_identify(src/gui/gui) by extension 'ignore_ament_install'
[0.290s] Level 1:colcon.colcon_core.package_identification:_identify(src/gui/gui) by extensions ['colcon_pkg']
[0.290s] Level 1:colcon.colcon_core.package_identification:_identify(src/gui/gui) by extension 'colcon_pkg'
[0.291s] Level 1:colcon.colcon_core.package_identification:_identify(src/gui/gui) by extensions ['colcon_meta']
[0.291s] Level 1:colcon.colcon_core.package_identification:_identify(src/gui/gui) by extension 'colcon_meta'
[0.291s] Level 1:colcon.colcon_core.package_identification:_identify(src/gui/gui) by extensions ['ros']
[0.291s] Level 1:colcon.colcon_core.package_identification:_identify(src/gui/gui) by extension 'ros'
[0.291s] DEBUG:colcon.colcon_core.package_identification:Package 'src/gui/gui' with type 'ros.ament_python' and name 'gui'
[0.291s] Level 1:colcon.colcon_core.package_identification:_identify(src/gui/gui_interface) by extensions ['ignore', 'ignore_ament_install']
[0.291s] Level 1:colcon.colcon_core.package_identification:_identify(src/gui/gui_interface) by extension 'ignore'
[0.291s] Level 1:colcon.colcon_core.package_identification:_identify(src/gui/gui_interface) by extension 'ignore_ament_install'
[0.291s] Level 1:colcon.colcon_core.package_identification:_identify(src/gui/gui_interface) by extensions ['colcon_pkg']
[0.291s] Level 1:colcon.colcon_core.package_identification:_identify(src/gui/gui_interface) by extension 'colcon_pkg'
[0.291s] Level 1:colcon.colcon_core.package_identification:_identify(src/gui/gui_interface) by extensions ['colcon_meta']
[0.291s] Level 1:colcon.colcon_core.package_identification:_identify(src/gui/gui_interface) by extension 'colcon_meta'
[0.291s] Level 1:colcon.colcon_core.package_identification:_identify(src/gui/gui_interface) by extensions ['ros']
[0.291s] Level 1:colcon.colcon_core.package_identification:_identify(src/gui/gui_interface) by extension 'ros'
[0.292s] DEBUG:colcon.colcon_core.package_identification:Package 'src/gui/gui_interface' with type 'ros.ament_cmake' and name 'gui_interface'
[0.292s] Level 1:colcon.colcon_core.package_identification:_identify(src/interface) by extensions ['ignore', 'ignore_ament_install']
[0.292s] Level 1:colcon.colcon_core.package_identification:_identify(src/interface) by extension 'ignore'
[0.292s] Level 1:colcon.colcon_core.package_identification:_identify(src/interface) by extension 'ignore_ament_install'
[0.292s] Level 1:colcon.colcon_core.package_identification:_identify(src/interface) by extensions ['colcon_pkg']
[0.292s] Level 1:colcon.colcon_core.package_identification:_identify(src/interface) by extension 'colcon_pkg'
[0.292s] Level 1:colcon.colcon_core.package_identification:_identify(src/interface) by extensions ['colcon_meta']
[0.292s] Level 1:colcon.colcon_core.package_identification:_identify(src/interface) by extension 'colcon_meta'
[0.292s] Level 1:colcon.colcon_core.package_identification:_identify(src/interface) by extensions ['ros']
[0.292s] Level 1:colcon.colcon_core.package_identification:_identify(src/interface) by extension 'ros'
[0.293s] DEBUG:colcon.colcon_core.package_identification:Package 'src/interface' with type 'ros.ament_cmake' and name 'interface'
[0.293s] Level 1:colcon.colcon_core.package_identification:_identify(src/ira_laser_tools) by extensions ['ignore', 'ignore_ament_install']
[0.293s] Level 1:colcon.colcon_core.package_identification:_identify(src/ira_laser_tools) by extension 'ignore'
[0.293s] Level 1:colcon.colcon_core.package_identification:_identify(src/ira_laser_tools) by extension 'ignore_ament_install'
[0.293s] Level 1:colcon.colcon_core.package_identification:_identify(src/ira_laser_tools) by extensions ['colcon_pkg']
[0.293s] Level 1:colcon.colcon_core.package_identification:_identify(src/ira_laser_tools) by extension 'colcon_pkg'
[0.293s] Level 1:colcon.colcon_core.package_identification:_identify(src/ira_laser_tools) by extensions ['colcon_meta']
[0.293s] Level 1:colcon.colcon_core.package_identification:_identify(src/ira_laser_tools) by extension 'colcon_meta'
[0.293s] Level 1:colcon.colcon_core.package_identification:_identify(src/ira_laser_tools) by extensions ['ros']
[0.293s] Level 1:colcon.colcon_core.package_identification:_identify(src/ira_laser_tools) by extension 'ros'
[0.294s] DEBUG:colcon.colcon_core.package_identification:Package 'src/ira_laser_tools' with type 'ros.ament_cmake' and name 'ira_laser_tools'
[0.294s] Level 1:colcon.colcon_core.package_identification:_identify(src/keyboard_control) by extensions ['ignore', 'ignore_ament_install']
[0.294s] Level 1:colcon.colcon_core.package_identification:_identify(src/keyboard_control) by extension 'ignore'
[0.294s] Level 1:colcon.colcon_core.package_identification:_identify(src/keyboard_control) by extension 'ignore_ament_install'
[0.295s] Level 1:colcon.colcon_core.package_identification:_identify(src/keyboard_control) by extensions ['colcon_pkg']
[0.295s] Level 1:colcon.colcon_core.package_identification:_identify(src/keyboard_control) by extension 'colcon_pkg'
[0.295s] Level 1:colcon.colcon_core.package_identification:_identify(src/keyboard_control) by extensions ['colcon_meta']
[0.295s] Level 1:colcon.colcon_core.package_identification:_identify(src/keyboard_control) by extension 'colcon_meta'
[0.295s] Level 1:colcon.colcon_core.package_identification:_identify(src/keyboard_control) by extensions ['ros']
[0.295s] Level 1:colcon.colcon_core.package_identification:_identify(src/keyboard_control) by extension 'ros'
[0.296s] DEBUG:colcon.colcon_core.package_identification:Package 'src/keyboard_control' with type 'ros.ament_cmake' and name 'keyboard_control'
[0.296s] Level 1:colcon.colcon_core.package_identification:_identify(src/linear_move) by extensions ['ignore', 'ignore_ament_install']
[0.296s] Level 1:colcon.colcon_core.package_identification:_identify(src/linear_move) by extension 'ignore'
[0.296s] Level 1:colcon.colcon_core.package_identification:_identify(src/linear_move) by extension 'ignore_ament_install'
[0.296s] Level 1:colcon.colcon_core.package_identification:_identify(src/linear_move) by extensions ['colcon_pkg']
[0.296s] Level 1:colcon.colcon_core.package_identification:_identify(src/linear_move) by extension 'colcon_pkg'
[0.296s] Level 1:colcon.colcon_core.package_identification:_identify(src/linear_move) by extensions ['colcon_meta']
[0.296s] Level 1:colcon.colcon_core.package_identification:_identify(src/linear_move) by extension 'colcon_meta'
[0.296s] Level 1:colcon.colcon_core.package_identification:_identify(src/linear_move) by extensions ['ros']
[0.296s] Level 1:colcon.colcon_core.package_identification:_identify(src/linear_move) by extension 'ros'
[0.297s] DEBUG:colcon.colcon_core.package_identification:Package 'src/linear_move' with type 'ros.ament_cmake' and name 'linear_move'
[0.297s] Level 1:colcon.colcon_core.package_identification:_identify(src/main_control) by extensions ['ignore', 'ignore_ament_install']
[0.297s] Level 1:colcon.colcon_core.package_identification:_identify(src/main_control) by extension 'ignore'
[0.297s] Level 1:colcon.colcon_core.package_identification:_identify(src/main_control) by extension 'ignore_ament_install'
[0.297s] Level 1:colcon.colcon_core.package_identification:_identify(src/main_control) by extensions ['colcon_pkg']
[0.297s] Level 1:colcon.colcon_core.package_identification:_identify(src/main_control) by extension 'colcon_pkg'
[0.297s] Level 1:colcon.colcon_core.package_identification:_identify(src/main_control) by extensions ['colcon_meta']
[0.297s] Level 1:colcon.colcon_core.package_identification:_identify(src/main_control) by extension 'colcon_meta'
[0.297s] Level 1:colcon.colcon_core.package_identification:_identify(src/main_control) by extensions ['ros']
[0.297s] Level 1:colcon.colcon_core.package_identification:_identify(src/main_control) by extension 'ros'
[0.297s] Level 1:colcon.colcon_core.package_identification:_identify(src/main_control) by extensions ['cmake', 'python']
[0.297s] Level 1:colcon.colcon_core.package_identification:_identify(src/main_control) by extension 'cmake'
[0.297s] Level 1:colcon.colcon_core.package_identification:_identify(src/main_control) by extension 'python'
[0.297s] Level 1:colcon.colcon_core.package_identification:_identify(src/main_control) by extensions ['python_setup_py']
[0.298s] Level 1:colcon.colcon_core.package_identification:_identify(src/main_control) by extension 'python_setup_py'
[0.298s] Level 1:colcon.colcon_core.package_identification:_identify(src/main_control/main_control) by extensions ['ignore', 'ignore_ament_install']
[0.298s] Level 1:colcon.colcon_core.package_identification:_identify(src/main_control/main_control) by extension 'ignore'
[0.298s] Level 1:colcon.colcon_core.package_identification:_identify(src/main_control/main_control) by extension 'ignore_ament_install'
[0.298s] Level 1:colcon.colcon_core.package_identification:_identify(src/main_control/main_control) by extensions ['colcon_pkg']
[0.298s] Level 1:colcon.colcon_core.package_identification:_identify(src/main_control/main_control) by extension 'colcon_pkg'
[0.298s] Level 1:colcon.colcon_core.package_identification:_identify(src/main_control/main_control) by extensions ['colcon_meta']
[0.298s] Level 1:colcon.colcon_core.package_identification:_identify(src/main_control/main_control) by extension 'colcon_meta'
[0.298s] Level 1:colcon.colcon_core.package_identification:_identify(src/main_control/main_control) by extensions ['ros']
[0.298s] Level 1:colcon.colcon_core.package_identification:_identify(src/main_control/main_control) by extension 'ros'
[0.298s] DEBUG:colcon.colcon_core.package_identification:Package 'src/main_control/main_control' with type 'ros.ament_python' and name 'main_control'
[0.298s] Level 1:colcon.colcon_core.package_identification:_identify(src/mecanum) by extensions ['ignore', 'ignore_ament_install']
[0.298s] Level 1:colcon.colcon_core.package_identification:_identify(src/mecanum) by extension 'ignore'
[0.299s] Level 1:colcon.colcon_core.package_identification:_identify(src/mecanum) by extension 'ignore_ament_install'
[0.299s] Level 1:colcon.colcon_core.package_identification:_identify(src/mecanum) by extensions ['colcon_pkg']
[0.299s] Level 1:colcon.colcon_core.package_identification:_identify(src/mecanum) by extension 'colcon_pkg'
[0.299s] Level 1:colcon.colcon_core.package_identification:_identify(src/mecanum) by extensions ['colcon_meta']
[0.299s] Level 1:colcon.colcon_core.package_identification:_identify(src/mecanum) by extension 'colcon_meta'
[0.299s] Level 1:colcon.colcon_core.package_identification:_identify(src/mecanum) by extensions ['ros']
[0.299s] Level 1:colcon.colcon_core.package_identification:_identify(src/mecanum) by extension 'ros'
[0.299s] DEBUG:colcon.colcon_core.package_identification:Package 'src/mecanum' with type 'ros.ament_cmake' and name 'mecanum'
[0.299s] Level 1:colcon.colcon_core.package_identification:_identify(src/pallet) by extensions ['ignore', 'ignore_ament_install']
[0.299s] Level 1:colcon.colcon_core.package_identification:_identify(src/pallet) by extension 'ignore'
[0.299s] Level 1:colcon.colcon_core.package_identification:_identify(src/pallet) by extension 'ignore_ament_install'
[0.300s] Level 1:colcon.colcon_core.package_identification:_identify(src/pallet) by extensions ['colcon_pkg']
[0.300s] Level 1:colcon.colcon_core.package_identification:_identify(src/pallet) by extension 'colcon_pkg'
[0.300s] Level 1:colcon.colcon_core.package_identification:_identify(src/pallet) by extensions ['colcon_meta']
[0.300s] Level 1:colcon.colcon_core.package_identification:_identify(src/pallet) by extension 'colcon_meta'
[0.300s] Level 1:colcon.colcon_core.package_identification:_identify(src/pallet) by extensions ['ros']
[0.300s] Level 1:colcon.colcon_core.package_identification:_identify(src/pallet) by extension 'ros'
[0.300s] Level 1:colcon.colcon_core.package_identification:_identify(src/pallet) by extensions ['cmake', 'python']
[0.300s] Level 1:colcon.colcon_core.package_identification:_identify(src/pallet) by extension 'cmake'
[0.300s] Level 1:colcon.colcon_core.package_identification:_identify(src/pallet) by extension 'python'
[0.300s] Level 1:colcon.colcon_core.package_identification:_identify(src/pallet) by extensions ['python_setup_py']
[0.300s] Level 1:colcon.colcon_core.package_identification:_identify(src/pallet) by extension 'python_setup_py'
[0.300s] Level 1:colcon.colcon_core.package_identification:_identify(src/pallet/pallet_interfaces) by extensions ['ignore', 'ignore_ament_install']
[0.300s] Level 1:colcon.colcon_core.package_identification:_identify(src/pallet/pallet_interfaces) by extension 'ignore'
[0.300s] Level 1:colcon.colcon_core.package_identification:_identify(src/pallet/pallet_interfaces) by extension 'ignore_ament_install'
[0.300s] Level 1:colcon.colcon_core.package_identification:_identify(src/pallet/pallet_interfaces) by extensions ['colcon_pkg']
[0.300s] Level 1:colcon.colcon_core.package_identification:_identify(src/pallet/pallet_interfaces) by extension 'colcon_pkg'
[0.300s] Level 1:colcon.colcon_core.package_identification:_identify(src/pallet/pallet_interfaces) by extensions ['colcon_meta']
[0.300s] Level 1:colcon.colcon_core.package_identification:_identify(src/pallet/pallet_interfaces) by extension 'colcon_meta'
[0.300s] Level 1:colcon.colcon_core.package_identification:_identify(src/pallet/pallet_interfaces) by extensions ['ros']
[0.300s] Level 1:colcon.colcon_core.package_identification:_identify(src/pallet/pallet_interfaces) by extension 'ros'
[0.301s] DEBUG:colcon.colcon_core.package_identification:Package 'src/pallet/pallet_interfaces' with type 'ros.ament_cmake' and name 'pallet_interfaces'
[0.301s] Level 1:colcon.colcon_core.package_identification:_identify(src/pallet/pallet_main) by extensions ['ignore', 'ignore_ament_install']
[0.301s] Level 1:colcon.colcon_core.package_identification:_identify(src/pallet/pallet_main) by extension 'ignore'
[0.301s] Level 1:colcon.colcon_core.package_identification:_identify(src/pallet/pallet_main) by extension 'ignore_ament_install'
[0.301s] Level 1:colcon.colcon_core.package_identification:_identify(src/pallet/pallet_main) by extensions ['colcon_pkg']
[0.301s] Level 1:colcon.colcon_core.package_identification:_identify(src/pallet/pallet_main) by extension 'colcon_pkg'
[0.301s] Level 1:colcon.colcon_core.package_identification:_identify(src/pallet/pallet_main) by extensions ['colcon_meta']
[0.301s] Level 1:colcon.colcon_core.package_identification:_identify(src/pallet/pallet_main) by extension 'colcon_meta'
[0.301s] Level 1:colcon.colcon_core.package_identification:_identify(src/pallet/pallet_main) by extensions ['ros']
[0.301s] Level 1:colcon.colcon_core.package_identification:_identify(src/pallet/pallet_main) by extension 'ros'
[0.302s] DEBUG:colcon.colcon_core.package_identification:Package 'src/pallet/pallet_main' with type 'ros.ament_python' and name 'pallet_main'
[0.302s] Level 1:colcon.colcon_core.package_identification:_identify(src/timda_bringup) by extensions ['ignore', 'ignore_ament_install']
[0.302s] Level 1:colcon.colcon_core.package_identification:_identify(src/timda_bringup) by extension 'ignore'
[0.302s] Level 1:colcon.colcon_core.package_identification:_identify(src/timda_bringup) by extension 'ignore_ament_install'
[0.302s] Level 1:colcon.colcon_core.package_identification:_identify(src/timda_bringup) by extensions ['colcon_pkg']
[0.302s] Level 1:colcon.colcon_core.package_identification:_identify(src/timda_bringup) by extension 'colcon_pkg'
[0.302s] Level 1:colcon.colcon_core.package_identification:_identify(src/timda_bringup) by extensions ['colcon_meta']
[0.302s] Level 1:colcon.colcon_core.package_identification:_identify(src/timda_bringup) by extension 'colcon_meta'
[0.302s] Level 1:colcon.colcon_core.package_identification:_identify(src/timda_bringup) by extensions ['ros']
[0.302s] Level 1:colcon.colcon_core.package_identification:_identify(src/timda_bringup) by extension 'ros'
[0.303s] DEBUG:colcon.colcon_core.package_identification:Package 'src/timda_bringup' with type 'ros.ament_cmake' and name 'timda_bringup'
[0.303s] Level 1:colcon.colcon_core.package_identification:_identify(src/timda_sim) by extensions ['ignore', 'ignore_ament_install']
[0.303s] Level 1:colcon.colcon_core.package_identification:_identify(src/timda_sim) by extension 'ignore'
[0.303s] Level 1:colcon.colcon_core.package_identification:_identify(src/timda_sim) by extension 'ignore_ament_install'
[0.303s] Level 1:colcon.colcon_core.package_identification:_identify(src/timda_sim) by extensions ['colcon_pkg']
[0.303s] Level 1:colcon.colcon_core.package_identification:_identify(src/timda_sim) by extension 'colcon_pkg'
[0.303s] Level 1:colcon.colcon_core.package_identification:_identify(src/timda_sim) by extensions ['colcon_meta']
[0.303s] Level 1:colcon.colcon_core.package_identification:_identify(src/timda_sim) by extension 'colcon_meta'
[0.303s] Level 1:colcon.colcon_core.package_identification:_identify(src/timda_sim) by extensions ['ros']
[0.303s] Level 1:colcon.colcon_core.package_identification:_identify(src/timda_sim) by extension 'ros'
[0.303s] Level 1:colcon.colcon_core.package_identification:_identify(src/timda_sim) by extensions ['cmake', 'python']
[0.303s] Level 1:colcon.colcon_core.package_identification:_identify(src/timda_sim) by extension 'cmake'
[0.303s] Level 1:colcon.colcon_core.package_identification:_identify(src/timda_sim) by extension 'python'
[0.303s] Level 1:colcon.colcon_core.package_identification:_identify(src/timda_sim) by extensions ['python_setup_py']
[0.303s] Level 1:colcon.colcon_core.package_identification:_identify(src/timda_sim) by extension 'python_setup_py'
[0.303s] Level 1:colcon.colcon_core.package_identification:_identify(src/timda_sim/mobile_description) by extensions ['ignore', 'ignore_ament_install']
[0.313s] Level 1:colcon.colcon_core.package_identification:_identify(src/timda_sim/mobile_description) by extension 'ignore'
[0.313s] Level 1:colcon.colcon_core.package_identification:_identify(src/timda_sim/mobile_description) by extension 'ignore_ament_install'
[0.313s] Level 1:colcon.colcon_core.package_identification:_identify(src/timda_sim/mobile_description) by extensions ['colcon_pkg']
[0.313s] Level 1:colcon.colcon_core.package_identification:_identify(src/timda_sim/mobile_description) by extension 'colcon_pkg'
[0.313s] Level 1:colcon.colcon_core.package_identification:_identify(src/timda_sim/mobile_description) by extensions ['colcon_meta']
[0.313s] Level 1:colcon.colcon_core.package_identification:_identify(src/timda_sim/mobile_description) by extension 'colcon_meta'
[0.313s] Level 1:colcon.colcon_core.package_identification:_identify(src/timda_sim/mobile_description) by extensions ['ros']
[0.313s] Level 1:colcon.colcon_core.package_identification:_identify(src/timda_sim/mobile_description) by extension 'ros'
[0.313s] DEBUG:colcon.colcon_core.package_identification:Package 'src/timda_sim/mobile_description' with type 'ros.ament_cmake' and name 'mobile_description'
[0.314s] Level 1:colcon.colcon_core.package_identification:_identify(src/timda_sim/robot_arm_description) by extensions ['ignore', 'ignore_ament_install']
[0.314s] Level 1:colcon.colcon_core.package_identification:_identify(src/timda_sim/robot_arm_description) by extension 'ignore'
[0.314s] Level 1:colcon.colcon_core.package_identification:_identify(src/timda_sim/robot_arm_description) by extension 'ignore_ament_install'
[0.314s] Level 1:colcon.colcon_core.package_identification:_identify(src/timda_sim/robot_arm_description) by extensions ['colcon_pkg']
[0.314s] Level 1:colcon.colcon_core.package_identification:_identify(src/timda_sim/robot_arm_description) by extension 'colcon_pkg'
[0.314s] Level 1:colcon.colcon_core.package_identification:_identify(src/timda_sim/robot_arm_description) by extensions ['colcon_meta']
[0.314s] Level 1:colcon.colcon_core.package_identification:_identify(src/timda_sim/robot_arm_description) by extension 'colcon_meta'
[0.314s] Level 1:colcon.colcon_core.package_identification:_identify(src/timda_sim/robot_arm_description) by extensions ['ros']
[0.314s] Level 1:colcon.colcon_core.package_identification:_identify(src/timda_sim/robot_arm_description) by extension 'ros'
[0.314s] DEBUG:colcon.colcon_core.package_identification:Package 'src/timda_sim/robot_arm_description' with type 'ros.ament_cmake' and name 'robot_arm_description'
[0.314s] Level 1:colcon.colcon_core.package_identification:_identify(src/timda_sim/suction_description) by extensions ['ignore', 'ignore_ament_install']
[0.315s] Level 1:colcon.colcon_core.package_identification:_identify(src/timda_sim/suction_description) by extension 'ignore'
[0.315s] Level 1:colcon.colcon_core.package_identification:_identify(src/timda_sim/suction_description) by extension 'ignore_ament_install'
[0.315s] Level 1:colcon.colcon_core.package_identification:_identify(src/timda_sim/suction_description) by extensions ['colcon_pkg']
[0.315s] Level 1:colcon.colcon_core.package_identification:_identify(src/timda_sim/suction_description) by extension 'colcon_pkg'
[0.315s] Level 1:colcon.colcon_core.package_identification:_identify(src/timda_sim/suction_description) by extensions ['colcon_meta']
[0.315s] Level 1:colcon.colcon_core.package_identification:_identify(src/timda_sim/suction_description) by extension 'colcon_meta'
[0.315s] Level 1:colcon.colcon_core.package_identification:_identify(src/timda_sim/suction_description) by extensions ['ros']
[0.315s] Level 1:colcon.colcon_core.package_identification:_identify(src/timda_sim/suction_description) by extension 'ros'
[0.315s] DEBUG:colcon.colcon_core.package_identification:Package 'src/timda_sim/suction_description' with type 'ros.ament_cmake' and name 'suction_description'
[0.315s] Level 1:colcon.colcon_core.package_identification:_identify(src/timda_sim/timda_body_description) by extensions ['ignore', 'ignore_ament_install']
[0.315s] Level 1:colcon.colcon_core.package_identification:_identify(src/timda_sim/timda_body_description) by extension 'ignore'
[0.315s] Level 1:colcon.colcon_core.package_identification:_identify(src/timda_sim/timda_body_description) by extension 'ignore_ament_install'
[0.316s] Level 1:colcon.colcon_core.package_identification:_identify(src/timda_sim/timda_body_description) by extensions ['colcon_pkg']
[0.316s] Level 1:colcon.colcon_core.package_identification:_identify(src/timda_sim/timda_body_description) by extension 'colcon_pkg'
[0.316s] Level 1:colcon.colcon_core.package_identification:_identify(src/timda_sim/timda_body_description) by extensions ['colcon_meta']
[0.316s] Level 1:colcon.colcon_core.package_identification:_identify(src/timda_sim/timda_body_description) by extension 'colcon_meta'
[0.316s] Level 1:colcon.colcon_core.package_identification:_identify(src/timda_sim/timda_body_description) by extensions ['ros']
[0.316s] Level 1:colcon.colcon_core.package_identification:_identify(src/timda_sim/timda_body_description) by extension 'ros'
[0.316s] DEBUG:colcon.colcon_core.package_identification:Package 'src/timda_sim/timda_body_description' with type 'ros.ament_cmake' and name 'timda_body_description'
[0.316s] Level 1:colcon.colcon_core.package_identification:_identify(src/timda_sim/timda_description) by extensions ['ignore', 'ignore_ament_install']
[0.316s] Level 1:colcon.colcon_core.package_identification:_identify(src/timda_sim/timda_description) by extension 'ignore'
[0.316s] Level 1:colcon.colcon_core.package_identification:_identify(src/timda_sim/timda_description) by extension 'ignore_ament_install'
[0.316s] Level 1:colcon.colcon_core.package_identification:_identify(src/timda_sim/timda_description) by extensions ['colcon_pkg']
[0.316s] Level 1:colcon.colcon_core.package_identification:_identify(src/timda_sim/timda_description) by extension 'colcon_pkg'
[0.316s] Level 1:colcon.colcon_core.package_identification:_identify(src/timda_sim/timda_description) by extensions ['colcon_meta']
[0.316s] Level 1:colcon.colcon_core.package_identification:_identify(src/timda_sim/timda_description) by extension 'colcon_meta'
[0.317s] Level 1:colcon.colcon_core.package_identification:_identify(src/timda_sim/timda_description) by extensions ['ros']
[0.317s] Level 1:colcon.colcon_core.package_identification:_identify(src/timda_sim/timda_description) by extension 'ros'
[0.317s] DEBUG:colcon.colcon_core.package_identification:Package 'src/timda_sim/timda_description' with type 'ros.ament_cmake' and name 'timda_description'
[0.317s] Level 1:colcon.colcon_core.package_identification:_identify(src/timda_sim/timda_gazebo) by extensions ['ignore', 'ignore_ament_install']
[0.317s] Level 1:colcon.colcon_core.package_identification:_identify(src/timda_sim/timda_gazebo) by extension 'ignore'
[0.317s] Level 1:colcon.colcon_core.package_identification:_identify(src/timda_sim/timda_gazebo) by extension 'ignore_ament_install'
[0.317s] Level 1:colcon.colcon_core.package_identification:_identify(src/timda_sim/timda_gazebo) by extensions ['colcon_pkg']
[0.317s] Level 1:colcon.colcon_core.package_identification:_identify(src/timda_sim/timda_gazebo) by extension 'colcon_pkg'
[0.317s] Level 1:colcon.colcon_core.package_identification:_identify(src/timda_sim/timda_gazebo) by extensions ['colcon_meta']
[0.317s] Level 1:colcon.colcon_core.package_identification:_identify(src/timda_sim/timda_gazebo) by extension 'colcon_meta'
[0.317s] Level 1:colcon.colcon_core.package_identification:_identify(src/timda_sim/timda_gazebo) by extensions ['ros']
[0.317s] Level 1:colcon.colcon_core.package_identification:_identify(src/timda_sim/timda_gazebo) by extension 'ros'
[0.318s] DEBUG:colcon.colcon_core.package_identification:Package 'src/timda_sim/timda_gazebo' with type 'ros.ament_cmake' and name 'timda_gazebo'
[0.318s] Level 1:colcon.colcon_core.package_discovery:discover_packages(recursive) using defaults
[0.318s] Level 1:colcon.colcon_core.package_discovery:discover_packages(ignore) discover
[0.318s] Level 1:colcon.colcon_core.package_discovery:discover_packages(ignore) using defaults
[0.318s] Level 1:colcon.colcon_core.package_discovery:discover_packages(path) discover
[0.318s] Level 1:colcon.colcon_core.package_discovery:discover_packages(path) using defaults
[0.338s] Level 1:colcon.colcon_core.package_discovery:discover_packages(prefix_path) check parameters
[0.338s] Level 1:colcon.colcon_core.package_discovery:discover_packages(prefix_path) discover
[0.340s] DEBUG:colcon.colcon_installed_package_information.package_discovery:Found 278 installed packages in /opt/ros/humble
[0.342s] Level 1:colcon.colcon_core.package_discovery:discover_packages(prefix_path) using defaults
[0.378s] Level 5:colcon.colcon_core.verb:set package 'docking_pkg' build argument 'cmake_args' from command line to 'None'
[0.378s] Level 5:colcon.colcon_core.verb:set package 'docking_pkg' build argument 'cmake_target' from command line to 'None'
[0.378s] Level 5:colcon.colcon_core.verb:set package 'docking_pkg' build argument 'cmake_target_skip_unavailable' from command line to 'False'
[0.378s] Level 5:colcon.colcon_core.verb:set package 'docking_pkg' build argument 'cmake_clean_cache' from command line to 'False'
[0.378s] Level 5:colcon.colcon_core.verb:set package 'docking_pkg' build argument 'cmake_clean_first' from command line to 'False'
[0.378s] Level 5:colcon.colcon_core.verb:set package 'docking_pkg' build argument 'cmake_force_configure' from command line to 'False'
[0.378s] Level 5:colcon.colcon_core.verb:set package 'docking_pkg' build argument 'ament_cmake_args' from command line to 'None'
[0.378s] Level 5:colcon.colcon_core.verb:set package 'docking_pkg' build argument 'catkin_cmake_args' from command line to 'None'
[0.378s] Level 5:colcon.colcon_core.verb:set package 'docking_pkg' build argument 'catkin_skip_building_tests' from command line to 'False'
[0.378s] DEBUG:colcon.colcon_core.verb:Building package 'docking_pkg' with the following arguments: {'ament_cmake_args': None, 'build_base': '/home/eating/work/build/docking_pkg', 'catkin_cmake_args': None, 'catkin_skip_building_tests': False, 'cmake_args': None, 'cmake_clean_cache': False, 'cmake_clean_first': False, 'cmake_force_configure': False, 'cmake_target': None, 'cmake_target_skip_unavailable': False, 'install_base': '/home/eating/work/install/docking_pkg', 'merge_install': False, 'path': '/home/eating/work/src/docking/docking_pkg', 'symlink_install': False, 'test_result_base': None}
[0.379s] Level 5:colcon.colcon_core.verb:set package 'gui_interface' build argument 'cmake_args' from command line to 'None'
[0.379s] Level 5:colcon.colcon_core.verb:set package 'gui_interface' build argument 'cmake_target' from command line to 'None'
[0.379s] Level 5:colcon.colcon_core.verb:set package 'gui_interface' build argument 'cmake_target_skip_unavailable' from command line to 'False'
[0.379s] Level 5:colcon.colcon_core.verb:set package 'gui_interface' build argument 'cmake_clean_cache' from command line to 'False'
[0.379s] Level 5:colcon.colcon_core.verb:set package 'gui_interface' build argument 'cmake_clean_first' from command line to 'False'
[0.379s] Level 5:colcon.colcon_core.verb:set package 'gui_interface' build argument 'cmake_force_configure' from command line to 'False'
[0.379s] Level 5:colcon.colcon_core.verb:set package 'gui_interface' build argument 'ament_cmake_args' from command line to 'None'
[0.379s] Level 5:colcon.colcon_core.verb:set package 'gui_interface' build argument 'catkin_cmake_args' from command line to 'None'
[0.379s] Level 5:colcon.colcon_core.verb:set package 'gui_interface' build argument 'catkin_skip_building_tests' from command line to 'False'
[0.379s] DEBUG:colcon.colcon_core.verb:Building package 'gui_interface' with the following arguments: {'ament_cmake_args': None, 'build_base': '/home/eating/work/build/gui_interface', 'catkin_cmake_args': None, 'catkin_skip_building_tests': False, 'cmake_args': None, 'cmake_clean_cache': False, 'cmake_clean_first': False, 'cmake_force_configure': False, 'cmake_target': None, 'cmake_target_skip_unavailable': False, 'install_base': '/home/eating/work/install/gui_interface', 'merge_install': False, 'path': '/home/eating/work/src/gui/gui_interface', 'symlink_install': False, 'test_result_base': None}
[0.379s] Level 5:colcon.colcon_core.verb:set package 'interface' build argument 'cmake_args' from command line to 'None'
[0.379s] Level 5:colcon.colcon_core.verb:set package 'interface' build argument 'cmake_target' from command line to 'None'
[0.379s] Level 5:colcon.colcon_core.verb:set package 'interface' build argument 'cmake_target_skip_unavailable' from command line to 'False'
[0.379s] Level 5:colcon.colcon_core.verb:set package 'interface' build argument 'cmake_clean_cache' from command line to 'False'
[0.379s] Level 5:colcon.colcon_core.verb:set package 'interface' build argument 'cmake_clean_first' from command line to 'False'
[0.379s] Level 5:colcon.colcon_core.verb:set package 'interface' build argument 'cmake_force_configure' from command line to 'False'
[0.379s] Level 5:colcon.colcon_core.verb:set package 'interface' build argument 'ament_cmake_args' from command line to 'None'
[0.379s] Level 5:colcon.colcon_core.verb:set package 'interface' build argument 'catkin_cmake_args' from command line to 'None'
[0.379s] Level 5:colcon.colcon_core.verb:set package 'interface' build argument 'catkin_skip_building_tests' from command line to 'False'
[0.379s] DEBUG:colcon.colcon_core.verb:Building package 'interface' with the following arguments: {'ament_cmake_args': None, 'build_base': '/home/eating/work/build/interface', 'catkin_cmake_args': None, 'catkin_skip_building_tests': False, 'cmake_args': None, 'cmake_clean_cache': False, 'cmake_clean_first': False, 'cmake_force_configure': False, 'cmake_target': None, 'cmake_target_skip_unavailable': False, 'install_base': '/home/eating/work/install/interface', 'merge_install': False, 'path': '/home/eating/work/src/interface', 'symlink_install': False, 'test_result_base': None}
[0.380s] Level 5:colcon.colcon_core.verb:set package 'ira_laser_tools' build argument 'cmake_args' from command line to 'None'
[0.380s] Level 5:colcon.colcon_core.verb:set package 'ira_laser_tools' build argument 'cmake_target' from command line to 'None'
[0.380s] Level 5:colcon.colcon_core.verb:set package 'ira_laser_tools' build argument 'cmake_target_skip_unavailable' from command line to 'False'
[0.380s] Level 5:colcon.colcon_core.verb:set package 'ira_laser_tools' build argument 'cmake_clean_cache' from command line to 'False'
[0.380s] Level 5:colcon.colcon_core.verb:set package 'ira_laser_tools' build argument 'cmake_clean_first' from command line to 'False'
[0.380s] Level 5:colcon.colcon_core.verb:set package 'ira_laser_tools' build argument 'cmake_force_configure' from command line to 'False'
[0.380s] Level 5:colcon.colcon_core.verb:set package 'ira_laser_tools' build argument 'ament_cmake_args' from command line to 'None'
[0.380s] Level 5:colcon.colcon_core.verb:set package 'ira_laser_tools' build argument 'catkin_cmake_args' from command line to 'None'
[0.380s] Level 5:colcon.colcon_core.verb:set package 'ira_laser_tools' build argument 'catkin_skip_building_tests' from command line to 'False'
[0.380s] DEBUG:colcon.colcon_core.verb:Building package 'ira_laser_tools' with the following arguments: {'ament_cmake_args': None, 'build_base': '/home/eating/work/build/ira_laser_tools', 'catkin_cmake_args': None, 'catkin_skip_building_tests': False, 'cmake_args': None, 'cmake_clean_cache': False, 'cmake_clean_first': False, 'cmake_force_configure': False, 'cmake_target': None, 'cmake_target_skip_unavailable': False, 'install_base': '/home/eating/work/install/ira_laser_tools', 'merge_install': False, 'path': '/home/eating/work/src/ira_laser_tools', 'symlink_install': False, 'test_result_base': None}
[0.380s] Level 5:colcon.colcon_core.verb:set package 'keyboard_control' build argument 'cmake_args' from command line to 'None'
[0.380s] Level 5:colcon.colcon_core.verb:set package 'keyboard_control' build argument 'cmake_target' from command line to 'None'
[0.380s] Level 5:colcon.colcon_core.verb:set package 'keyboard_control' build argument 'cmake_target_skip_unavailable' from command line to 'False'
[0.380s] Level 5:colcon.colcon_core.verb:set package 'keyboard_control' build argument 'cmake_clean_cache' from command line to 'False'
[0.380s] Level 5:colcon.colcon_core.verb:set package 'keyboard_control' build argument 'cmake_clean_first' from command line to 'False'
[0.380s] Level 5:colcon.colcon_core.verb:set package 'keyboard_control' build argument 'cmake_force_configure' from command line to 'False'
[0.380s] Level 5:colcon.colcon_core.verb:set package 'keyboard_control' build argument 'ament_cmake_args' from command line to 'None'
[0.380s] Level 5:colcon.colcon_core.verb:set package 'keyboard_control' build argument 'catkin_cmake_args' from command line to 'None'
[0.380s] Level 5:colcon.colcon_core.verb:set package 'keyboard_control' build argument 'catkin_skip_building_tests' from command line to 'False'
[0.380s] DEBUG:colcon.colcon_core.verb:Building package 'keyboard_control' with the following arguments: {'ament_cmake_args': None, 'build_base': '/home/eating/work/build/keyboard_control', 'catkin_cmake_args': None, 'catkin_skip_building_tests': False, 'cmake_args': None, 'cmake_clean_cache': False, 'cmake_clean_first': False, 'cmake_force_configure': False, 'cmake_target': None, 'cmake_target_skip_unavailable': False, 'install_base': '/home/eating/work/install/keyboard_control', 'merge_install': False, 'path': '/home/eating/work/src/keyboard_control', 'symlink_install': False, 'test_result_base': None}
[0.381s] Level 5:colcon.colcon_core.verb:set package 'linear_move' build argument 'cmake_args' from command line to 'None'
[0.381s] Level 5:colcon.colcon_core.verb:set package 'linear_move' build argument 'cmake_target' from command line to 'None'
[0.381s] Level 5:colcon.colcon_core.verb:set package 'linear_move' build argument 'cmake_target_skip_unavailable' from command line to 'False'
[0.381s] Level 5:colcon.colcon_core.verb:set package 'linear_move' build argument 'cmake_clean_cache' from command line to 'False'
[0.381s] Level 5:colcon.colcon_core.verb:set package 'linear_move' build argument 'cmake_clean_first' from command line to 'False'
[0.381s] Level 5:colcon.colcon_core.verb:set package 'linear_move' build argument 'cmake_force_configure' from command line to 'False'
[0.381s] Level 5:colcon.colcon_core.verb:set package 'linear_move' build argument 'ament_cmake_args' from command line to 'None'
[0.381s] Level 5:colcon.colcon_core.verb:set package 'linear_move' build argument 'catkin_cmake_args' from command line to 'None'
[0.381s] Level 5:colcon.colcon_core.verb:set package 'linear_move' build argument 'catkin_skip_building_tests' from command line to 'False'
[0.381s] DEBUG:colcon.colcon_core.verb:Building package 'linear_move' with the following arguments: {'ament_cmake_args': None, 'build_base': '/home/eating/work/build/linear_move', 'catkin_cmake_args': None, 'catkin_skip_building_tests': False, 'cmake_args': None, 'cmake_clean_cache': False, 'cmake_clean_first': False, 'cmake_force_configure': False, 'cmake_target': None, 'cmake_target_skip_unavailable': False, 'install_base': '/home/eating/work/install/linear_move', 'merge_install': False, 'path': '/home/eating/work/src/linear_move', 'symlink_install': False, 'test_result_base': None}
[0.381s] Level 5:colcon.colcon_core.verb:set package 'mecanum' build argument 'cmake_args' from command line to 'None'
[0.381s] Level 5:colcon.colcon_core.verb:set package 'mecanum' build argument 'cmake_target' from command line to 'None'
[0.381s] Level 5:colcon.colcon_core.verb:set package 'mecanum' build argument 'cmake_target_skip_unavailable' from command line to 'False'
[0.381s] Level 5:colcon.colcon_core.verb:set package 'mecanum' build argument 'cmake_clean_cache' from command line to 'False'
[0.381s] Level 5:colcon.colcon_core.verb:set package 'mecanum' build argument 'cmake_clean_first' from command line to 'False'
[0.381s] Level 5:colcon.colcon_core.verb:set package 'mecanum' build argument 'cmake_force_configure' from command line to 'False'
[0.381s] Level 5:colcon.colcon_core.verb:set package 'mecanum' build argument 'ament_cmake_args' from command line to 'None'
[0.381s] Level 5:colcon.colcon_core.verb:set package 'mecanum' build argument 'catkin_cmake_args' from command line to 'None'
[0.381s] Level 5:colcon.colcon_core.verb:set package 'mecanum' build argument 'catkin_skip_building_tests' from command line to 'False'
[0.381s] DEBUG:colcon.colcon_core.verb:Building package 'mecanum' with the following arguments: {'ament_cmake_args': None, 'build_base': '/home/eating/work/build/mecanum', 'catkin_cmake_args': None, 'catkin_skip_building_tests': False, 'cmake_args': None, 'cmake_clean_cache': False, 'cmake_clean_first': False, 'cmake_force_configure': False, 'cmake_target': None, 'cmake_target_skip_unavailable': False, 'install_base': '/home/eating/work/install/mecanum', 'merge_install': False, 'path': '/home/eating/work/src/mecanum', 'symlink_install': False, 'test_result_base': None}
[0.382s] Level 5:colcon.colcon_core.verb:set package 'mobile_description' build argument 'cmake_args' from command line to 'None'
[0.382s] Level 5:colcon.colcon_core.verb:set package 'mobile_description' build argument 'cmake_target' from command line to 'None'
[0.382s] Level 5:colcon.colcon_core.verb:set package 'mobile_description' build argument 'cmake_target_skip_unavailable' from command line to 'False'
[0.382s] Level 5:colcon.colcon_core.verb:set package 'mobile_description' build argument 'cmake_clean_cache' from command line to 'False'
[0.382s] Level 5:colcon.colcon_core.verb:set package 'mobile_description' build argument 'cmake_clean_first' from command line to 'False'
[0.382s] Level 5:colcon.colcon_core.verb:set package 'mobile_description' build argument 'cmake_force_configure' from command line to 'False'
[0.382s] Level 5:colcon.colcon_core.verb:set package 'mobile_description' build argument 'ament_cmake_args' from command line to 'None'
[0.382s] Level 5:colcon.colcon_core.verb:set package 'mobile_description' build argument 'catkin_cmake_args' from command line to 'None'
[0.382s] Level 5:colcon.colcon_core.verb:set package 'mobile_description' build argument 'catkin_skip_building_tests' from command line to 'False'
[0.382s] DEBUG:colcon.colcon_core.verb:Building package 'mobile_description' with the following arguments: {'ament_cmake_args': None, 'build_base': '/home/eating/work/build/mobile_description', 'catkin_cmake_args': None, 'catkin_skip_building_tests': False, 'cmake_args': None, 'cmake_clean_cache': False, 'cmake_clean_first': False, 'cmake_force_configure': False, 'cmake_target': None, 'cmake_target_skip_unavailable': False, 'install_base': '/home/eating/work/install/mobile_description', 'merge_install': False, 'path': '/home/eating/work/src/timda_sim/mobile_description', 'symlink_install': False, 'test_result_base': None}
[0.382s] Level 5:colcon.colcon_core.verb:set package 'pallet_interfaces' build argument 'cmake_args' from command line to 'None'
[0.382s] Level 5:colcon.colcon_core.verb:set package 'pallet_interfaces' build argument 'cmake_target' from command line to 'None'
[0.382s] Level 5:colcon.colcon_core.verb:set package 'pallet_interfaces' build argument 'cmake_target_skip_unavailable' from command line to 'False'
[0.382s] Level 5:colcon.colcon_core.verb:set package 'pallet_interfaces' build argument 'cmake_clean_cache' from command line to 'False'
[0.382s] Level 5:colcon.colcon_core.verb:set package 'pallet_interfaces' build argument 'cmake_clean_first' from command line to 'False'
[0.382s] Level 5:colcon.colcon_core.verb:set package 'pallet_interfaces' build argument 'cmake_force_configure' from command line to 'False'
[0.382s] Level 5:colcon.colcon_core.verb:set package 'pallet_interfaces' build argument 'ament_cmake_args' from command line to 'None'
[0.382s] Level 5:colcon.colcon_core.verb:set package 'pallet_interfaces' build argument 'catkin_cmake_args' from command line to 'None'
[0.382s] Level 5:colcon.colcon_core.verb:set package 'pallet_interfaces' build argument 'catkin_skip_building_tests' from command line to 'False'
[0.382s] DEBUG:colcon.colcon_core.verb:Building package 'pallet_interfaces' with the following arguments: {'ament_cmake_args': None, 'build_base': '/home/eating/work/build/pallet_interfaces', 'catkin_cmake_args': None, 'catkin_skip_building_tests': False, 'cmake_args': None, 'cmake_clean_cache': False, 'cmake_clean_first': False, 'cmake_force_configure': False, 'cmake_target': None, 'cmake_target_skip_unavailable': False, 'install_base': '/home/eating/work/install/pallet_interfaces', 'merge_install': False, 'path': '/home/eating/work/src/pallet/pallet_interfaces', 'symlink_install': False, 'test_result_base': None}
[0.383s] Level 5:colcon.colcon_core.verb:set package 'pallet_main' build argument 'cmake_args' from command line to 'None'
[0.383s] Level 5:colcon.colcon_core.verb:set package 'pallet_main' build argument 'cmake_target' from command line to 'None'
[0.383s] Level 5:colcon.colcon_core.verb:set package 'pallet_main' build argument 'cmake_target_skip_unavailable' from command line to 'False'
[0.383s] Level 5:colcon.colcon_core.verb:set package 'pallet_main' build argument 'cmake_clean_cache' from command line to 'False'
[0.383s] Level 5:colcon.colcon_core.verb:set package 'pallet_main' build argument 'cmake_clean_first' from command line to 'False'
[0.383s] Level 5:colcon.colcon_core.verb:set package 'pallet_main' build argument 'cmake_force_configure' from command line to 'False'
[0.383s] Level 5:colcon.colcon_core.verb:set package 'pallet_main' build argument 'ament_cmake_args' from command line to 'None'
[0.383s] Level 5:colcon.colcon_core.verb:set package 'pallet_main' build argument 'catkin_cmake_args' from command line to 'None'
[0.383s] Level 5:colcon.colcon_core.verb:set package 'pallet_main' build argument 'catkin_skip_building_tests' from command line to 'False'
[0.383s] DEBUG:colcon.colcon_core.verb:Building package 'pallet_main' with the following arguments: {'ament_cmake_args': None, 'build_base': '/home/eating/work/build/pallet_main', 'catkin_cmake_args': None, 'catkin_skip_building_tests': False, 'cmake_args': None, 'cmake_clean_cache': False, 'cmake_clean_first': False, 'cmake_force_configure': False, 'cmake_target': None, 'cmake_target_skip_unavailable': False, 'install_base': '/home/eating/work/install/pallet_main', 'merge_install': False, 'path': '/home/eating/work/src/pallet/pallet_main', 'symlink_install': False, 'test_result_base': None}
[0.383s] Level 5:colcon.colcon_core.verb:set package 'realsense2_camera_msgs' build argument 'cmake_args' from command line to 'None'
[0.383s] Level 5:colcon.colcon_core.verb:set package 'realsense2_camera_msgs' build argument 'cmake_target' from command line to 'None'
[0.383s] Level 5:colcon.colcon_core.verb:set package 'realsense2_camera_msgs' build argument 'cmake_target_skip_unavailable' from command line to 'False'
[0.383s] Level 5:colcon.colcon_core.verb:set package 'realsense2_camera_msgs' build argument 'cmake_clean_cache' from command line to 'False'
[0.383s] Level 5:colcon.colcon_core.verb:set package 'realsense2_camera_msgs' build argument 'cmake_clean_first' from command line to 'False'
[0.383s] Level 5:colcon.colcon_core.verb:set package 'realsense2_camera_msgs' build argument 'cmake_force_configure' from command line to 'False'
[0.383s] Level 5:colcon.colcon_core.verb:set package 'realsense2_camera_msgs' build argument 'ament_cmake_args' from command line to 'None'
[0.383s] Level 5:colcon.colcon_core.verb:set package 'realsense2_camera_msgs' build argument 'catkin_cmake_args' from command line to 'None'
[0.383s] Level 5:colcon.colcon_core.verb:set package 'realsense2_camera_msgs' build argument 'catkin_skip_building_tests' from command line to 'False'
[0.383s] DEBUG:colcon.colcon_core.verb:Building package 'realsense2_camera_msgs' with the following arguments: {'ament_cmake_args': None, 'build_base': '/home/eating/work/build/realsense2_camera_msgs', 'catkin_cmake_args': None, 'catkin_skip_building_tests': False, 'cmake_args': None, 'cmake_clean_cache': False, 'cmake_clean_first': False, 'cmake_force_configure': False, 'cmake_target': None, 'cmake_target_skip_unavailable': False, 'install_base': '/home/eating/work/install/realsense2_camera_msgs', 'merge_install': False, 'path': '/home/eating/work/src/docking/realsense-ros/realsense2_camera_msgs', 'symlink_install': False, 'test_result_base': None}
[0.384s] Level 5:colcon.colcon_core.verb:set package 'robot_arm_description' build argument 'cmake_args' from command line to 'None'
[0.384s] Level 5:colcon.colcon_core.verb:set package 'robot_arm_description' build argument 'cmake_target' from command line to 'None'
[0.384s] Level 5:colcon.colcon_core.verb:set package 'robot_arm_description' build argument 'cmake_target_skip_unavailable' from command line to 'False'
[0.384s] Level 5:colcon.colcon_core.verb:set package 'robot_arm_description' build argument 'cmake_clean_cache' from command line to 'False'
[0.384s] Level 5:colcon.colcon_core.verb:set package 'robot_arm_description' build argument 'cmake_clean_first' from command line to 'False'
[0.384s] Level 5:colcon.colcon_core.verb:set package 'robot_arm_description' build argument 'cmake_force_configure' from command line to 'False'
[0.384s] Level 5:colcon.colcon_core.verb:set package 'robot_arm_description' build argument 'ament_cmake_args' from command line to 'None'
[0.384s] Level 5:colcon.colcon_core.verb:set package 'robot_arm_description' build argument 'catkin_cmake_args' from command line to 'None'
[0.384s] Level 5:colcon.colcon_core.verb:set package 'robot_arm_description' build argument 'catkin_skip_building_tests' from command line to 'False'
[0.384s] DEBUG:colcon.colcon_core.verb:Building package 'robot_arm_description' with the following arguments: {'ament_cmake_args': None, 'build_base': '/home/eating/work/build/robot_arm_description', 'catkin_cmake_args': None, 'catkin_skip_building_tests': False, 'cmake_args': None, 'cmake_clean_cache': False, 'cmake_clean_first': False, 'cmake_force_configure': False, 'cmake_target': None, 'cmake_target_skip_unavailable': False, 'install_base': '/home/eating/work/install/robot_arm_description', 'merge_install': False, 'path': '/home/eating/work/src/timda_sim/robot_arm_description', 'symlink_install': False, 'test_result_base': None}
[0.384s] Level 5:colcon.colcon_core.verb:set package 'suction_description' build argument 'cmake_args' from command line to 'None'
[0.384s] Level 5:colcon.colcon_core.verb:set package 'suction_description' build argument 'cmake_target' from command line to 'None'
[0.384s] Level 5:colcon.colcon_core.verb:set package 'suction_description' build argument 'cmake_target_skip_unavailable' from command line to 'False'
[0.384s] Level 5:colcon.colcon_core.verb:set package 'suction_description' build argument 'cmake_clean_cache' from command line to 'False'
[0.384s] Level 5:colcon.colcon_core.verb:set package 'suction_description' build argument 'cmake_clean_first' from command line to 'False'
[0.384s] Level 5:colcon.colcon_core.verb:set package 'suction_description' build argument 'cmake_force_configure' from command line to 'False'
[0.384s] Level 5:colcon.colcon_core.verb:set package 'suction_description' build argument 'ament_cmake_args' from command line to 'None'
[0.384s] Level 5:colcon.colcon_core.verb:set package 'suction_description' build argument 'catkin_cmake_args' from command line to 'None'
[0.384s] Level 5:colcon.colcon_core.verb:set package 'suction_description' build argument 'catkin_skip_building_tests' from command line to 'False'
[0.384s] DEBUG:colcon.colcon_core.verb:Building package 'suction_description' with the following arguments: {'ament_cmake_args': None, 'build_base': '/home/eating/work/build/suction_description', 'catkin_cmake_args': None, 'catkin_skip_building_tests': False, 'cmake_args': None, 'cmake_clean_cache': False, 'cmake_clean_first': False, 'cmake_force_configure': False, 'cmake_target': None, 'cmake_target_skip_unavailable': False, 'install_base': '/home/eating/work/install/suction_description', 'merge_install': False, 'path': '/home/eating/work/src/timda_sim/suction_description', 'symlink_install': False, 'test_result_base': None}
[0.385s] Level 5:colcon.colcon_core.verb:set package 'timda_body_description' build argument 'cmake_args' from command line to 'None'
[0.385s] Level 5:colcon.colcon_core.verb:set package 'timda_body_description' build argument 'cmake_target' from command line to 'None'
[0.385s] Level 5:colcon.colcon_core.verb:set package 'timda_body_description' build argument 'cmake_target_skip_unavailable' from command line to 'False'
[0.385s] Level 5:colcon.colcon_core.verb:set package 'timda_body_description' build argument 'cmake_clean_cache' from command line to 'False'
[0.385s] Level 5:colcon.colcon_core.verb:set package 'timda_body_description' build argument 'cmake_clean_first' from command line to 'False'
[0.385s] Level 5:colcon.colcon_core.verb:set package 'timda_body_description' build argument 'cmake_force_configure' from command line to 'False'
[0.385s] Level 5:colcon.colcon_core.verb:set package 'timda_body_description' build argument 'ament_cmake_args' from command line to 'None'
[0.385s] Level 5:colcon.colcon_core.verb:set package 'timda_body_description' build argument 'catkin_cmake_args' from command line to 'None'
[0.385s] Level 5:colcon.colcon_core.verb:set package 'timda_body_description' build argument 'catkin_skip_building_tests' from command line to 'False'
[0.385s] DEBUG:colcon.colcon_core.verb:Building package 'timda_body_description' with the following arguments: {'ament_cmake_args': None, 'build_base': '/home/eating/work/build/timda_body_description', 'catkin_cmake_args': None, 'catkin_skip_building_tests': False, 'cmake_args': None, 'cmake_clean_cache': False, 'cmake_clean_first': False, 'cmake_force_configure': False, 'cmake_target': None, 'cmake_target_skip_unavailable': False, 'install_base': '/home/eating/work/install/timda_body_description', 'merge_install': False, 'path': '/home/eating/work/src/timda_sim/timda_body_description', 'symlink_install': False, 'test_result_base': None}
[0.385s] Level 5:colcon.colcon_core.verb:set package 'timda_bringup' build argument 'cmake_args' from command line to 'None'
[0.385s] Level 5:colcon.colcon_core.verb:set package 'timda_bringup' build argument 'cmake_target' from command line to 'None'
[0.385s] Level 5:colcon.colcon_core.verb:set package 'timda_bringup' build argument 'cmake_target_skip_unavailable' from command line to 'False'
[0.385s] Level 5:colcon.colcon_core.verb:set package 'timda_bringup' build argument 'cmake_clean_cache' from command line to 'False'
[0.385s] Level 5:colcon.colcon_core.verb:set package 'timda_bringup' build argument 'cmake_clean_first' from command line to 'False'
[0.385s] Level 5:colcon.colcon_core.verb:set package 'timda_bringup' build argument 'cmake_force_configure' from command line to 'False'
[0.385s] Level 5:colcon.colcon_core.verb:set package 'timda_bringup' build argument 'ament_cmake_args' from command line to 'None'
[0.385s] Level 5:colcon.colcon_core.verb:set package 'timda_bringup' build argument 'catkin_cmake_args' from command line to 'None'
[0.385s] Level 5:colcon.colcon_core.verb:set package 'timda_bringup' build argument 'catkin_skip_building_tests' from command line to 'False'
[0.385s] DEBUG:colcon.colcon_core.verb:Building package 'timda_bringup' with the following arguments: {'ament_cmake_args': None, 'build_base': '/home/eating/work/build/timda_bringup', 'catkin_cmake_args': None, 'catkin_skip_building_tests': False, 'cmake_args': None, 'cmake_clean_cache': False, 'cmake_clean_first': False, 'cmake_force_configure': False, 'cmake_target': None, 'cmake_target_skip_unavailable': False, 'install_base': '/home/eating/work/install/timda_bringup', 'merge_install': False, 'path': '/home/eating/work/src/timda_bringup', 'symlink_install': False, 'test_result_base': None}
[0.386s] Level 5:colcon.colcon_core.verb:set package 'timda_description' build argument 'cmake_args' from command line to 'None'
[0.386s] Level 5:colcon.colcon_core.verb:set package 'timda_description' build argument 'cmake_target' from command line to 'None'
[0.386s] Level 5:colcon.colcon_core.verb:set package 'timda_description' build argument 'cmake_target_skip_unavailable' from command line to 'False'
[0.386s] Level 5:colcon.colcon_core.verb:set package 'timda_description' build argument 'cmake_clean_cache' from command line to 'False'
[0.386s] Level 5:colcon.colcon_core.verb:set package 'timda_description' build argument 'cmake_clean_first' from command line to 'False'
[0.386s] Level 5:colcon.colcon_core.verb:set package 'timda_description' build argument 'cmake_force_configure' from command line to 'False'
[0.386s] Level 5:colcon.colcon_core.verb:set package 'timda_description' build argument 'ament_cmake_args' from command line to 'None'
[0.386s] Level 5:colcon.colcon_core.verb:set package 'timda_description' build argument 'catkin_cmake_args' from command line to 'None'
[0.386s] Level 5:colcon.colcon_core.verb:set package 'timda_description' build argument 'catkin_skip_building_tests' from command line to 'False'
[0.386s] DEBUG:colcon.colcon_core.verb:Building package 'timda_description' with the following arguments: {'ament_cmake_args': None, 'build_base': '/home/eating/work/build/timda_description', 'catkin_cmake_args': None, 'catkin_skip_building_tests': False, 'cmake_args': None, 'cmake_clean_cache': False, 'cmake_clean_first': False, 'cmake_force_configure': False, 'cmake_target': None, 'cmake_target_skip_unavailable': False, 'install_base': '/home/eating/work/install/timda_description', 'merge_install': False, 'path': '/home/eating/work/src/timda_sim/timda_description', 'symlink_install': False, 'test_result_base': None}
[0.386s] Level 5:colcon.colcon_core.verb:set package 'timda_gazebo' build argument 'cmake_args' from command line to 'None'
[0.386s] Level 5:colcon.colcon_core.verb:set package 'timda_gazebo' build argument 'cmake_target' from command line to 'None'
[0.386s] Level 5:colcon.colcon_core.verb:set package 'timda_gazebo' build argument 'cmake_target_skip_unavailable' from command line to 'False'
[0.386s] Level 5:colcon.colcon_core.verb:set package 'timda_gazebo' build argument 'cmake_clean_cache' from command line to 'False'
[0.386s] Level 5:colcon.colcon_core.verb:set package 'timda_gazebo' build argument 'cmake_clean_first' from command line to 'False'
[0.386s] Level 5:colcon.colcon_core.verb:set package 'timda_gazebo' build argument 'cmake_force_configure' from command line to 'False'
[0.386s] Level 5:colcon.colcon_core.verb:set package 'timda_gazebo' build argument 'ament_cmake_args' from command line to 'None'
[0.386s] Level 5:colcon.colcon_core.verb:set package 'timda_gazebo' build argument 'catkin_cmake_args' from command line to 'None'
[0.386s] Level 5:colcon.colcon_core.verb:set package 'timda_gazebo' build argument 'catkin_skip_building_tests' from command line to 'False'
[0.386s] DEBUG:colcon.colcon_core.verb:Building package 'timda_gazebo' with the following arguments: {'ament_cmake_args': None, 'build_base': '/home/eating/work/build/timda_gazebo', 'catkin_cmake_args': None, 'catkin_skip_building_tests': False, 'cmake_args': None, 'cmake_clean_cache': False, 'cmake_clean_first': False, 'cmake_force_configure': False, 'cmake_target': None, 'cmake_target_skip_unavailable': False, 'install_base': '/home/eating/work/install/timda_gazebo', 'merge_install': False, 'path': '/home/eating/work/src/timda_sim/timda_gazebo', 'symlink_install': False, 'test_result_base': None}
[0.387s] Level 5:colcon.colcon_core.verb:set package 'gui' build argument 'cmake_args' from command line to 'None'
[0.387s] Level 5:colcon.colcon_core.verb:set package 'gui' build argument 'cmake_target' from command line to 'None'
[0.387s] Level 5:colcon.colcon_core.verb:set package 'gui' build argument 'cmake_target_skip_unavailable' from command line to 'False'
[0.387s] Level 5:colcon.colcon_core.verb:set package 'gui' build argument 'cmake_clean_cache' from command line to 'False'
[0.387s] Level 5:colcon.colcon_core.verb:set package 'gui' build argument 'cmake_clean_first' from command line to 'False'
[0.387s] Level 5:colcon.colcon_core.verb:set package 'gui' build argument 'cmake_force_configure' from command line to 'False'
[0.387s] Level 5:colcon.colcon_core.verb:set package 'gui' build argument 'ament_cmake_args' from command line to 'None'
[0.387s] Level 5:colcon.colcon_core.verb:set package 'gui' build argument 'catkin_cmake_args' from command line to 'None'
[0.387s] Level 5:colcon.colcon_core.verb:set package 'gui' build argument 'catkin_skip_building_tests' from command line to 'False'
[0.387s] DEBUG:colcon.colcon_core.verb:Building package 'gui' with the following arguments: {'ament_cmake_args': None, 'build_base': '/home/eating/work/build/gui', 'catkin_cmake_args': None, 'catkin_skip_building_tests': False, 'cmake_args': None, 'cmake_clean_cache': False, 'cmake_clean_first': False, 'cmake_force_configure': False, 'cmake_target': None, 'cmake_target_skip_unavailable': False, 'install_base': '/home/eating/work/install/gui', 'merge_install': False, 'path': '/home/eating/work/src/gui/gui', 'symlink_install': False, 'test_result_base': None}
[0.387s] Level 5:colcon.colcon_core.verb:set package 'main_control' build argument 'cmake_args' from command line to 'None'
[0.387s] Level 5:colcon.colcon_core.verb:set package 'main_control' build argument 'cmake_target' from command line to 'None'
[0.387s] Level 5:colcon.colcon_core.verb:set package 'main_control' build argument 'cmake_target_skip_unavailable' from command line to 'False'
[0.387s] Level 5:colcon.colcon_core.verb:set package 'main_control' build argument 'cmake_clean_cache' from command line to 'False'
[0.387s] Level 5:colcon.colcon_core.verb:set package 'main_control' build argument 'cmake_clean_first' from command line to 'False'
[0.387s] Level 5:colcon.colcon_core.verb:set package 'main_control' build argument 'cmake_force_configure' from command line to 'False'
[0.387s] Level 5:colcon.colcon_core.verb:set package 'main_control' build argument 'ament_cmake_args' from command line to 'None'
[0.387s] Level 5:colcon.colcon_core.verb:set package 'main_control' build argument 'catkin_cmake_args' from command line to 'None'
[0.387s] Level 5:colcon.colcon_core.verb:set package 'main_control' build argument 'catkin_skip_building_tests' from command line to 'False'
[0.387s] DEBUG:colcon.colcon_core.verb:Building package 'main_control' with the following arguments: {'ament_cmake_args': None, 'build_base': '/home/eating/work/build/main_control', 'catkin_cmake_args': None, 'catkin_skip_building_tests': False, 'cmake_args': None, 'cmake_clean_cache': False, 'cmake_clean_first': False, 'cmake_force_configure': False, 'cmake_target': None, 'cmake_target_skip_unavailable': False, 'install_base': '/home/eating/work/install/main_control', 'merge_install': False, 'path': '/home/eating/work/src/main_control/main_control', 'symlink_install': False, 'test_result_base': None}
[0.388s] Level 5:colcon.colcon_core.verb:set package 'realsense2_camera' build argument 'cmake_args' from command line to 'None'
[0.388s] Level 5:colcon.colcon_core.verb:set package 'realsense2_camera' build argument 'cmake_target' from command line to 'None'
[0.388s] Level 5:colcon.colcon_core.verb:set package 'realsense2_camera' build argument 'cmake_target_skip_unavailable' from command line to 'False'
[0.388s] Level 5:colcon.colcon_core.verb:set package 'realsense2_camera' build argument 'cmake_clean_cache' from command line to 'False'
[0.388s] Level 5:colcon.colcon_core.verb:set package 'realsense2_camera' build argument 'cmake_clean_first' from command line to 'False'
[0.388s] Level 5:colcon.colcon_core.verb:set package 'realsense2_camera' build argument 'cmake_force_configure' from command line to 'False'
[0.388s] Level 5:colcon.colcon_core.verb:set package 'realsense2_camera' build argument 'ament_cmake_args' from command line to 'None'
[0.388s] Level 5:colcon.colcon_core.verb:set package 'realsense2_camera' build argument 'catkin_cmake_args' from command line to 'None'
[0.388s] Level 5:colcon.colcon_core.verb:set package 'realsense2_camera' build argument 'catkin_skip_building_tests' from command line to 'False'
[0.388s] DEBUG:colcon.colcon_core.verb:Building package 'realsense2_camera' with the following arguments: {'ament_cmake_args': None, 'build_base': '/home/eating/work/build/realsense2_camera', 'catkin_cmake_args': None, 'catkin_skip_building_tests': False, 'cmake_args': None, 'cmake_clean_cache': False, 'cmake_clean_first': False, 'cmake_force_configure': False, 'cmake_target': None, 'cmake_target_skip_unavailable': False, 'install_base': '/home/eating/work/install/realsense2_camera', 'merge_install': False, 'path': '/home/eating/work/src/docking/realsense-ros/realsense2_camera', 'symlink_install': False, 'test_result_base': None}
[0.388s] Level 5:colcon.colcon_core.verb:set package 'realsense2_description' build argument 'cmake_args' from command line to 'None'
[0.388s] Level 5:colcon.colcon_core.verb:set package 'realsense2_description' build argument 'cmake_target' from command line to 'None'
[0.388s] Level 5:colcon.colcon_core.verb:set package 'realsense2_description' build argument 'cmake_target_skip_unavailable' from command line to 'False'
[0.388s] Level 5:colcon.colcon_core.verb:set package 'realsense2_description' build argument 'cmake_clean_cache' from command line to 'False'
[0.388s] Level 5:colcon.colcon_core.verb:set package 'realsense2_description' build argument 'cmake_clean_first' from command line to 'False'
[0.388s] Level 5:colcon.colcon_core.verb:set package 'realsense2_description' build argument 'cmake_force_configure' from command line to 'False'
[0.388s] Level 5:colcon.colcon_core.verb:set package 'realsense2_description' build argument 'ament_cmake_args' from command line to 'None'
[0.388s] Level 5:colcon.colcon_core.verb:set package 'realsense2_description' build argument 'catkin_cmake_args' from command line to 'None'
[0.388s] Level 5:colcon.colcon_core.verb:set package 'realsense2_description' build argument 'catkin_skip_building_tests' from command line to 'False'
[0.388s] DEBUG:colcon.colcon_core.verb:Building package 'realsense2_description' with the following arguments: {'ament_cmake_args': None, 'build_base': '/home/eating/work/build/realsense2_description', 'catkin_cmake_args': None, 'catkin_skip_building_tests': False, 'cmake_args': None, 'cmake_clean_cache': False, 'cmake_clean_first': False, 'cmake_force_configure': False, 'cmake_target': None, 'cmake_target_skip_unavailable': False, 'install_base': '/home/eating/work/install/realsense2_description', 'merge_install': False, 'path': '/home/eating/work/src/docking/realsense-ros/realsense2_description', 'symlink_install': False, 'test_result_base': None}
[0.388s] INFO:colcon.colcon_core.executor:Executing jobs using 'parallel' executor
[0.389s] DEBUG:colcon.colcon_parallel_executor.executor.parallel:run_until_complete
[0.390s] INFO:colcon.colcon_ros.task.ament_cmake.build:Building ROS package in '/home/eating/work/src/gui/gui_interface' with build type 'ament_cmake'
[0.390s] INFO:colcon.colcon_cmake.task.cmake.build:Building CMake package in '/home/eating/work/src/gui/gui_interface'
[0.392s] INFO:colcon.colcon_core.plugin_system:Skipping extension 'colcon_core.shell.bat': Not used on non-Windows systems
[0.392s] INFO:colcon.colcon_core.shell:Skip shell extension 'powershell' for command environment: Not usable outside of PowerShell
[0.392s] DEBUG:colcon.colcon_core.shell:Skip shell extension 'dsv' for command environment
[0.395s] INFO:colcon.colcon_ros.task.ament_cmake.build:Building ROS package in '/home/eating/work/src/docking/realsense-ros/realsense2_camera_msgs' with build type 'ament_cmake'
[0.395s] INFO:colcon.colcon_cmake.task.cmake.build:Building CMake package in '/home/eating/work/src/docking/realsense-ros/realsense2_camera_msgs'
[0.395s] INFO:colcon.colcon_core.shell:Skip shell extension 'powershell' for command environment: Not usable outside of PowerShell
[0.395s] DEBUG:colcon.colcon_core.shell:Skip shell extension 'dsv' for command environment
[0.398s] INFO:colcon.colcon_ros.task.ament_cmake.build:Building ROS package in '/home/eating/work/src/interface' with build type 'ament_cmake'
[0.399s] INFO:colcon.colcon_cmake.task.cmake.build:Building CMake package in '/home/eating/work/src/interface'
[0.399s] INFO:colcon.colcon_core.shell:Skip shell extension 'powershell' for command environment: Not usable outside of PowerShell
[0.399s] DEBUG:colcon.colcon_core.shell:Skip shell extension 'dsv' for command environment
[0.403s] INFO:colcon.colcon_ros.task.ament_python.build:Building ROS package in '/home/eating/work/src/docking/docking_pkg' with build type 'ament_python'
[0.403s] Level 1:colcon.colcon_core.shell:create_environment_hook('docking_pkg', 'ament_prefix_path')
[0.403s] INFO:colcon.colcon_core.shell:Creating environment hook '/home/eating/work/install/docking_pkg/share/docking_pkg/hook/ament_prefix_path.ps1'
[0.404s] INFO:colcon.colcon_core.shell:Creating environment descriptor '/home/eating/work/install/docking_pkg/share/docking_pkg/hook/ament_prefix_path.dsv'
[0.405s] INFO:colcon.colcon_core.shell:Creating environment hook '/home/eating/work/install/docking_pkg/share/docking_pkg/hook/ament_prefix_path.sh'
[0.405s] INFO:colcon.colcon_core.shell:Skip shell extension 'powershell' for command environment: Not usable outside of PowerShell
[0.405s] DEBUG:colcon.colcon_core.shell:Skip shell extension 'dsv' for command environment
[0.407s] INFO:colcon.colcon_ros.task.ament_cmake.build:Building ROS package in '/home/eating/work/src/ira_laser_tools' with build type 'ament_cmake'
[0.407s] INFO:colcon.colcon_cmake.task.cmake.build:Building CMake package in '/home/eating/work/src/ira_laser_tools'
[0.408s] INFO:colcon.colcon_core.shell:Skip shell extension 'powershell' for command environment: Not usable outside of PowerShell
[0.408s] DEBUG:colcon.colcon_core.shell:Skip shell extension 'dsv' for command environment
[0.410s] INFO:colcon.colcon_ros.task.ament_cmake.build:Building ROS package in '/home/eating/work/src/keyboard_control' with build type 'ament_cmake'
[0.410s] INFO:colcon.colcon_cmake.task.cmake.build:Building CMake package in '/home/eating/work/src/keyboard_control'
[0.410s] INFO:colcon.colcon_core.shell:Skip shell extension 'powershell' for command environment: Not usable outside of PowerShell
[0.410s] DEBUG:colcon.colcon_core.shell:Skip shell extension 'dsv' for command environment
[0.413s] INFO:colcon.colcon_ros.task.ament_cmake.build:Building ROS package in '/home/eating/work/src/linear_move' with build type 'ament_cmake'
[0.413s] INFO:colcon.colcon_cmake.task.cmake.build:Building CMake package in '/home/eating/work/src/linear_move'
[0.413s] INFO:colcon.colcon_core.shell:Skip shell extension 'powershell' for command environment: Not usable outside of PowerShell
[0.413s] DEBUG:colcon.colcon_core.shell:Skip shell extension 'dsv' for command environment
[0.415s] INFO:colcon.colcon_ros.task.ament_cmake.build:Building ROS package in '/home/eating/work/src/mecanum' with build type 'ament_cmake'
[0.415s] INFO:colcon.colcon_cmake.task.cmake.build:Building CMake package in '/home/eating/work/src/mecanum'
[0.415s] INFO:colcon.colcon_core.shell:Skip shell extension 'powershell' for command environment: Not usable outside of PowerShell
[0.415s] DEBUG:colcon.colcon_core.shell:Skip shell extension 'dsv' for command environment
[0.422s] DEBUG:colcon.colcon_core.event_handler.log_command:Invoking command in '/home/eating/work/build/gui_interface': CMAKE_PREFIX_PATH=/opt/ros/humble /usr/bin/cmake --build /home/eating/work/build/gui_interface -- -j8 -l8
[0.425s] DEBUG:colcon.colcon_core.event_handler.log_command:Invoking command in '/home/eating/work/build/realsense2_camera_msgs': CMAKE_PREFIX_PATH=/opt/ros/humble /usr/bin/cmake --build /home/eating/work/build/realsense2_camera_msgs -- -j8 -l8
[0.428s] DEBUG:colcon.colcon_core.event_handler.log_command:Invoking command in '/home/eating/work/build/interface': CMAKE_PREFIX_PATH=/opt/ros/humble /usr/bin/cmake --build /home/eating/work/build/interface -- -j8 -l8
[0.811s] INFO:colcon.colcon_core.task.python.build:Building Python package in '/home/eating/work/src/docking/docking_pkg'
[0.811s] INFO:colcon.colcon_core.shell:Skip shell extension 'powershell' for command environment: Not usable outside of PowerShell
[0.811s] DEBUG:colcon.colcon_core.shell:Skip shell extension 'dsv' for command environment
[0.819s] DEBUG:colcon.colcon_core.event_handler.log_command:Invoking command in '/home/eating/work/build/ira_laser_tools': CMAKE_PREFIX_PATH=/opt/ros/humble /usr/bin/cmake --build /home/eating/work/build/ira_laser_tools -- -j8 -l8
[0.822s] DEBUG:colcon.colcon_core.event_handler.log_command:Invoking command in '/home/eating/work/build/keyboard_control': CMAKE_PREFIX_PATH=/opt/ros/humble /usr/bin/cmake --build /home/eating/work/build/keyboard_control -- -j8 -l8
[0.826s] DEBUG:colcon.colcon_core.event_handler.log_command:Invoking command in '/home/eating/work/build/linear_move': CMAKE_PREFIX_PATH=/opt/ros/humble /usr/bin/cmake --build /home/eating/work/build/linear_move -- -j8 -l8
[0.830s] DEBUG:colcon.colcon_core.event_handler.log_command:Invoking command in '/home/eating/work/build/mecanum': CMAKE_PREFIX_PATH=/opt/ros/humble /usr/bin/cmake --build /home/eating/work/build/mecanum -- -j8 -l8
[0.897s] DEBUG:colcon.colcon_core.event_handler.log_command:Invoked command in '/home/eating/work/build/gui_interface' returned '0': CMAKE_PREFIX_PATH=/opt/ros/humble /usr/bin/cmake --build /home/eating/work/build/gui_interface -- -j8 -l8
[0.908s] DEBUG:colcon.colcon_core.event_handler.log_command:Invoking command in '/home/eating/work/build/gui_interface': CMAKE_PREFIX_PATH=/opt/ros/humble /usr/bin/cmake --install /home/eating/work/build/gui_interface
[0.918s] DEBUG:colcon.colcon_core.event_handler.log_command:Invoked command in '/home/eating/work/build/realsense2_camera_msgs' returned '0': CMAKE_PREFIX_PATH=/opt/ros/humble /usr/bin/cmake --build /home/eating/work/build/realsense2_camera_msgs -- -j8 -l8
[0.923s] DEBUG:colcon.colcon_core.event_handler.log_command:Invoking command in '/home/eating/work/build/realsense2_camera_msgs': CMAKE_PREFIX_PATH=/opt/ros/humble /usr/bin/cmake --install /home/eating/work/build/realsense2_camera_msgs
[0.935s] DEBUG:colcon.colcon_core.event_handler.log_command:Invoked command in '/home/eating/work/build/keyboard_control' returned '0': CMAKE_PREFIX_PATH=/opt/ros/humble /usr/bin/cmake --build /home/eating/work/build/keyboard_control -- -j8 -l8
[0.936s] DEBUG:colcon.colcon_core.event_handler.log_command:Invoking command in '/home/eating/work/build/keyboard_control': CMAKE_PREFIX_PATH=/opt/ros/humble /usr/bin/cmake --install /home/eating/work/build/keyboard_control
[0.958s] Level 1:colcon.colcon_core.environment:create_environment_scripts_only(keyboard_control)
[0.968s] Level 1:colcon.colcon_core.environment:checking '/home/eating/work/install/keyboard_control' for CMake module files
[0.971s] Level 1:colcon.colcon_core.environment:checking '/home/eating/work/install/keyboard_control' for CMake config files
[0.972s] Level 1:colcon.colcon_core.shell:create_environment_hook('keyboard_control', 'cmake_prefix_path')
[0.973s] INFO:colcon.colcon_core.shell:Creating environment hook '/home/eating/work/install/keyboard_control/share/keyboard_control/hook/cmake_prefix_path.ps1'
[0.974s] INFO:colcon.colcon_core.shell:Creating environment descriptor '/home/eating/work/install/keyboard_control/share/keyboard_control/hook/cmake_prefix_path.dsv'
[0.976s] INFO:colcon.colcon_core.shell:Creating environment hook '/home/eating/work/install/keyboard_control/share/keyboard_control/hook/cmake_prefix_path.sh'
[0.976s] DEBUG:colcon.colcon_core.event_handler.log_command:Invoked command in '/home/eating/work/build/linear_move' returned '0': CMAKE_PREFIX_PATH=/opt/ros/humble /usr/bin/cmake --build /home/eating/work/build/linear_move -- -j8 -l8
[0.977s] DEBUG:colcon.colcon_core.event_handler.log_command:Invoking command in '/home/eating/work/build/linear_move': CMAKE_PREFIX_PATH=/opt/ros/humble /usr/bin/cmake --install /home/eating/work/build/linear_move
[0.977s] DEBUG:colcon.colcon_core.event_handler.log_command:Invoked command in '/home/eating/work/build/ira_laser_tools' returned '0': CMAKE_PREFIX_PATH=/opt/ros/humble /usr/bin/cmake --build /home/eating/work/build/ira_laser_tools -- -j8 -l8
[0.977s] DEBUG:colcon.colcon_core.event_handler.log_command:Invoking command in '/home/eating/work/build/ira_laser_tools': CMAKE_PREFIX_PATH=/opt/ros/humble /usr/bin/cmake --install /home/eating/work/build/ira_laser_tools
[0.978s] DEBUG:colcon.colcon_core.event_handler.log_command:Invoked command in '/home/eating/work/build/mecanum' returned '0': CMAKE_PREFIX_PATH=/opt/ros/humble /usr/bin/cmake --build /home/eating/work/build/mecanum -- -j8 -l8
[0.978s] Level 1:colcon.colcon_core.environment:checking '/home/eating/work/install/keyboard_control/lib'
[0.980s] Level 1:colcon.colcon_core.environment:checking '/home/eating/work/install/keyboard_control/bin'
[0.980s] Level 1:colcon.colcon_core.environment:checking '/home/eating/work/install/keyboard_control/lib/pkgconfig/keyboard_control.pc'
[0.981s] Level 1:colcon.colcon_core.environment:checking '/home/eating/work/install/keyboard_control/lib/python3.10/site-packages'
[0.981s] Level 1:colcon.colcon_core.environment:checking '/home/eating/work/install/keyboard_control/bin'
[0.981s] INFO:colcon.colcon_core.shell:Creating package script '/home/eating/work/install/keyboard_control/share/keyboard_control/package.ps1'
[0.981s] DEBUG:colcon.colcon_core.event_handler.log_command:Invoking command in '/home/eating/work/build/mecanum': CMAKE_PREFIX_PATH=/opt/ros/humble /usr/bin/cmake --install /home/eating/work/build/mecanum
[0.983s] INFO:colcon.colcon_core.shell:Creating package descriptor '/home/eating/work/install/keyboard_control/share/keyboard_control/package.dsv'
[0.983s] DEBUG:colcon.colcon_core.event_handler.log_command:Invoked command in '/home/eating/work/build/keyboard_control' returned '0': CMAKE_PREFIX_PATH=/opt/ros/humble /usr/bin/cmake --install /home/eating/work/build/keyboard_control
[0.984s] INFO:colcon.colcon_core.shell:Creating package script '/home/eating/work/install/keyboard_control/share/keyboard_control/package.sh'
[0.985s] INFO:colcon.colcon_core.shell:Creating package script '/home/eating/work/install/keyboard_control/share/keyboard_control/package.bash'
[0.986s] INFO:colcon.colcon_core.shell:Creating package script '/home/eating/work/install/keyboard_control/share/keyboard_control/package.zsh'
[0.987s] Level 1:colcon.colcon_core.environment:create_file_with_runtime_dependencies(/home/eating/work/install/keyboard_control/share/colcon-core/packages/keyboard_control)
[0.988s] Level 1:colcon.colcon_core.environment:create_environment_scripts_only(keyboard_control)
[0.989s] Level 1:colcon.colcon_core.environment:checking '/home/eating/work/install/keyboard_control' for CMake module files
[0.990s] Level 1:colcon.colcon_core.environment:checking '/home/eating/work/install/keyboard_control' for CMake config files
[0.991s] Level 1:colcon.colcon_core.shell:create_environment_hook('keyboard_control', 'cmake_prefix_path')
[0.991s] INFO:colcon.colcon_core.shell:Creating environment hook '/home/eating/work/install/keyboard_control/share/keyboard_control/hook/cmake_prefix_path.ps1'
[0.992s] INFO:colcon.colcon_core.shell:Creating environment descriptor '/home/eating/work/install/keyboard_control/share/keyboard_control/hook/cmake_prefix_path.dsv'
[0.992s] INFO:colcon.colcon_core.shell:Creating environment hook '/home/eating/work/install/keyboard_control/share/keyboard_control/hook/cmake_prefix_path.sh'
[0.993s] Level 1:colcon.colcon_core.environment:checking '/home/eating/work/install/keyboard_control/lib'
[0.994s] Level 1:colcon.colcon_core.environment:checking '/home/eating/work/install/keyboard_control/bin'
[0.994s] Level 1:colcon.colcon_core.environment:checking '/home/eating/work/install/keyboard_control/lib/pkgconfig/keyboard_control.pc'
[0.994s] Level 1:colcon.colcon_core.environment:checking '/home/eating/work/install/keyboard_control/lib/python3.10/site-packages'
[0.994s] Level 1:colcon.colcon_core.environment:checking '/home/eating/work/install/keyboard_control/bin'
[0.995s] INFO:colcon.colcon_core.shell:Creating package script '/home/eating/work/install/keyboard_control/share/keyboard_control/package.ps1'
[0.995s] INFO:colcon.colcon_core.shell:Creating package descriptor '/home/eating/work/install/keyboard_control/share/keyboard_control/package.dsv'
[0.996s] INFO:colcon.colcon_core.shell:Creating package script '/home/eating/work/install/keyboard_control/share/keyboard_control/package.sh'
[0.997s] INFO:colcon.colcon_core.shell:Creating package script '/home/eating/work/install/keyboard_control/share/keyboard_control/package.bash'
[0.998s] INFO:colcon.colcon_core.shell:Creating package script '/home/eating/work/install/keyboard_control/share/keyboard_control/package.zsh'
[0.999s] Level 1:colcon.colcon_core.environment:create_file_with_runtime_dependencies(/home/eating/work/install/keyboard_control/share/colcon-core/packages/keyboard_control)
[0.999s] Level 1:colcon.colcon_core.environment:create_environment_scripts_only(linear_move)
[0.999s] Level 1:colcon.colcon_core.environment:checking '/home/eating/work/install/linear_move' for CMake module files
[1.000s] Level 1:colcon.colcon_core.environment:checking '/home/eating/work/install/linear_move' for CMake config files
[1.001s] Level 1:colcon.colcon_core.shell:create_environment_hook('linear_move', 'cmake_prefix_path')
[1.001s] INFO:colcon.colcon_core.shell:Creating environment hook '/home/eating/work/install/linear_move/share/linear_move/hook/cmake_prefix_path.ps1'
[1.002s] INFO:colcon.colcon_core.shell:Creating environment descriptor '/home/eating/work/install/linear_move/share/linear_move/hook/cmake_prefix_path.dsv'
[1.003s] INFO:colcon.colcon_core.shell:Creating environment hook '/home/eating/work/install/linear_move/share/linear_move/hook/cmake_prefix_path.sh'
[1.003s] Level 1:colcon.colcon_core.environment:checking '/home/eating/work/install/linear_move/lib'
[1.004s] Level 1:colcon.colcon_core.environment:checking '/home/eating/work/install/linear_move/bin'
[1.004s] Level 1:colcon.colcon_core.environment:checking '/home/eating/work/install/linear_move/lib/pkgconfig/linear_move.pc'
[1.004s] Level 1:colcon.colcon_core.environment:checking '/home/eating/work/install/linear_move/lib/python3.10/site-packages'
[1.004s] Level 1:colcon.colcon_core.environment:checking '/home/eating/work/install/linear_move/bin'
[1.004s] INFO:colcon.colcon_core.shell:Creating package script '/home/eating/work/install/linear_move/share/linear_move/package.ps1'
[1.005s] INFO:colcon.colcon_core.shell:Creating package descriptor '/home/eating/work/install/linear_move/share/linear_move/package.dsv'
[1.006s] INFO:colcon.colcon_core.shell:Creating package script '/home/eating/work/install/linear_move/share/linear_move/package.sh'
[1.006s] INFO:colcon.colcon_core.shell:Creating package script '/home/eating/work/install/linear_move/share/linear_move/package.bash'
[1.007s] INFO:colcon.colcon_core.shell:Creating package script '/home/eating/work/install/linear_move/share/linear_move/package.zsh'
[1.008s] Level 1:colcon.colcon_core.environment:create_file_with_runtime_dependencies(/home/eating/work/install/linear_move/share/colcon-core/packages/linear_move)
[1.009s] Level 1:colcon.colcon_core.environment:create_environment_scripts_only(linear_move)
[1.009s] Level 1:colcon.colcon_core.environment:checking '/home/eating/work/install/linear_move' for CMake module files
[1.010s] Level 1:colcon.colcon_core.environment:checking '/home/eating/work/install/linear_move' for CMake config files
[1.011s] Level 1:colcon.colcon_core.shell:create_environment_hook('linear_move', 'cmake_prefix_path')
[1.011s] INFO:colcon.colcon_core.shell:Creating environment hook '/home/eating/work/install/linear_move/share/linear_move/hook/cmake_prefix_path.ps1'
[1.011s] DEBUG:colcon.colcon_core.event_handler.log_command:Invoked command in '/home/eating/work/build/linear_move' returned '0': CMAKE_PREFIX_PATH=/opt/ros/humble /usr/bin/cmake --install /home/eating/work/build/linear_move
[1.011s] INFO:colcon.colcon_core.shell:Creating environment descriptor '/home/eating/work/install/linear_move/share/linear_move/hook/cmake_prefix_path.dsv'
[1.012s] INFO:colcon.colcon_core.shell:Creating environment hook '/home/eating/work/install/linear_move/share/linear_move/hook/cmake_prefix_path.sh'
[1.012s] Level 1:colcon.colcon_core.environment:checking '/home/eating/work/install/linear_move/lib'
[1.012s] Level 1:colcon.colcon_core.environment:checking '/home/eating/work/install/linear_move/bin'
[1.012s] Level 1:colcon.colcon_core.environment:checking '/home/eating/work/install/linear_move/lib/pkgconfig/linear_move.pc'
[1.013s] Level 1:colcon.colcon_core.environment:checking '/home/eating/work/install/linear_move/lib/python3.10/site-packages'
[1.013s] Level 1:colcon.colcon_core.environment:checking '/home/eating/work/install/linear_move/bin'
[1.013s] INFO:colcon.colcon_core.shell:Creating package script '/home/eating/work/install/linear_move/share/linear_move/package.ps1'
[1.013s] INFO:colcon.colcon_core.shell:Creating package descriptor '/home/eating/work/install/linear_move/share/linear_move/package.dsv'
[1.014s] INFO:colcon.colcon_core.shell:Creating package script '/home/eating/work/install/linear_move/share/linear_move/package.sh'
[1.014s] INFO:colcon.colcon_core.shell:Creating package script '/home/eating/work/install/linear_move/share/linear_move/package.bash'
[1.015s] INFO:colcon.colcon_core.shell:Creating package script '/home/eating/work/install/linear_move/share/linear_move/package.zsh'
[1.015s] Level 1:colcon.colcon_core.environment:create_file_with_runtime_dependencies(/home/eating/work/install/linear_move/share/colcon-core/packages/linear_move)
[1.016s] INFO:colcon.colcon_ros.task.ament_cmake.build:Building ROS package in '/home/eating/work/src/timda_sim/mobile_description' with build type 'ament_cmake'
[1.016s] INFO:colcon.colcon_cmake.task.cmake.build:Building CMake package in '/home/eating/work/src/timda_sim/mobile_description'
[1.016s] INFO:colcon.colcon_core.shell:Skip shell extension 'powershell' for command environment: Not usable outside of PowerShell
[1.016s] DEBUG:colcon.colcon_core.shell:Skip shell extension 'dsv' for command environment
[1.018s] INFO:colcon.colcon_ros.task.ament_cmake.build:Building ROS package in '/home/eating/work/src/pallet/pallet_interfaces' with build type 'ament_cmake'
[1.018s] INFO:colcon.colcon_cmake.task.cmake.build:Building CMake package in '/home/eating/work/src/pallet/pallet_interfaces'
[1.019s] INFO:colcon.colcon_core.shell:Skip shell extension 'powershell' for command environment: Not usable outside of PowerShell
[1.019s] DEBUG:colcon.colcon_core.shell:Skip shell extension 'dsv' for command environment
[1.022s] Level 1:colcon.colcon_core.environment:create_environment_scripts_only(realsense2_camera_msgs)
[1.023s] Level 1:colcon.colcon_core.environment:checking '/home/eating/work/install/realsense2_camera_msgs' for CMake module files
[1.023s] DEBUG:colcon.colcon_core.event_handler.log_command:Invoked command in '/home/eating/work/build/realsense2_camera_msgs' returned '0': CMAKE_PREFIX_PATH=/opt/ros/humble /usr/bin/cmake --install /home/eating/work/build/realsense2_camera_msgs
[1.024s] Level 1:colcon.colcon_core.environment:checking '/home/eating/work/install/realsense2_camera_msgs' for CMake config files
[1.024s] Level 1:colcon.colcon_core.shell:create_environment_hook('realsense2_camera_msgs', 'cmake_prefix_path')
[1.024s] INFO:colcon.colcon_core.shell:Creating environment hook '/home/eating/work/install/realsense2_camera_msgs/share/realsense2_camera_msgs/hook/cmake_prefix_path.ps1'
[1.025s] INFO:colcon.colcon_core.shell:Creating environment descriptor '/home/eating/work/install/realsense2_camera_msgs/share/realsense2_camera_msgs/hook/cmake_prefix_path.dsv'
[1.025s] INFO:colcon.colcon_core.shell:Creating environment hook '/home/eating/work/install/realsense2_camera_msgs/share/realsense2_camera_msgs/hook/cmake_prefix_path.sh'
[1.026s] Level 1:colcon.colcon_core.environment:checking '/home/eating/work/install/realsense2_camera_msgs/lib'
[1.026s] Level 1:colcon.colcon_core.shell:create_environment_hook('realsense2_camera_msgs', 'ld_library_path_lib')
[1.026s] INFO:colcon.colcon_core.shell:Creating environment hook '/home/eating/work/install/realsense2_camera_msgs/share/realsense2_camera_msgs/hook/ld_library_path_lib.ps1'
[1.026s] INFO:colcon.colcon_core.shell:Creating environment descriptor '/home/eating/work/install/realsense2_camera_msgs/share/realsense2_camera_msgs/hook/ld_library_path_lib.dsv'
[1.027s] INFO:colcon.colcon_core.shell:Creating environment hook '/home/eating/work/install/realsense2_camera_msgs/share/realsense2_camera_msgs/hook/ld_library_path_lib.sh'
[1.027s] Level 1:colcon.colcon_core.environment:checking '/home/eating/work/install/realsense2_camera_msgs/bin'
[1.027s] Level 1:colcon.colcon_core.environment:checking '/home/eating/work/install/realsense2_camera_msgs/lib/pkgconfig/realsense2_camera_msgs.pc'
[1.027s] Level 1:colcon.colcon_core.environment:checking '/home/eating/work/install/realsense2_camera_msgs/lib/python3.10/site-packages'
[1.027s] Level 1:colcon.colcon_core.environment:checking '/home/eating/work/install/realsense2_camera_msgs/bin'
[1.028s] INFO:colcon.colcon_core.shell:Creating package script '/home/eating/work/install/realsense2_camera_msgs/share/realsense2_camera_msgs/package.ps1'
[1.028s] INFO:colcon.colcon_core.shell:Creating package descriptor '/home/eating/work/install/realsense2_camera_msgs/share/realsense2_camera_msgs/package.dsv'
[1.029s] INFO:colcon.colcon_core.shell:Creating package script '/home/eating/work/install/realsense2_camera_msgs/share/realsense2_camera_msgs/package.sh'
[1.029s] INFO:colcon.colcon_core.shell:Creating package script '/home/eating/work/install/realsense2_camera_msgs/share/realsense2_camera_msgs/package.bash'
[1.029s] INFO:colcon.colcon_core.shell:Creating package script '/home/eating/work/install/realsense2_camera_msgs/share/realsense2_camera_msgs/package.zsh'
[1.030s] Level 1:colcon.colcon_core.environment:create_file_with_runtime_dependencies(/home/eating/work/install/realsense2_camera_msgs/share/colcon-core/packages/realsense2_camera_msgs)
[1.030s] Level 1:colcon.colcon_core.environment:create_environment_scripts_only(realsense2_camera_msgs)
[1.030s] Level 1:colcon.colcon_core.environment:checking '/home/eating/work/install/realsense2_camera_msgs' for CMake module files
[1.031s] Level 1:colcon.colcon_core.environment:checking '/home/eating/work/install/realsense2_camera_msgs' for CMake config files
[1.031s] Level 1:colcon.colcon_core.shell:create_environment_hook('realsense2_camera_msgs', 'cmake_prefix_path')
[1.032s] INFO:colcon.colcon_core.shell:Creating environment hook '/home/eating/work/install/realsense2_camera_msgs/share/realsense2_camera_msgs/hook/cmake_prefix_path.ps1'
[1.032s] INFO:colcon.colcon_core.shell:Creating environment descriptor '/home/eating/work/install/realsense2_camera_msgs/share/realsense2_camera_msgs/hook/cmake_prefix_path.dsv'
[1.032s] INFO:colcon.colcon_core.shell:Creating environment hook '/home/eating/work/install/realsense2_camera_msgs/share/realsense2_camera_msgs/hook/cmake_prefix_path.sh'
[1.033s] Level 1:colcon.colcon_core.environment:checking '/home/eating/work/install/realsense2_camera_msgs/lib'
[1.033s] Level 1:colcon.colcon_core.shell:create_environment_hook('realsense2_camera_msgs', 'ld_library_path_lib')
[1.033s] INFO:colcon.colcon_core.shell:Creating environment hook '/home/eating/work/install/realsense2_camera_msgs/share/realsense2_camera_msgs/hook/ld_library_path_lib.ps1'
[1.033s] INFO:colcon.colcon_core.shell:Creating environment descriptor '/home/eating/work/install/realsense2_camera_msgs/share/realsense2_camera_msgs/hook/ld_library_path_lib.dsv'
[1.033s] INFO:colcon.colcon_core.shell:Creating environment hook '/home/eating/work/install/realsense2_camera_msgs/share/realsense2_camera_msgs/hook/ld_library_path_lib.sh'
[1.034s] Level 1:colcon.colcon_core.environment:checking '/home/eating/work/install/realsense2_camera_msgs/bin'
[1.034s] Level 1:colcon.colcon_core.environment:checking '/home/eating/work/install/realsense2_camera_msgs/lib/pkgconfig/realsense2_camera_msgs.pc'
[1.034s] Level 1:colcon.colcon_core.environment:checking '/home/eating/work/install/realsense2_camera_msgs/lib/python3.10/site-packages'
[1.034s] Level 1:colcon.colcon_core.environment:checking '/home/eating/work/install/realsense2_camera_msgs/bin'
[1.035s] INFO:colcon.colcon_core.shell:Creating package script '/home/eating/work/install/realsense2_camera_msgs/share/realsense2_camera_msgs/package.ps1'
[1.035s] INFO:colcon.colcon_core.shell:Creating package descriptor '/home/eating/work/install/realsense2_camera_msgs/share/realsense2_camera_msgs/package.dsv'
[1.035s] INFO:colcon.colcon_core.shell:Creating package script '/home/eating/work/install/realsense2_camera_msgs/share/realsense2_camera_msgs/package.sh'
[1.036s] INFO:colcon.colcon_core.shell:Creating package script '/home/eating/work/install/realsense2_camera_msgs/share/realsense2_camera_msgs/package.bash'
[1.036s] INFO:colcon.colcon_core.shell:Creating package script '/home/eating/work/install/realsense2_camera_msgs/share/realsense2_camera_msgs/package.zsh'
[1.037s] Level 1:colcon.colcon_core.environment:create_file_with_runtime_dependencies(/home/eating/work/install/realsense2_camera_msgs/share/colcon-core/packages/realsense2_camera_msgs)
[1.037s] Level 1:colcon.colcon_core.environment:create_environment_scripts_only(ira_laser_tools)
[1.037s] Level 1:colcon.colcon_core.environment:checking '/home/eating/work/install/ira_laser_tools' for CMake module files
[1.038s] DEBUG:colcon.colcon_core.event_handler.log_command:Invoked command in '/home/eating/work/build/ira_laser_tools' returned '0': CMAKE_PREFIX_PATH=/opt/ros/humble /usr/bin/cmake --install /home/eating/work/build/ira_laser_tools
[1.038s] Level 1:colcon.colcon_core.environment:checking '/home/eating/work/install/ira_laser_tools' for CMake config files
[1.038s] Level 1:colcon.colcon_core.shell:create_environment_hook('ira_laser_tools', 'cmake_prefix_path')
[1.038s] INFO:colcon.colcon_core.shell:Creating environment hook '/home/eating/work/install/ira_laser_tools/share/ira_laser_tools/hook/cmake_prefix_path.ps1'
[1.039s] INFO:colcon.colcon_core.shell:Creating environment descriptor '/home/eating/work/install/ira_laser_tools/share/ira_laser_tools/hook/cmake_prefix_path.dsv'
[1.039s] INFO:colcon.colcon_core.shell:Creating environment hook '/home/eating/work/install/ira_laser_tools/share/ira_laser_tools/hook/cmake_prefix_path.sh'
[1.040s] Level 1:colcon.colcon_core.environment:checking '/home/eating/work/install/ira_laser_tools/lib'
[1.040s] Level 1:colcon.colcon_core.environment:checking '/home/eating/work/install/ira_laser_tools/bin'
[1.040s] Level 1:colcon.colcon_core.environment:checking '/home/eating/work/install/ira_laser_tools/lib/pkgconfig/ira_laser_tools.pc'
[1.040s] Level 1:colcon.colcon_core.environment:checking '/home/eating/work/install/ira_laser_tools/lib/python3.10/site-packages'
[1.040s] Level 1:colcon.colcon_core.environment:checking '/home/eating/work/install/ira_laser_tools/bin'
[1.040s] INFO:colcon.colcon_core.shell:Creating package script '/home/eating/work/install/ira_laser_tools/share/ira_laser_tools/package.ps1'
[1.041s] INFO:colcon.colcon_core.shell:Creating package descriptor '/home/eating/work/install/ira_laser_tools/share/ira_laser_tools/package.dsv'
[1.041s] INFO:colcon.colcon_core.shell:Creating package script '/home/eating/work/install/ira_laser_tools/share/ira_laser_tools/package.sh'
[1.041s] INFO:colcon.colcon_core.shell:Creating package script '/home/eating/work/install/ira_laser_tools/share/ira_laser_tools/package.bash'
[1.042s] INFO:colcon.colcon_core.shell:Creating package script '/home/eating/work/install/ira_laser_tools/share/ira_laser_tools/package.zsh'
[1.042s] Level 1:colcon.colcon_core.environment:create_file_with_runtime_dependencies(/home/eating/work/install/ira_laser_tools/share/colcon-core/packages/ira_laser_tools)
[1.043s] Level 1:colcon.colcon_core.environment:create_environment_scripts_only(ira_laser_tools)
[1.043s] Level 1:colcon.colcon_core.environment:checking '/home/eating/work/install/ira_laser_tools' for CMake module files
[1.043s] Level 1:colcon.colcon_core.environment:checking '/home/eating/work/install/ira_laser_tools' for CMake config files
[1.043s] Level 1:colcon.colcon_core.shell:create_environment_hook('ira_laser_tools', 'cmake_prefix_path')
[1.044s] INFO:colcon.colcon_core.shell:Creating environment hook '/home/eating/work/install/ira_laser_tools/share/ira_laser_tools/hook/cmake_prefix_path.ps1'
[1.044s] INFO:colcon.colcon_core.shell:Creating environment descriptor '/home/eating/work/install/ira_laser_tools/share/ira_laser_tools/hook/cmake_prefix_path.dsv'
[1.044s] INFO:colcon.colcon_core.shell:Creating environment hook '/home/eating/work/install/ira_laser_tools/share/ira_laser_tools/hook/cmake_prefix_path.sh'
[1.045s] Level 1:colcon.colcon_core.environment:checking '/home/eating/work/install/ira_laser_tools/lib'
[1.045s] Level 1:colcon.colcon_core.environment:checking '/home/eating/work/install/ira_laser_tools/bin'
[1.045s] Level 1:colcon.colcon_core.environment:checking '/home/eating/work/install/ira_laser_tools/lib/pkgconfig/ira_laser_tools.pc'
[1.045s] Level 1:colcon.colcon_core.environment:checking '/home/eating/work/install/ira_laser_tools/lib/python3.10/site-packages'
[1.045s] Level 1:colcon.colcon_core.environment:checking '/home/eating/work/install/ira_laser_tools/bin'
[1.045s] INFO:colcon.colcon_core.shell:Creating package script '/home/eating/work/install/ira_laser_tools/share/ira_laser_tools/package.ps1'
[1.046s] INFO:colcon.colcon_core.shell:Creating package descriptor '/home/eating/work/install/ira_laser_tools/share/ira_laser_tools/package.dsv'
[1.046s] INFO:colcon.colcon_core.shell:Creating package script '/home/eating/work/install/ira_laser_tools/share/ira_laser_tools/package.sh'
[1.046s] INFO:colcon.colcon_core.shell:Creating package script '/home/eating/work/install/ira_laser_tools/share/ira_laser_tools/package.bash'
[1.047s] INFO:colcon.colcon_core.shell:Creating package script '/home/eating/work/install/ira_laser_tools/share/ira_laser_tools/package.zsh'
[1.047s] Level 1:colcon.colcon_core.environment:create_file_with_runtime_dependencies(/home/eating/work/install/ira_laser_tools/share/colcon-core/packages/ira_laser_tools)
[1.047s] Level 1:colcon.colcon_core.environment:create_environment_scripts_only(mecanum)
[1.048s] Level 1:colcon.colcon_core.environment:checking '/home/eating/work/install/mecanum' for CMake module files
[1.048s] DEBUG:colcon.colcon_core.event_handler.log_command:Invoked command in '/home/eating/work/build/mecanum' returned '0': CMAKE_PREFIX_PATH=/opt/ros/humble /usr/bin/cmake --install /home/eating/work/build/mecanum
[1.049s] Level 1:colcon.colcon_core.environment:checking '/home/eating/work/install/mecanum' for CMake config files
[1.049s] Level 1:colcon.colcon_core.shell:create_environment_hook('mecanum', 'cmake_prefix_path')
[1.049s] INFO:colcon.colcon_core.shell:Creating environment hook '/home/eating/work/install/mecanum/share/mecanum/hook/cmake_prefix_path.ps1'
[1.049s] INFO:colcon.colcon_core.shell:Creating environment descriptor '/home/eating/work/install/mecanum/share/mecanum/hook/cmake_prefix_path.dsv'
[1.050s] INFO:colcon.colcon_core.shell:Creating environment hook '/home/eating/work/install/mecanum/share/mecanum/hook/cmake_prefix_path.sh'
[1.050s] Level 1:colcon.colcon_core.environment:checking '/home/eating/work/install/mecanum/lib'
[1.050s] Level 1:colcon.colcon_core.environment:checking '/home/eating/work/install/mecanum/bin'
[1.050s] Level 1:colcon.colcon_core.environment:checking '/home/eating/work/install/mecanum/lib/pkgconfig/mecanum.pc'
[1.051s] Level 1:colcon.colcon_core.environment:checking '/home/eating/work/install/mecanum/lib/python3.10/site-packages'
[1.051s] Level 1:colcon.colcon_core.environment:checking '/home/eating/work/install/mecanum/bin'
[1.051s] INFO:colcon.colcon_core.shell:Creating package script '/home/eating/work/install/mecanum/share/mecanum/package.ps1'
[1.051s] INFO:colcon.colcon_core.shell:Creating package descriptor '/home/eating/work/install/mecanum/share/mecanum/package.dsv'
[1.052s] INFO:colcon.colcon_core.shell:Creating package script '/home/eating/work/install/mecanum/share/mecanum/package.sh'
[1.052s] INFO:colcon.colcon_core.shell:Creating package script '/home/eating/work/install/mecanum/share/mecanum/package.bash'
[1.052s] INFO:colcon.colcon_core.shell:Creating package script '/home/eating/work/install/mecanum/share/mecanum/package.zsh'
[1.053s] Level 1:colcon.colcon_core.environment:create_file_with_runtime_dependencies(/home/eating/work/install/mecanum/share/colcon-core/packages/mecanum)
[1.053s] Level 1:colcon.colcon_core.environment:create_environment_scripts_only(mecanum)
[1.053s] Level 1:colcon.colcon_core.environment:checking '/home/eating/work/install/mecanum' for CMake module files
[1.054s] Level 1:colcon.colcon_core.environment:checking '/home/eating/work/install/mecanum' for CMake config files
[1.054s] Level 1:colcon.colcon_core.shell:create_environment_hook('mecanum', 'cmake_prefix_path')
[1.054s] INFO:colcon.colcon_core.shell:Creating environment hook '/home/eating/work/install/mecanum/share/mecanum/hook/cmake_prefix_path.ps1'
[1.054s] INFO:colcon.colcon_core.shell:Creating environment descriptor '/home/eating/work/install/mecanum/share/mecanum/hook/cmake_prefix_path.dsv'
[1.055s] INFO:colcon.colcon_core.shell:Creating environment hook '/home/eating/work/install/mecanum/share/mecanum/hook/cmake_prefix_path.sh'
[1.055s] Level 1:colcon.colcon_core.environment:checking '/home/eating/work/install/mecanum/lib'
[1.055s] Level 1:colcon.colcon_core.environment:checking '/home/eating/work/install/mecanum/bin'
[1.055s] Level 1:colcon.colcon_core.environment:checking '/home/eating/work/install/mecanum/lib/pkgconfig/mecanum.pc'
[1.055s] Level 1:colcon.colcon_core.environment:checking '/home/eating/work/install/mecanum/lib/python3.10/site-packages'
[1.056s] Level 1:colcon.colcon_core.environment:checking '/home/eating/work/install/mecanum/bin'
[1.056s] INFO:colcon.colcon_core.shell:Creating package script '/home/eating/work/install/mecanum/share/mecanum/package.ps1'
[1.057s] INFO:colcon.colcon_core.shell:Creating package descriptor '/home/eating/work/install/mecanum/share/mecanum/package.dsv'
[1.057s] INFO:colcon.colcon_core.shell:Creating package script '/home/eating/work/install/mecanum/share/mecanum/package.sh'
[1.057s] INFO:colcon.colcon_core.shell:Creating package script '/home/eating/work/install/mecanum/share/mecanum/package.bash'
[1.058s] INFO:colcon.colcon_core.shell:Creating package script '/home/eating/work/install/mecanum/share/mecanum/package.zsh'
[1.058s] Level 1:colcon.colcon_core.environment:create_file_with_runtime_dependencies(/home/eating/work/install/mecanum/share/colcon-core/packages/mecanum)
[1.059s] Level 1:colcon.colcon_core.environment:create_environment_scripts_only(gui_interface)
[1.059s] Level 1:colcon.colcon_core.environment:checking '/home/eating/work/install/gui_interface' for CMake module files
[1.060s] DEBUG:colcon.colcon_core.event_handler.log_command:Invoked command in '/home/eating/work/build/gui_interface' returned '0': CMAKE_PREFIX_PATH=/opt/ros/humble /usr/bin/cmake --install /home/eating/work/build/gui_interface
[1.060s] Level 1:colcon.colcon_core.environment:checking '/home/eating/work/install/gui_interface' for CMake config files
[1.061s] Level 1:colcon.colcon_core.shell:create_environment_hook('gui_interface', 'cmake_prefix_path')
[1.061s] INFO:colcon.colcon_core.shell:Creating environment hook '/home/eating/work/install/gui_interface/share/gui_interface/hook/cmake_prefix_path.ps1'
[1.061s] INFO:colcon.colcon_core.shell:Creating environment descriptor '/home/eating/work/install/gui_interface/share/gui_interface/hook/cmake_prefix_path.dsv'
[1.062s] INFO:colcon.colcon_core.shell:Creating environment hook '/home/eating/work/install/gui_interface/share/gui_interface/hook/cmake_prefix_path.sh'
[1.062s] Level 1:colcon.colcon_core.environment:checking '/home/eating/work/install/gui_interface/lib'
[1.062s] Level 1:colcon.colcon_core.shell:create_environment_hook('gui_interface', 'ld_library_path_lib')
[1.063s] INFO:colcon.colcon_core.shell:Creating environment hook '/home/eating/work/install/gui_interface/share/gui_interface/hook/ld_library_path_lib.ps1'
[1.063s] INFO:colcon.colcon_core.shell:Creating environment descriptor '/home/eating/work/install/gui_interface/share/gui_interface/hook/ld_library_path_lib.dsv'
[1.063s] INFO:colcon.colcon_core.shell:Creating environment hook '/home/eating/work/install/gui_interface/share/gui_interface/hook/ld_library_path_lib.sh'
[1.063s] Level 1:colcon.colcon_core.environment:checking '/home/eating/work/install/gui_interface/bin'
[1.064s] Level 1:colcon.colcon_core.environment:checking '/home/eating/work/install/gui_interface/lib/pkgconfig/gui_interface.pc'
[1.064s] Level 1:colcon.colcon_core.environment:checking '/home/eating/work/install/gui_interface/lib/python3.10/site-packages'
[1.064s] Level 1:colcon.colcon_core.environment:checking '/home/eating/work/install/gui_interface/bin'
[1.064s] INFO:colcon.colcon_core.shell:Creating package script '/home/eating/work/install/gui_interface/share/gui_interface/package.ps1'
[1.065s] INFO:colcon.colcon_core.shell:Creating package descriptor '/home/eating/work/install/gui_interface/share/gui_interface/package.dsv'
[1.065s] INFO:colcon.colcon_core.shell:Creating package script '/home/eating/work/install/gui_interface/share/gui_interface/package.sh'
[1.065s] INFO:colcon.colcon_core.shell:Creating package script '/home/eating/work/install/gui_interface/share/gui_interface/package.bash'
[1.066s] INFO:colcon.colcon_core.shell:Creating package script '/home/eating/work/install/gui_interface/share/gui_interface/package.zsh'
[1.066s] Level 1:colcon.colcon_core.environment:create_file_with_runtime_dependencies(/home/eating/work/install/gui_interface/share/colcon-core/packages/gui_interface)
[1.067s] Level 1:colcon.colcon_core.environment:create_environment_scripts_only(gui_interface)
[1.067s] Level 1:colcon.colcon_core.environment:checking '/home/eating/work/install/gui_interface' for CMake module files
[1.067s] Level 1:colcon.colcon_core.environment:checking '/home/eating/work/install/gui_interface' for CMake config files
[1.068s] Level 1:colcon.colcon_core.shell:create_environment_hook('gui_interface', 'cmake_prefix_path')
[1.068s] INFO:colcon.colcon_core.shell:Creating environment hook '/home/eating/work/install/gui_interface/share/gui_interface/hook/cmake_prefix_path.ps1'
[1.068s] INFO:colcon.colcon_core.shell:Creating environment descriptor '/home/eating/work/install/gui_interface/share/gui_interface/hook/cmake_prefix_path.dsv'
[1.068s] INFO:colcon.colcon_core.shell:Creating environment hook '/home/eating/work/install/gui_interface/share/gui_interface/hook/cmake_prefix_path.sh'
[1.069s] Level 1:colcon.colcon_core.environment:checking '/home/eating/work/install/gui_interface/lib'
[1.069s] Level 1:colcon.colcon_core.shell:create_environment_hook('gui_interface', 'ld_library_path_lib')
[1.069s] INFO:colcon.colcon_core.shell:Creating environment hook '/home/eating/work/install/gui_interface/share/gui_interface/hook/ld_library_path_lib.ps1'
[1.069s] INFO:colcon.colcon_core.shell:Creating environment descriptor '/home/eating/work/install/gui_interface/share/gui_interface/hook/ld_library_path_lib.dsv'
[1.070s] INFO:colcon.colcon_core.shell:Creating environment hook '/home/eating/work/install/gui_interface/share/gui_interface/hook/ld_library_path_lib.sh'
[1.070s] Level 1:colcon.colcon_core.environment:checking '/home/eating/work/install/gui_interface/bin'
[1.070s] Level 1:colcon.colcon_core.environment:checking '/home/eating/work/install/gui_interface/lib/pkgconfig/gui_interface.pc'
[1.070s] Level 1:colcon.colcon_core.environment:checking '/home/eating/work/install/gui_interface/lib/python3.10/site-packages'
[1.071s] Level 1:colcon.colcon_core.environment:checking '/home/eating/work/install/gui_interface/bin'
[1.071s] INFO:colcon.colcon_core.shell:Creating package script '/home/eating/work/install/gui_interface/share/gui_interface/package.ps1'
[1.071s] INFO:colcon.colcon_core.shell:Creating package descriptor '/home/eating/work/install/gui_interface/share/gui_interface/package.dsv'
[1.072s] INFO:colcon.colcon_core.shell:Creating package script '/home/eating/work/install/gui_interface/share/gui_interface/package.sh'
[1.072s] INFO:colcon.colcon_core.shell:Creating package script '/home/eating/work/install/gui_interface/share/gui_interface/package.bash'
[1.073s] INFO:colcon.colcon_core.shell:Creating package script '/home/eating/work/install/gui_interface/share/gui_interface/package.zsh'
[1.073s] Level 1:colcon.colcon_core.environment:create_file_with_runtime_dependencies(/home/eating/work/install/gui_interface/share/colcon-core/packages/gui_interface)
[1.074s] DEBUG:colcon.colcon_core.event_handler.log_command:Invoked command in '/home/eating/work/build/interface' returned '0': CMAKE_PREFIX_PATH=/opt/ros/humble /usr/bin/cmake --build /home/eating/work/build/interface -- -j8 -l8
[1.075s] DEBUG:colcon.colcon_core.event_handler.log_command:Invoking command in '/home/eating/work/build/interface': CMAKE_PREFIX_PATH=/opt/ros/humble /usr/bin/cmake --install /home/eating/work/build/interface
[1.075s] INFO:colcon.colcon_ros.task.ament_python.build:Building ROS package in '/home/eating/work/src/pallet/pallet_main' with build type 'ament_python'
[1.075s] Level 1:colcon.colcon_core.shell:create_environment_hook('pallet_main', 'ament_prefix_path')
[1.076s] INFO:colcon.colcon_core.shell:Creating environment hook '/home/eating/work/install/pallet_main/share/pallet_main/hook/ament_prefix_path.ps1'
[1.076s] INFO:colcon.colcon_core.shell:Creating environment descriptor '/home/eating/work/install/pallet_main/share/pallet_main/hook/ament_prefix_path.dsv'
[1.076s] INFO:colcon.colcon_core.shell:Creating environment hook '/home/eating/work/install/pallet_main/share/pallet_main/hook/ament_prefix_path.sh'
[1.077s] INFO:colcon.colcon_core.shell:Skip shell extension 'powershell' for command environment: Not usable outside of PowerShell
[1.077s] DEBUG:colcon.colcon_core.shell:Skip shell extension 'dsv' for command environment
[1.079s] INFO:colcon.colcon_ros.task.ament_cmake.build:Building ROS package in '/home/eating/work/src/timda_sim/robot_arm_description' with build type 'ament_cmake'
[1.079s] INFO:colcon.colcon_cmake.task.cmake.build:Building CMake package in '/home/eating/work/src/timda_sim/robot_arm_description'
[1.080s] INFO:colcon.colcon_core.shell:Skip shell extension 'powershell' for command environment: Not usable outside of PowerShell
[1.080s] DEBUG:colcon.colcon_core.shell:Skip shell extension 'dsv' for command environment
[1.082s] INFO:colcon.colcon_ros.task.ament_cmake.build:Building ROS package in '/home/eating/work/src/timda_sim/suction_description' with build type 'ament_cmake'
[1.082s] INFO:colcon.colcon_cmake.task.cmake.build:Building CMake package in '/home/eating/work/src/timda_sim/suction_description'
[1.082s] INFO:colcon.colcon_core.shell:Skip shell extension 'powershell' for command environment: Not usable outside of PowerShell
[1.082s] DEBUG:colcon.colcon_core.shell:Skip shell extension 'dsv' for command environment
[1.085s] INFO:colcon.colcon_ros.task.ament_cmake.build:Building ROS package in '/home/eating/work/src/timda_sim/timda_body_description' with build type 'ament_cmake'
[1.085s] INFO:colcon.colcon_cmake.task.cmake.build:Building CMake package in '/home/eating/work/src/timda_sim/timda_body_description'
[1.086s] INFO:colcon.colcon_core.shell:Skip shell extension 'powershell' for command environment: Not usable outside of PowerShell
[1.086s] DEBUG:colcon.colcon_core.shell:Skip shell extension 'dsv' for command environment
[1.103s] DEBUG:colcon.colcon_core.event_handler.log_command:Invoking command in '/home/eating/work/build/mobile_description': CMAKE_PREFIX_PATH=/opt/ros/humble /usr/bin/cmake --build /home/eating/work/build/mobile_description -- -j8 -l8
[1.104s] DEBUG:colcon.colcon_core.event_handler.log_command:Invoking command in '/home/eating/work/build/pallet_interfaces': CMAKE_PREFIX_PATH=/opt/ros/humble /usr/bin/cmake --build /home/eating/work/build/pallet_interfaces -- -j8 -l8
[1.376s] INFO:colcon.colcon_core.task.python.build:Building Python package in '/home/eating/work/src/pallet/pallet_main'
[1.376s] INFO:colcon.colcon_core.shell:Skip shell extension 'powershell' for command environment: Not usable outside of PowerShell
[1.376s] DEBUG:colcon.colcon_core.shell:Skip shell extension 'dsv' for command environment
[1.381s] DEBUG:colcon.colcon_core.event_handler.log_command:Invoking command in '/home/eating/work/build/robot_arm_description': CMAKE_PREFIX_PATH=/opt/ros/humble /usr/bin/cmake --build /home/eating/work/build/robot_arm_description -- -j8 -l8
[1.383s] DEBUG:colcon.colcon_core.event_handler.log_command:Invoking command in '/home/eating/work/build/suction_description': CMAKE_PREFIX_PATH=/opt/ros/humble /usr/bin/cmake --build /home/eating/work/build/suction_description -- -j8 -l8
[1.387s] DEBUG:colcon.colcon_core.event_handler.log_command:Invoking command in '/home/eating/work/build/timda_body_description': CMAKE_PREFIX_PATH=/opt/ros/humble /usr/bin/cmake --build /home/eating/work/build/timda_body_description -- -j8 -l8
[1.390s] Level 1:colcon.colcon_core.environment:create_environment_scripts_only(interface)
[1.390s] Level 1:colcon.colcon_core.environment:checking '/home/eating/work/install/interface' for CMake module files
[1.391s] DEBUG:colcon.colcon_core.event_handler.log_command:Invoking command in '/home/eating/work/src/docking/docking_pkg': PYTHONPATH=/home/eating/work/build/docking_pkg/prefix_override:/usr/lib/python3/dist-packages/colcon_core/task/python/colcon_distutils_commands:/home/eating/work/install/docking_pkg/lib/python3.10/site-packages:${PYTHONPATH} /usr/bin/python3 -W ignore:setup.py install is deprecated -W ignore:easy_install command is deprecated setup.py egg_info --egg-base ../../../build/docking_pkg build --build-base /home/eating/work/build/docking_pkg/build install --record /home/eating/work/build/docking_pkg/install.log --single-version-externally-managed install_data
[1.392s] DEBUG:colcon.colcon_core.event_handler.log_command:Invoked command in '/home/eating/work/build/interface' returned '0': CMAKE_PREFIX_PATH=/opt/ros/humble /usr/bin/cmake --install /home/eating/work/build/interface
[1.392s] Level 1:colcon.colcon_core.environment:checking '/home/eating/work/install/interface' for CMake config files
[1.393s] Level 1:colcon.colcon_core.shell:create_environment_hook('interface', 'cmake_prefix_path')
[1.394s] INFO:colcon.colcon_core.shell:Creating environment hook '/home/eating/work/install/interface/share/interface/hook/cmake_prefix_path.ps1'
[1.394s] INFO:colcon.colcon_core.shell:Creating environment descriptor '/home/eating/work/install/interface/share/interface/hook/cmake_prefix_path.dsv'
[1.395s] INFO:colcon.colcon_core.shell:Creating environment hook '/home/eating/work/install/interface/share/interface/hook/cmake_prefix_path.sh'
[1.396s] Level 1:colcon.colcon_core.environment:checking '/home/eating/work/install/interface/lib'
[1.396s] Level 1:colcon.colcon_core.shell:create_environment_hook('interface', 'ld_library_path_lib')
[1.397s] INFO:colcon.colcon_core.shell:Creating environment hook '/home/eating/work/install/interface/share/interface/hook/ld_library_path_lib.ps1'
[1.397s] INFO:colcon.colcon_core.shell:Creating environment descriptor '/home/eating/work/install/interface/share/interface/hook/ld_library_path_lib.dsv'
[1.398s] INFO:colcon.colcon_core.shell:Creating environment hook '/home/eating/work/install/interface/share/interface/hook/ld_library_path_lib.sh'
[1.399s] Level 1:colcon.colcon_core.environment:checking '/home/eating/work/install/interface/bin'
[1.400s] Level 1:colcon.colcon_core.environment:checking '/home/eating/work/install/interface/lib/pkgconfig/interface.pc'
[1.400s] Level 1:colcon.colcon_core.environment:checking '/home/eating/work/install/interface/lib/python3.10/site-packages'
[1.400s] Level 1:colcon.colcon_core.environment:checking '/home/eating/work/install/interface/bin'
[1.401s] INFO:colcon.colcon_core.shell:Creating package script '/home/eating/work/install/interface/share/interface/package.ps1'
[1.402s] INFO:colcon.colcon_core.shell:Creating package descriptor '/home/eating/work/install/interface/share/interface/package.dsv'
[1.403s] INFO:colcon.colcon_core.shell:Creating package script '/home/eating/work/install/interface/share/interface/package.sh'
[1.403s] INFO:colcon.colcon_core.shell:Creating package script '/home/eating/work/install/interface/share/interface/package.bash'
[1.404s] INFO:colcon.colcon_core.shell:Creating package script '/home/eating/work/install/interface/share/interface/package.zsh'
[1.404s] Level 1:colcon.colcon_core.environment:create_file_with_runtime_dependencies(/home/eating/work/install/interface/share/colcon-core/packages/interface)
[1.405s] Level 1:colcon.colcon_core.environment:create_environment_scripts_only(interface)
[1.406s] Level 1:colcon.colcon_core.environment:checking '/home/eating/work/install/interface' for CMake module files
[1.407s] Level 1:colcon.colcon_core.environment:checking '/home/eating/work/install/interface' for CMake config files
[1.408s] Level 1:colcon.colcon_core.shell:create_environment_hook('interface', 'cmake_prefix_path')
[1.408s] INFO:colcon.colcon_core.shell:Creating environment hook '/home/eating/work/install/interface/share/interface/hook/cmake_prefix_path.ps1'
[1.409s] INFO:colcon.colcon_core.shell:Creating environment descriptor '/home/eating/work/install/interface/share/interface/hook/cmake_prefix_path.dsv'
[1.409s] INFO:colcon.colcon_core.shell:Creating environment hook '/home/eating/work/install/interface/share/interface/hook/cmake_prefix_path.sh'
[1.410s] Level 1:colcon.colcon_core.environment:checking '/home/eating/work/install/interface/lib'
[1.410s] Level 1:colcon.colcon_core.shell:create_environment_hook('interface', 'ld_library_path_lib')
[1.411s] INFO:colcon.colcon_core.shell:Creating environment hook '/home/eating/work/install/interface/share/interface/hook/ld_library_path_lib.ps1'
[1.411s] INFO:colcon.colcon_core.shell:Creating environment descriptor '/home/eating/work/install/interface/share/interface/hook/ld_library_path_lib.dsv'
[1.412s] INFO:colcon.colcon_core.shell:Creating environment hook '/home/eating/work/install/interface/share/interface/hook/ld_library_path_lib.sh'
[1.412s] Level 1:colcon.colcon_core.environment:checking '/home/eating/work/install/interface/bin'
[1.413s] Level 1:colcon.colcon_core.environment:checking '/home/eating/work/install/interface/lib/pkgconfig/interface.pc'
[1.413s] Level 1:colcon.colcon_core.environment:checking '/home/eating/work/install/interface/lib/python3.10/site-packages'
[1.413s] Level 1:colcon.colcon_core.environment:checking '/home/eating/work/install/interface/bin'
[1.414s] INFO:colcon.colcon_core.shell:Creating package script '/home/eating/work/install/interface/share/interface/package.ps1'
[1.415s] INFO:colcon.colcon_core.shell:Creating package descriptor '/home/eating/work/install/interface/share/interface/package.dsv'
[1.416s] INFO:colcon.colcon_core.shell:Creating package script '/home/eating/work/install/interface/share/interface/package.sh'
[1.417s] INFO:colcon.colcon_core.shell:Creating package script '/home/eating/work/install/interface/share/interface/package.bash'
[1.417s] INFO:colcon.colcon_core.shell:Creating package script '/home/eating/work/install/interface/share/interface/package.zsh'
[1.418s] Level 1:colcon.colcon_core.environment:create_file_with_runtime_dependencies(/home/eating/work/install/interface/share/colcon-core/packages/interface)
[1.419s] DEBUG:colcon.colcon_core.event_handler.log_command:Invoked command in '/home/eating/work/build/mobile_description' returned '0': CMAKE_PREFIX_PATH=/opt/ros/humble /usr/bin/cmake --build /home/eating/work/build/mobile_description -- -j8 -l8
[1.421s] DEBUG:colcon.colcon_core.event_handler.log_command:Invoking command in '/home/eating/work/build/mobile_description': CMAKE_PREFIX_PATH=/opt/ros/humble /usr/bin/cmake --install /home/eating/work/build/mobile_description
[1.424s] INFO:colcon.colcon_ros.task.ament_cmake.build:Building ROS package in '/home/eating/work/src/timda_bringup' with build type 'ament_cmake'
[1.424s] INFO:colcon.colcon_cmake.task.cmake.build:Building CMake package in '/home/eating/work/src/timda_bringup'
[1.424s] INFO:colcon.colcon_core.shell:Skip shell extension 'powershell' for command environment: Not usable outside of PowerShell
[1.424s] DEBUG:colcon.colcon_core.shell:Skip shell extension 'dsv' for command environment
[1.439s] DEBUG:colcon.colcon_core.event_handler.log_command:Invoked command in '/home/eating/work/build/suction_description' returned '0': CMAKE_PREFIX_PATH=/opt/ros/humble /usr/bin/cmake --build /home/eating/work/build/suction_description -- -j8 -l8
[1.440s] DEBUG:colcon.colcon_core.event_handler.log_command:Invoking command in '/home/eating/work/build/suction_description': CMAKE_PREFIX_PATH=/opt/ros/humble /usr/bin/cmake --install /home/eating/work/build/suction_description
[1.440s] DEBUG:colcon.colcon_core.event_handler.log_command:Invoked command in '/home/eating/work/build/robot_arm_description' returned '0': CMAKE_PREFIX_PATH=/opt/ros/humble /usr/bin/cmake --build /home/eating/work/build/robot_arm_description -- -j8 -l8
[1.441s] DEBUG:colcon.colcon_core.event_handler.log_command:Invoking command in '/home/eating/work/build/robot_arm_description': CMAKE_PREFIX_PATH=/opt/ros/humble /usr/bin/cmake --install /home/eating/work/build/robot_arm_description
[1.441s] DEBUG:colcon.colcon_core.event_handler.log_command:Invoked command in '/home/eating/work/build/timda_body_description' returned '0': CMAKE_PREFIX_PATH=/opt/ros/humble /usr/bin/cmake --build /home/eating/work/build/timda_body_description -- -j8 -l8
[1.445s] Level 1:colcon.colcon_core.environment:create_environment_scripts_only(mobile_description)
[1.446s] Level 1:colcon.colcon_core.environment:checking '/home/eating/work/install/mobile_description' for CMake module files
[1.448s] DEBUG:colcon.colcon_core.event_handler.log_command:Invoking command in '/home/eating/work/build/timda_body_description': CMAKE_PREFIX_PATH=/opt/ros/humble /usr/bin/cmake --install /home/eating/work/build/timda_body_description
[1.448s] DEBUG:colcon.colcon_core.event_handler.log_command:Invoked command in '/home/eating/work/build/mobile_description' returned '0': CMAKE_PREFIX_PATH=/opt/ros/humble /usr/bin/cmake --install /home/eating/work/build/mobile_description
[1.450s] Level 1:colcon.colcon_core.environment:checking '/home/eating/work/install/mobile_description' for CMake config files
[1.452s] Level 1:colcon.colcon_core.shell:create_environment_hook('mobile_description', 'cmake_prefix_path')
[1.453s] INFO:colcon.colcon_core.shell:Creating environment hook '/home/eating/work/install/mobile_description/share/mobile_description/hook/cmake_prefix_path.ps1'
[1.454s] INFO:colcon.colcon_core.shell:Creating environment descriptor '/home/eating/work/install/mobile_description/share/mobile_description/hook/cmake_prefix_path.dsv'
[1.455s] INFO:colcon.colcon_core.shell:Creating environment hook '/home/eating/work/install/mobile_description/share/mobile_description/hook/cmake_prefix_path.sh'
[1.457s] Level 1:colcon.colcon_core.environment:checking '/home/eating/work/install/mobile_description/bin'
[1.457s] Level 1:colcon.colcon_core.environment:checking '/home/eating/work/install/mobile_description/lib/pkgconfig/mobile_description.pc'
[1.457s] Level 1:colcon.colcon_core.environment:checking '/home/eating/work/install/mobile_description/lib/python3.10/site-packages'
[1.458s] Level 1:colcon.colcon_core.environment:checking '/home/eating/work/install/mobile_description/bin'
[1.458s] INFO:colcon.colcon_core.shell:Creating package script '/home/eating/work/install/mobile_description/share/mobile_description/package.ps1'
[1.459s] INFO:colcon.colcon_core.shell:Creating package descriptor '/home/eating/work/install/mobile_description/share/mobile_description/package.dsv'
[1.460s] INFO:colcon.colcon_core.shell:Creating package script '/home/eating/work/install/mobile_description/share/mobile_description/package.sh'
[1.461s] INFO:colcon.colcon_core.shell:Creating package script '/home/eating/work/install/mobile_description/share/mobile_description/package.bash'
[1.461s] INFO:colcon.colcon_core.shell:Creating package script '/home/eating/work/install/mobile_description/share/mobile_description/package.zsh'
[1.462s] Level 1:colcon.colcon_core.environment:create_file_with_runtime_dependencies(/home/eating/work/install/mobile_description/share/colcon-core/packages/mobile_description)
[1.462s] Level 1:colcon.colcon_core.environment:create_environment_scripts_only(mobile_description)
[1.463s] Level 1:colcon.colcon_core.environment:checking '/home/eating/work/install/mobile_description' for CMake module files
[1.464s] Level 1:colcon.colcon_core.environment:checking '/home/eating/work/install/mobile_description' for CMake config files
[1.464s] Level 1:colcon.colcon_core.shell:create_environment_hook('mobile_description', 'cmake_prefix_path')
[1.464s] INFO:colcon.colcon_core.shell:Creating environment hook '/home/eating/work/install/mobile_description/share/mobile_description/hook/cmake_prefix_path.ps1'
[1.465s] INFO:colcon.colcon_core.shell:Creating environment descriptor '/home/eating/work/install/mobile_description/share/mobile_description/hook/cmake_prefix_path.dsv'
[1.466s] INFO:colcon.colcon_core.shell:Creating environment hook '/home/eating/work/install/mobile_description/share/mobile_description/hook/cmake_prefix_path.sh'
[1.466s] Level 1:colcon.colcon_core.environment:checking '/home/eating/work/install/mobile_description/bin'
[1.466s] Level 1:colcon.colcon_core.environment:checking '/home/eating/work/install/mobile_description/lib/pkgconfig/mobile_description.pc'
[1.467s] Level 1:colcon.colcon_core.environment:checking '/home/eating/work/install/mobile_description/lib/python3.10/site-packages'
[1.467s] Level 1:colcon.colcon_core.environment:checking '/home/eating/work/install/mobile_description/bin'
[1.468s] INFO:colcon.colcon_core.shell:Creating package script '/home/eating/work/install/mobile_description/share/mobile_description/package.ps1'
[1.468s] INFO:colcon.colcon_core.shell:Creating package descriptor '/home/eating/work/install/mobile_description/share/mobile_description/package.dsv'
[1.469s] INFO:colcon.colcon_core.shell:Creating package script '/home/eating/work/install/mobile_description/share/mobile_description/package.sh'
[1.470s] INFO:colcon.colcon_core.shell:Creating package script '/home/eating/work/install/mobile_description/share/mobile_description/package.bash'
[1.470s] INFO:colcon.colcon_core.shell:Creating package script '/home/eating/work/install/mobile_description/share/mobile_description/package.zsh'
[1.471s] Level 1:colcon.colcon_core.environment:create_file_with_runtime_dependencies(/home/eating/work/install/mobile_description/share/colcon-core/packages/mobile_description)
[1.472s] INFO:colcon.colcon_ros.task.ament_cmake.build:Building ROS package in '/home/eating/work/src/timda_sim/timda_description' with build type 'ament_cmake'
[1.473s] INFO:colcon.colcon_cmake.task.cmake.build:Building CMake package in '/home/eating/work/src/timda_sim/timda_description'
[1.473s] INFO:colcon.colcon_core.shell:Skip shell extension 'powershell' for command environment: Not usable outside of PowerShell
[1.473s] DEBUG:colcon.colcon_core.shell:Skip shell extension 'dsv' for command environment
[1.483s] DEBUG:colcon.colcon_core.event_handler.log_command:Invoking command in '/home/eating/work/build/timda_bringup': CMAKE_PREFIX_PATH=/opt/ros/humble /usr/bin/cmake --build /home/eating/work/build/timda_bringup -- -j8 -l8
[1.484s] Level 1:colcon.colcon_core.environment:create_environment_scripts_only(suction_description)
[1.484s] DEBUG:colcon.colcon_core.event_handler.log_command:Invoked command in '/home/eating/work/build/suction_description' returned '0': CMAKE_PREFIX_PATH=/opt/ros/humble /usr/bin/cmake --install /home/eating/work/build/suction_description
[1.485s] Level 1:colcon.colcon_core.environment:checking '/home/eating/work/install/suction_description' for CMake module files
[1.485s] Level 1:colcon.colcon_core.environment:checking '/home/eating/work/install/suction_description' for CMake config files
[1.486s] Level 1:colcon.colcon_core.shell:create_environment_hook('suction_description', 'cmake_prefix_path')
[1.486s] INFO:colcon.colcon_core.shell:Creating environment hook '/home/eating/work/install/suction_description/share/suction_description/hook/cmake_prefix_path.ps1'
[1.487s] INFO:colcon.colcon_core.shell:Creating environment descriptor '/home/eating/work/install/suction_description/share/suction_description/hook/cmake_prefix_path.dsv'
[1.488s] INFO:colcon.colcon_core.shell:Creating environment hook '/home/eating/work/install/suction_description/share/suction_description/hook/cmake_prefix_path.sh'
[1.488s] Level 1:colcon.colcon_core.environment:checking '/home/eating/work/install/suction_description/bin'
[1.489s] Level 1:colcon.colcon_core.environment:checking '/home/eating/work/install/suction_description/lib/pkgconfig/suction_description.pc'
[1.489s] Level 1:colcon.colcon_core.environment:checking '/home/eating/work/install/suction_description/lib/python3.10/site-packages'
[1.489s] Level 1:colcon.colcon_core.environment:checking '/home/eating/work/install/suction_description/bin'
[1.490s] INFO:colcon.colcon_core.shell:Creating package script '/home/eating/work/install/suction_description/share/suction_description/package.ps1'
[1.491s] INFO:colcon.colcon_core.shell:Creating package descriptor '/home/eating/work/install/suction_description/share/suction_description/package.dsv'
[1.491s] INFO:colcon.colcon_core.shell:Creating package script '/home/eating/work/install/suction_description/share/suction_description/package.sh'
[1.492s] INFO:colcon.colcon_core.shell:Creating package script '/home/eating/work/install/suction_description/share/suction_description/package.bash'
[1.493s] INFO:colcon.colcon_core.shell:Creating package script '/home/eating/work/install/suction_description/share/suction_description/package.zsh'
[1.493s] Level 1:colcon.colcon_core.environment:create_file_with_runtime_dependencies(/home/eating/work/install/suction_description/share/colcon-core/packages/suction_description)
[1.493s] Level 1:colcon.colcon_core.environment:create_environment_scripts_only(suction_description)
[1.494s] Level 1:colcon.colcon_core.environment:checking '/home/eating/work/install/suction_description' for CMake module files
[1.494s] Level 1:colcon.colcon_core.environment:checking '/home/eating/work/install/suction_description' for CMake config files
[1.494s] Level 1:colcon.colcon_core.shell:create_environment_hook('suction_description', 'cmake_prefix_path')
[1.494s] INFO:colcon.colcon_core.shell:Creating environment hook '/home/eating/work/install/suction_description/share/suction_description/hook/cmake_prefix_path.ps1'
[1.495s] INFO:colcon.colcon_core.shell:Creating environment descriptor '/home/eating/work/install/suction_description/share/suction_description/hook/cmake_prefix_path.dsv'
[1.496s] INFO:colcon.colcon_core.shell:Creating environment hook '/home/eating/work/install/suction_description/share/suction_description/hook/cmake_prefix_path.sh'
[1.496s] Level 1:colcon.colcon_core.environment:checking '/home/eating/work/install/suction_description/bin'
[1.496s] Level 1:colcon.colcon_core.environment:checking '/home/eating/work/install/suction_description/lib/pkgconfig/suction_description.pc'
[1.497s] Level 1:colcon.colcon_core.environment:checking '/home/eating/work/install/suction_description/lib/python3.10/site-packages'
[1.497s] Level 1:colcon.colcon_core.environment:checking '/home/eating/work/install/suction_description/bin'
[1.498s] INFO:colcon.colcon_core.shell:Creating package script '/home/eating/work/install/suction_description/share/suction_description/package.ps1'
[1.498s] INFO:colcon.colcon_core.shell:Creating package descriptor '/home/eating/work/install/suction_description/share/suction_description/package.dsv'
[1.499s] INFO:colcon.colcon_core.shell:Creating package script '/home/eating/work/install/suction_description/share/suction_description/package.sh'
[1.500s] INFO:colcon.colcon_core.shell:Creating package script '/home/eating/work/install/suction_description/share/suction_description/package.bash'
[1.500s] INFO:colcon.colcon_core.shell:Creating package script '/home/eating/work/install/suction_description/share/suction_description/package.zsh'
[1.501s] Level 1:colcon.colcon_core.environment:create_file_with_runtime_dependencies(/home/eating/work/install/suction_description/share/colcon-core/packages/suction_description)
[1.501s] Level 1:colcon.colcon_core.environment:create_environment_scripts_only(robot_arm_description)
[1.501s] Level 1:colcon.colcon_core.environment:checking '/home/eating/work/install/robot_arm_description' for CMake module files
[1.502s] Level 1:colcon.colcon_core.environment:checking '/home/eating/work/install/robot_arm_description' for CMake config files
[1.503s] DEBUG:colcon.colcon_core.event_handler.log_command:Invoked command in '/home/eating/work/build/robot_arm_description' returned '0': CMAKE_PREFIX_PATH=/opt/ros/humble /usr/bin/cmake --install /home/eating/work/build/robot_arm_description
[1.503s] Level 1:colcon.colcon_core.shell:create_environment_hook('robot_arm_description', 'cmake_prefix_path')
[1.503s] INFO:colcon.colcon_core.shell:Creating environment hook '/home/eating/work/install/robot_arm_description/share/robot_arm_description/hook/cmake_prefix_path.ps1'
[1.504s] INFO:colcon.colcon_core.shell:Creating environment descriptor '/home/eating/work/install/robot_arm_description/share/robot_arm_description/hook/cmake_prefix_path.dsv'
[1.504s] INFO:colcon.colcon_core.shell:Creating environment hook '/home/eating/work/install/robot_arm_description/share/robot_arm_description/hook/cmake_prefix_path.sh'
[1.504s] Level 1:colcon.colcon_core.environment:checking '/home/eating/work/install/robot_arm_description/bin'
[1.505s] Level 1:colcon.colcon_core.environment:checking '/home/eating/work/install/robot_arm_description/lib/pkgconfig/robot_arm_description.pc'
[1.505s] Level 1:colcon.colcon_core.environment:checking '/home/eating/work/install/robot_arm_description/lib/python3.10/site-packages'
[1.505s] Level 1:colcon.colcon_core.environment:checking '/home/eating/work/install/robot_arm_description/bin'
[1.505s] INFO:colcon.colcon_core.shell:Creating package script '/home/eating/work/install/robot_arm_description/share/robot_arm_description/package.ps1'
[1.506s] INFO:colcon.colcon_core.shell:Creating package descriptor '/home/eating/work/install/robot_arm_description/share/robot_arm_description/package.dsv'
[1.506s] INFO:colcon.colcon_core.shell:Creating package script '/home/eating/work/install/robot_arm_description/share/robot_arm_description/package.sh'
[1.506s] INFO:colcon.colcon_core.shell:Creating package script '/home/eating/work/install/robot_arm_description/share/robot_arm_description/package.bash'
[1.507s] INFO:colcon.colcon_core.shell:Creating package script '/home/eating/work/install/robot_arm_description/share/robot_arm_description/package.zsh'
[1.507s] Level 1:colcon.colcon_core.environment:create_file_with_runtime_dependencies(/home/eating/work/install/robot_arm_description/share/colcon-core/packages/robot_arm_description)
[1.508s] Level 1:colcon.colcon_core.environment:create_environment_scripts_only(robot_arm_description)
[1.508s] Level 1:colcon.colcon_core.environment:checking '/home/eating/work/install/robot_arm_description' for CMake module files
[1.508s] Level 1:colcon.colcon_core.environment:checking '/home/eating/work/install/robot_arm_description' for CMake config files
[1.508s] Level 1:colcon.colcon_core.shell:create_environment_hook('robot_arm_description', 'cmake_prefix_path')
[1.509s] INFO:colcon.colcon_core.shell:Creating environment hook '/home/eating/work/install/robot_arm_description/share/robot_arm_description/hook/cmake_prefix_path.ps1'
[1.509s] INFO:colcon.colcon_core.shell:Creating environment descriptor '/home/eating/work/install/robot_arm_description/share/robot_arm_description/hook/cmake_prefix_path.dsv'
[1.509s] INFO:colcon.colcon_core.shell:Creating environment hook '/home/eating/work/install/robot_arm_description/share/robot_arm_description/hook/cmake_prefix_path.sh'
[1.510s] Level 1:colcon.colcon_core.environment:checking '/home/eating/work/install/robot_arm_description/bin'
[1.510s] Level 1:colcon.colcon_core.environment:checking '/home/eating/work/install/robot_arm_description/lib/pkgconfig/robot_arm_description.pc'
[1.510s] Level 1:colcon.colcon_core.environment:checking '/home/eating/work/install/robot_arm_description/lib/python3.10/site-packages'
[1.510s] Level 1:colcon.colcon_core.environment:checking '/home/eating/work/install/robot_arm_description/bin'
[1.511s] INFO:colcon.colcon_core.shell:Creating package script '/home/eating/work/install/robot_arm_description/share/robot_arm_description/package.ps1'
[1.511s] INFO:colcon.colcon_core.shell:Creating package descriptor '/home/eating/work/install/robot_arm_description/share/robot_arm_description/package.dsv'
[1.512s] INFO:colcon.colcon_core.shell:Creating package script '/home/eating/work/install/robot_arm_description/share/robot_arm_description/package.sh'
[1.512s] INFO:colcon.colcon_core.shell:Creating package script '/home/eating/work/install/robot_arm_description/share/robot_arm_description/package.bash'
[1.512s] INFO:colcon.colcon_core.shell:Creating package script '/home/eating/work/install/robot_arm_description/share/robot_arm_description/package.zsh'
[1.513s] Level 1:colcon.colcon_core.environment:create_file_with_runtime_dependencies(/home/eating/work/install/robot_arm_description/share/colcon-core/packages/robot_arm_description)
[1.514s] INFO:colcon.colcon_ros.task.ament_cmake.build:Building ROS package in '/home/eating/work/src/timda_sim/timda_gazebo' with build type 'ament_cmake'
[1.514s] INFO:colcon.colcon_cmake.task.cmake.build:Building CMake package in '/home/eating/work/src/timda_sim/timda_gazebo'
[1.514s] INFO:colcon.colcon_core.shell:Skip shell extension 'powershell' for command environment: Not usable outside of PowerShell
[1.514s] DEBUG:colcon.colcon_core.shell:Skip shell extension 'dsv' for command environment
[1.516s] INFO:colcon.colcon_ros.task.ament_python.build:Building ROS package in '/home/eating/work/src/gui/gui' with build type 'ament_python'
[1.517s] Level 1:colcon.colcon_core.shell:create_environment_hook('gui', 'ament_prefix_path')
[1.517s] INFO:colcon.colcon_core.shell:Creating environment hook '/home/eating/work/install/gui/share/gui/hook/ament_prefix_path.ps1'
[1.517s] INFO:colcon.colcon_core.shell:Creating environment descriptor '/home/eating/work/install/gui/share/gui/hook/ament_prefix_path.dsv'
[1.518s] INFO:colcon.colcon_core.shell:Creating environment hook '/home/eating/work/install/gui/share/gui/hook/ament_prefix_path.sh'
[1.518s] INFO:colcon.colcon_core.shell:Skip shell extension 'powershell' for command environment: Not usable outside of PowerShell
[1.518s] DEBUG:colcon.colcon_core.shell:Skip shell extension 'dsv' for command environment
[1.521s] Level 1:colcon.colcon_core.environment:create_environment_scripts_only(timda_body_description)
[1.521s] Level 1:colcon.colcon_core.environment:checking '/home/eating/work/install/timda_body_description' for CMake module files
[1.521s] DEBUG:colcon.colcon_core.event_handler.log_command:Invoked command in '/home/eating/work/build/timda_body_description' returned '0': CMAKE_PREFIX_PATH=/opt/ros/humble /usr/bin/cmake --install /home/eating/work/build/timda_body_description
[1.522s] Level 1:colcon.colcon_core.environment:checking '/home/eating/work/install/timda_body_description' for CMake config files
[1.522s] Level 1:colcon.colcon_core.shell:create_environment_hook('timda_body_description', 'cmake_prefix_path')
[1.522s] INFO:colcon.colcon_core.shell:Creating environment hook '/home/eating/work/install/timda_body_description/share/timda_body_description/hook/cmake_prefix_path.ps1'
[1.522s] INFO:colcon.colcon_core.shell:Creating environment descriptor '/home/eating/work/install/timda_body_description/share/timda_body_description/hook/cmake_prefix_path.dsv'
[1.523s] INFO:colcon.colcon_core.shell:Creating environment hook '/home/eating/work/install/timda_body_description/share/timda_body_description/hook/cmake_prefix_path.sh'
[1.523s] Level 1:colcon.colcon_core.environment:checking '/home/eating/work/install/timda_body_description/bin'
[1.523s] Level 1:colcon.colcon_core.environment:checking '/home/eating/work/install/timda_body_description/lib/pkgconfig/timda_body_description.pc'
[1.524s] Level 1:colcon.colcon_core.environment:checking '/home/eating/work/install/timda_body_description/lib/python3.10/site-packages'
[1.524s] Level 1:colcon.colcon_core.environment:checking '/home/eating/work/install/timda_body_description/bin'
[1.524s] INFO:colcon.colcon_core.shell:Creating package script '/home/eating/work/install/timda_body_description/share/timda_body_description/package.ps1'
[1.524s] INFO:colcon.colcon_core.shell:Creating package descriptor '/home/eating/work/install/timda_body_description/share/timda_body_description/package.dsv'
[1.525s] INFO:colcon.colcon_core.shell:Creating package script '/home/eating/work/install/timda_body_description/share/timda_body_description/package.sh'
[1.525s] INFO:colcon.colcon_core.shell:Creating package script '/home/eating/work/install/timda_body_description/share/timda_body_description/package.bash'
[1.525s] INFO:colcon.colcon_core.shell:Creating package script '/home/eating/work/install/timda_body_description/share/timda_body_description/package.zsh'
[1.526s] Level 1:colcon.colcon_core.environment:create_file_with_runtime_dependencies(/home/eating/work/install/timda_body_description/share/colcon-core/packages/timda_body_description)
[1.526s] Level 1:colcon.colcon_core.environment:create_environment_scripts_only(timda_body_description)
[1.527s] Level 1:colcon.colcon_core.environment:checking '/home/eating/work/install/timda_body_description' for CMake module files
[1.527s] Level 1:colcon.colcon_core.environment:checking '/home/eating/work/install/timda_body_description' for CMake config files
[1.527s] Level 1:colcon.colcon_core.shell:create_environment_hook('timda_body_description', 'cmake_prefix_path')
[1.527s] INFO:colcon.colcon_core.shell:Creating environment hook '/home/eating/work/install/timda_body_description/share/timda_body_description/hook/cmake_prefix_path.ps1'
[1.528s] INFO:colcon.colcon_core.shell:Creating environment descriptor '/home/eating/work/install/timda_body_description/share/timda_body_description/hook/cmake_prefix_path.dsv'
[1.528s] INFO:colcon.colcon_core.shell:Creating environment hook '/home/eating/work/install/timda_body_description/share/timda_body_description/hook/cmake_prefix_path.sh'
[1.528s] Level 1:colcon.colcon_core.environment:checking '/home/eating/work/install/timda_body_description/bin'
[1.529s] Level 1:colcon.colcon_core.environment:checking '/home/eating/work/install/timda_body_description/lib/pkgconfig/timda_body_description.pc'
[1.529s] Level 1:colcon.colcon_core.environment:checking '/home/eating/work/install/timda_body_description/lib/python3.10/site-packages'
[1.529s] Level 1:colcon.colcon_core.environment:checking '/home/eating/work/install/timda_body_description/bin'
[1.529s] INFO:colcon.colcon_core.shell:Creating package script '/home/eating/work/install/timda_body_description/share/timda_body_description/package.ps1'
[1.530s] INFO:colcon.colcon_core.shell:Creating package descriptor '/home/eating/work/install/timda_body_description/share/timda_body_description/package.dsv'
[1.530s] INFO:colcon.colcon_core.shell:Creating package script '/home/eating/work/install/timda_body_description/share/timda_body_description/package.sh'
[1.531s] INFO:colcon.colcon_core.shell:Creating package script '/home/eating/work/install/timda_body_description/share/timda_body_description/package.bash'
[1.532s] INFO:colcon.colcon_core.shell:Creating package script '/home/eating/work/install/timda_body_description/share/timda_body_description/package.zsh'
[1.532s] Level 1:colcon.colcon_core.environment:create_file_with_runtime_dependencies(/home/eating/work/install/timda_body_description/share/colcon-core/packages/timda_body_description)
[1.534s] INFO:colcon.colcon_ros.task.ament_python.build:Building ROS package in '/home/eating/work/src/main_control/main_control' with build type 'ament_python'
[1.534s] Level 1:colcon.colcon_core.shell:create_environment_hook('main_control', 'ament_prefix_path')
[1.534s] INFO:colcon.colcon_core.shell:Creating environment hook '/home/eating/work/install/main_control/share/main_control/hook/ament_prefix_path.ps1'
[1.535s] INFO:colcon.colcon_core.shell:Creating environment descriptor '/home/eating/work/install/main_control/share/main_control/hook/ament_prefix_path.dsv'
[1.535s] INFO:colcon.colcon_core.shell:Creating environment hook '/home/eating/work/install/main_control/share/main_control/hook/ament_prefix_path.sh'
[1.535s] INFO:colcon.colcon_core.shell:Skip shell extension 'powershell' for command environment: Not usable outside of PowerShell
[1.535s] DEBUG:colcon.colcon_core.shell:Skip shell extension 'dsv' for command environment
[1.542s] DEBUG:colcon.colcon_core.event_handler.log_command:Invoking command in '/home/eating/work/build/timda_description': CMAKE_PREFIX_PATH=/opt/ros/humble /usr/bin/cmake --build /home/eating/work/build/timda_description -- -j8 -l8
[1.543s] DEBUG:colcon.colcon_core.event_handler.log_command:Invoked command in '/home/eating/work/build/pallet_interfaces' returned '0': CMAKE_PREFIX_PATH=/opt/ros/humble /usr/bin/cmake --build /home/eating/work/build/pallet_interfaces -- -j8 -l8
[1.543s] DEBUG:colcon.colcon_core.event_handler.log_command:Invoking command in '/home/eating/work/build/pallet_interfaces': CMAKE_PREFIX_PATH=/opt/ros/humble /usr/bin/cmake --install /home/eating/work/build/pallet_interfaces
[1.550s] DEBUG:colcon.colcon_core.event_handler.log_command:Invoked command in '/home/eating/work/build/timda_bringup' returned '0': CMAKE_PREFIX_PATH=/opt/ros/humble /usr/bin/cmake --build /home/eating/work/build/timda_bringup -- -j8 -l8
[1.552s] DEBUG:colcon.colcon_core.event_handler.log_command:Invoking command in '/home/eating/work/build/timda_bringup': CMAKE_PREFIX_PATH=/opt/ros/humble /usr/bin/cmake --install /home/eating/work/build/timda_bringup
[1.574s] DEBUG:colcon.colcon_core.event_handler.log_command:Invoking command in '/home/eating/work/build/timda_gazebo': CMAKE_PREFIX_PATH=/opt/ros/humble /usr/bin/cmake --build /home/eating/work/build/timda_gazebo -- -j8 -l8
[1.820s] INFO:colcon.colcon_core.task.python.build:Building Python package in '/home/eating/work/src/gui/gui'
[1.820s] INFO:colcon.colcon_core.shell:Skip shell extension 'powershell' for command environment: Not usable outside of PowerShell
[1.820s] DEBUG:colcon.colcon_core.shell:Skip shell extension 'dsv' for command environment
[2.059s] INFO:colcon.colcon_core.task.python.build:Building Python package in '/home/eating/work/src/main_control/main_control'
[2.059s] INFO:colcon.colcon_core.shell:Skip shell extension 'powershell' for command environment: Not usable outside of PowerShell
[2.059s] DEBUG:colcon.colcon_core.shell:Skip shell extension 'dsv' for command environment
[2.063s] DEBUG:colcon.colcon_core.event_handler.log_command:Invoked command in '/home/eating/work/build/timda_description' returned '0': CMAKE_PREFIX_PATH=/opt/ros/humble /usr/bin/cmake --build /home/eating/work/build/timda_description -- -j8 -l8
[2.064s] DEBUG:colcon.colcon_core.event_handler.log_command:Invoking command in '/home/eating/work/build/timda_description': CMAKE_PREFIX_PATH=/opt/ros/humble /usr/bin/cmake --install /home/eating/work/build/timda_description
[2.064s] DEBUG:colcon.colcon_core.event_handler.log_command:Invoked command in '/home/eating/work/build/timda_gazebo' returned '0': CMAKE_PREFIX_PATH=/opt/ros/humble /usr/bin/cmake --build /home/eating/work/build/timda_gazebo -- -j8 -l8
[2.065s] DEBUG:colcon.colcon_core.event_handler.log_command:Invoking command in '/home/eating/work/build/timda_gazebo': CMAKE_PREFIX_PATH=/opt/ros/humble /usr/bin/cmake --install /home/eating/work/build/timda_gazebo
[2.066s] Level 1:colcon.colcon_core.environment:create_environment_scripts_only(timda_bringup)
[2.066s] Level 1:colcon.colcon_core.environment:checking '/home/eating/work/install/timda_bringup' for CMake module files
[2.066s] DEBUG:colcon.colcon_core.event_handler.log_command:Invoked command in '/home/eating/work/build/timda_bringup' returned '0': CMAKE_PREFIX_PATH=/opt/ros/humble /usr/bin/cmake --install /home/eating/work/build/timda_bringup
[2.067s] Level 1:colcon.colcon_core.environment:checking '/home/eating/work/install/timda_bringup' for CMake config files
[2.067s] Level 1:colcon.colcon_core.shell:create_environment_hook('timda_bringup', 'cmake_prefix_path')
[2.067s] INFO:colcon.colcon_core.shell:Creating environment hook '/home/eating/work/install/timda_bringup/share/timda_bringup/hook/cmake_prefix_path.ps1'
[2.067s] INFO:colcon.colcon_core.shell:Creating environment descriptor '/home/eating/work/install/timda_bringup/share/timda_bringup/hook/cmake_prefix_path.dsv'
[2.068s] INFO:colcon.colcon_core.shell:Creating environment hook '/home/eating/work/install/timda_bringup/share/timda_bringup/hook/cmake_prefix_path.sh'
[2.068s] Level 1:colcon.colcon_core.environment:checking '/home/eating/work/install/timda_bringup/bin'
[2.068s] Level 1:colcon.colcon_core.environment:checking '/home/eating/work/install/timda_bringup/lib/pkgconfig/timda_bringup.pc'
[2.069s] Level 1:colcon.colcon_core.environment:checking '/home/eating/work/install/timda_bringup/lib/python3.10/site-packages'
[2.069s] Level 1:colcon.colcon_core.environment:checking '/home/eating/work/install/timda_bringup/bin'
[2.069s] INFO:colcon.colcon_core.shell:Creating package script '/home/eating/work/install/timda_bringup/share/timda_bringup/package.ps1'
[2.069s] INFO:colcon.colcon_core.shell:Creating package descriptor '/home/eating/work/install/timda_bringup/share/timda_bringup/package.dsv'
[2.070s] INFO:colcon.colcon_core.shell:Creating package script '/home/eating/work/install/timda_bringup/share/timda_bringup/package.sh'
[2.070s] INFO:colcon.colcon_core.shell:Creating package script '/home/eating/work/install/timda_bringup/share/timda_bringup/package.bash'
[2.070s] INFO:colcon.colcon_core.shell:Creating package script '/home/eating/work/install/timda_bringup/share/timda_bringup/package.zsh'
[2.071s] Level 1:colcon.colcon_core.environment:create_file_with_runtime_dependencies(/home/eating/work/install/timda_bringup/share/colcon-core/packages/timda_bringup)
[2.071s] Level 1:colcon.colcon_core.environment:create_environment_scripts_only(timda_bringup)
[2.071s] Level 1:colcon.colcon_core.environment:checking '/home/eating/work/install/timda_bringup' for CMake module files
[2.072s] Level 1:colcon.colcon_core.environment:checking '/home/eating/work/install/timda_bringup' for CMake config files
[2.072s] Level 1:colcon.colcon_core.shell:create_environment_hook('timda_bringup', 'cmake_prefix_path')
[2.072s] INFO:colcon.colcon_core.shell:Creating environment hook '/home/eating/work/install/timda_bringup/share/timda_bringup/hook/cmake_prefix_path.ps1'
[2.073s] INFO:colcon.colcon_core.shell:Creating environment descriptor '/home/eating/work/install/timda_bringup/share/timda_bringup/hook/cmake_prefix_path.dsv'
[2.073s] INFO:colcon.colcon_core.shell:Creating environment hook '/home/eating/work/install/timda_bringup/share/timda_bringup/hook/cmake_prefix_path.sh'
[2.074s] Level 1:colcon.colcon_core.environment:checking '/home/eating/work/install/timda_bringup/bin'
[2.074s] Level 1:colcon.colcon_core.environment:checking '/home/eating/work/install/timda_bringup/lib/pkgconfig/timda_bringup.pc'
[2.074s] Level 1:colcon.colcon_core.environment:checking '/home/eating/work/install/timda_bringup/lib/python3.10/site-packages'
[2.074s] Level 1:colcon.colcon_core.environment:checking '/home/eating/work/install/timda_bringup/bin'
[2.074s] INFO:colcon.colcon_core.shell:Creating package script '/home/eating/work/install/timda_bringup/share/timda_bringup/package.ps1'
[2.075s] INFO:colcon.colcon_core.shell:Creating package descriptor '/home/eating/work/install/timda_bringup/share/timda_bringup/package.dsv'
[2.075s] INFO:colcon.colcon_core.shell:Creating package script '/home/eating/work/install/timda_bringup/share/timda_bringup/package.sh'
[2.076s] INFO:colcon.colcon_core.shell:Creating package script '/home/eating/work/install/timda_bringup/share/timda_bringup/package.bash'
[2.076s] INFO:colcon.colcon_core.shell:Creating package script '/home/eating/work/install/timda_bringup/share/timda_bringup/package.zsh'
[2.076s] Level 1:colcon.colcon_core.environment:create_file_with_runtime_dependencies(/home/eating/work/install/timda_bringup/share/colcon-core/packages/timda_bringup)
[2.077s] Level 1:colcon.colcon_core.environment:create_environment_scripts_only(pallet_interfaces)
[2.077s] Level 1:colcon.colcon_core.environment:checking '/home/eating/work/install/pallet_interfaces' for CMake module files
[2.078s] DEBUG:colcon.colcon_core.event_handler.log_command:Invoked command in '/home/eating/work/build/pallet_interfaces' returned '0': CMAKE_PREFIX_PATH=/opt/ros/humble /usr/bin/cmake --install /home/eating/work/build/pallet_interfaces
[2.078s] Level 1:colcon.colcon_core.environment:checking '/home/eating/work/install/pallet_interfaces' for CMake config files
[2.079s] Level 1:colcon.colcon_core.shell:create_environment_hook('pallet_interfaces', 'cmake_prefix_path')
[2.079s] INFO:colcon.colcon_core.shell:Creating environment hook '/home/eating/work/install/pallet_interfaces/share/pallet_interfaces/hook/cmake_prefix_path.ps1'
[2.079s] INFO:colcon.colcon_core.shell:Creating environment descriptor '/home/eating/work/install/pallet_interfaces/share/pallet_interfaces/hook/cmake_prefix_path.dsv'
[2.079s] INFO:colcon.colcon_core.shell:Creating environment hook '/home/eating/work/install/pallet_interfaces/share/pallet_interfaces/hook/cmake_prefix_path.sh'
[2.080s] Level 1:colcon.colcon_core.environment:checking '/home/eating/work/install/pallet_interfaces/lib'
[2.080s] Level 1:colcon.colcon_core.shell:create_environment_hook('pallet_interfaces', 'ld_library_path_lib')
[2.080s] INFO:colcon.colcon_core.shell:Creating environment hook '/home/eating/work/install/pallet_interfaces/share/pallet_interfaces/hook/ld_library_path_lib.ps1'
[2.081s] INFO:colcon.colcon_core.shell:Creating environment descriptor '/home/eating/work/install/pallet_interfaces/share/pallet_interfaces/hook/ld_library_path_lib.dsv'
[2.081s] INFO:colcon.colcon_core.shell:Creating environment hook '/home/eating/work/install/pallet_interfaces/share/pallet_interfaces/hook/ld_library_path_lib.sh'
[2.081s] Level 1:colcon.colcon_core.environment:checking '/home/eating/work/install/pallet_interfaces/bin'
[2.081s] Level 1:colcon.colcon_core.environment:checking '/home/eating/work/install/pallet_interfaces/lib/pkgconfig/pallet_interfaces.pc'
[2.081s] Level 1:colcon.colcon_core.environment:checking '/home/eating/work/install/pallet_interfaces/lib/python3.10/site-packages'
[2.082s] Level 1:colcon.colcon_core.environment:checking '/home/eating/work/install/pallet_interfaces/bin'
[2.082s] INFO:colcon.colcon_core.shell:Creating package script '/home/eating/work/install/pallet_interfaces/share/pallet_interfaces/package.ps1'
[2.082s] INFO:colcon.colcon_core.shell:Creating package descriptor '/home/eating/work/install/pallet_interfaces/share/pallet_interfaces/package.dsv'
[2.083s] INFO:colcon.colcon_core.shell:Creating package script '/home/eating/work/install/pallet_interfaces/share/pallet_interfaces/package.sh'
[2.083s] INFO:colcon.colcon_core.shell:Creating package script '/home/eating/work/install/pallet_interfaces/share/pallet_interfaces/package.bash'
[2.083s] INFO:colcon.colcon_core.shell:Creating package script '/home/eating/work/install/pallet_interfaces/share/pallet_interfaces/package.zsh'
[2.084s] Level 1:colcon.colcon_core.environment:create_file_with_runtime_dependencies(/home/eating/work/install/pallet_interfaces/share/colcon-core/packages/pallet_interfaces)
[2.084s] Level 1:colcon.colcon_core.environment:create_environment_scripts_only(pallet_interfaces)
[2.084s] Level 1:colcon.colcon_core.environment:checking '/home/eating/work/install/pallet_interfaces' for CMake module files
[2.085s] Level 1:colcon.colcon_core.environment:checking '/home/eating/work/install/pallet_interfaces' for CMake config files
[2.085s] Level 1:colcon.colcon_core.shell:create_environment_hook('pallet_interfaces', 'cmake_prefix_path')
[2.085s] INFO:colcon.colcon_core.shell:Creating environment hook '/home/eating/work/install/pallet_interfaces/share/pallet_interfaces/hook/cmake_prefix_path.ps1'
[2.086s] INFO:colcon.colcon_core.shell:Creating environment descriptor '/home/eating/work/install/pallet_interfaces/share/pallet_interfaces/hook/cmake_prefix_path.dsv'
[2.086s] INFO:colcon.colcon_core.shell:Creating environment hook '/home/eating/work/install/pallet_interfaces/share/pallet_interfaces/hook/cmake_prefix_path.sh'
[2.086s] Level 1:colcon.colcon_core.environment:checking '/home/eating/work/install/pallet_interfaces/lib'
[2.087s] Level 1:colcon.colcon_core.shell:create_environment_hook('pallet_interfaces', 'ld_library_path_lib')
[2.087s] INFO:colcon.colcon_core.shell:Creating environment hook '/home/eating/work/install/pallet_interfaces/share/pallet_interfaces/hook/ld_library_path_lib.ps1'
[2.087s] INFO:colcon.colcon_core.shell:Creating environment descriptor '/home/eating/work/install/pallet_interfaces/share/pallet_interfaces/hook/ld_library_path_lib.dsv'
[2.087s] INFO:colcon.colcon_core.shell:Creating environment hook '/home/eating/work/install/pallet_interfaces/share/pallet_interfaces/hook/ld_library_path_lib.sh'
[2.088s] Level 1:colcon.colcon_core.environment:checking '/home/eating/work/install/pallet_interfaces/bin'
[2.088s] Level 1:colcon.colcon_core.environment:checking '/home/eating/work/install/pallet_interfaces/lib/pkgconfig/pallet_interfaces.pc'
[2.088s] Level 1:colcon.colcon_core.environment:checking '/home/eating/work/install/pallet_interfaces/lib/python3.10/site-packages'
[2.088s] Level 1:colcon.colcon_core.environment:checking '/home/eating/work/install/pallet_interfaces/bin'
[2.089s] INFO:colcon.colcon_core.shell:Creating package script '/home/eating/work/install/pallet_interfaces/share/pallet_interfaces/package.ps1'
[2.089s] INFO:colcon.colcon_core.shell:Creating package descriptor '/home/eating/work/install/pallet_interfaces/share/pallet_interfaces/package.dsv'
[2.090s] INFO:colcon.colcon_core.shell:Creating package script '/home/eating/work/install/pallet_interfaces/share/pallet_interfaces/package.sh'
[2.090s] INFO:colcon.colcon_core.shell:Creating package script '/home/eating/work/install/pallet_interfaces/share/pallet_interfaces/package.bash'
[2.090s] INFO:colcon.colcon_core.shell:Creating package script '/home/eating/work/install/pallet_interfaces/share/pallet_interfaces/package.zsh'
[2.091s] Level 1:colcon.colcon_core.environment:create_file_with_runtime_dependencies(/home/eating/work/install/pallet_interfaces/share/colcon-core/packages/pallet_interfaces)
[2.093s] Level 1:colcon.colcon_core.environment:checking '/home/eating/work/install/docking_pkg' for CMake module files
[2.094s] DEBUG:colcon.colcon_core.event_handler.log_command:Invoking command in '/home/eating/work/src/pallet/pallet_main': PYTHONPATH=/home/eating/work/build/pallet_main/prefix_override:/usr/lib/python3/dist-packages/colcon_core/task/python/colcon_distutils_commands:/home/eating/work/install/pallet_main/lib/python3.10/site-packages:${PYTHONPATH} /usr/bin/python3 -W ignore:setup.py install is deprecated -W ignore:easy_install command is deprecated setup.py egg_info --egg-base ../../../build/pallet_main build --build-base /home/eating/work/build/pallet_main/build install --record /home/eating/work/build/pallet_main/install.log --single-version-externally-managed install_data
[2.094s] Level 1:colcon.colcon_core.environment:checking '/home/eating/work/install/docking_pkg' for CMake config files
[2.094s] DEBUG:colcon.colcon_core.event_handler.log_command:Invoked command in '/home/eating/work/src/docking/docking_pkg' returned '0': PYTHONPATH=/home/eating/work/build/docking_pkg/prefix_override:/usr/lib/python3/dist-packages/colcon_core/task/python/colcon_distutils_commands:/home/eating/work/install/docking_pkg/lib/python3.10/site-packages:${PYTHONPATH} /usr/bin/python3 -W ignore:setup.py install is deprecated -W ignore:easy_install command is deprecated setup.py egg_info --egg-base ../../../build/docking_pkg build --build-base /home/eating/work/build/docking_pkg/build install --record /home/eating/work/build/docking_pkg/install.log --single-version-externally-managed install_data
[2.095s] Level 1:colcon.colcon_core.environment:checking '/home/eating/work/install/docking_pkg/lib'
[2.095s] Level 1:colcon.colcon_core.environment:checking '/home/eating/work/install/docking_pkg/bin'
[2.095s] Level 1:colcon.colcon_core.environment:checking '/home/eating/work/install/docking_pkg/lib/pkgconfig/docking_pkg.pc'
[2.095s] Level 1:colcon.colcon_core.environment:checking '/home/eating/work/install/docking_pkg/lib/python3.10/site-packages'
[2.095s] Level 1:colcon.colcon_core.shell:create_environment_hook('docking_pkg', 'pythonpath')
[2.095s] INFO:colcon.colcon_core.shell:Creating environment hook '/home/eating/work/install/docking_pkg/share/docking_pkg/hook/pythonpath.ps1'
[2.096s] INFO:colcon.colcon_core.shell:Creating environment descriptor '/home/eating/work/install/docking_pkg/share/docking_pkg/hook/pythonpath.dsv'
[2.096s] INFO:colcon.colcon_core.shell:Creating environment hook '/home/eating/work/install/docking_pkg/share/docking_pkg/hook/pythonpath.sh'
[2.096s] Level 1:colcon.colcon_core.environment:checking '/home/eating/work/install/docking_pkg/bin'
[2.096s] Level 1:colcon.colcon_core.environment:create_environment_scripts_only(docking_pkg)
[2.097s] INFO:colcon.colcon_core.shell:Creating package script '/home/eating/work/install/docking_pkg/share/docking_pkg/package.ps1'
[2.097s] INFO:colcon.colcon_core.shell:Creating package descriptor '/home/eating/work/install/docking_pkg/share/docking_pkg/package.dsv'
[2.098s] INFO:colcon.colcon_core.shell:Creating package script '/home/eating/work/install/docking_pkg/share/docking_pkg/package.sh'
[2.098s] INFO:colcon.colcon_core.shell:Creating package script '/home/eating/work/install/docking_pkg/share/docking_pkg/package.bash'
[2.098s] INFO:colcon.colcon_core.shell:Creating package script '/home/eating/work/install/docking_pkg/share/docking_pkg/package.zsh'
[2.099s] Level 1:colcon.colcon_core.environment:create_file_with_runtime_dependencies(/home/eating/work/install/docking_pkg/share/colcon-core/packages/docking_pkg)
[2.099s] INFO:colcon.colcon_ros.task.ament_cmake.build:Building ROS package in '/home/eating/work/src/docking/realsense-ros/realsense2_camera' with build type 'ament_cmake'
[2.099s] INFO:colcon.colcon_cmake.task.cmake.build:Building CMake package in '/home/eating/work/src/docking/realsense-ros/realsense2_camera'
[2.100s] INFO:colcon.colcon_core.shell:Skip shell extension 'powershell' for command environment: Not usable outside of PowerShell
[2.100s] DEBUG:colcon.colcon_core.shell:Skip shell extension 'dsv' for command environment
[2.105s] INFO:colcon.colcon_ros.task.ament_cmake.build:Building ROS package in '/home/eating/work/src/docking/realsense-ros/realsense2_description' with build type 'ament_cmake'
[2.105s] INFO:colcon.colcon_cmake.task.cmake.build:Building CMake package in '/home/eating/work/src/docking/realsense-ros/realsense2_description'
[2.106s] INFO:colcon.colcon_core.shell:Skip shell extension 'powershell' for command environment: Not usable outside of PowerShell
[2.106s] DEBUG:colcon.colcon_core.shell:Skip shell extension 'dsv' for command environment
[2.111s] Level 1:colcon.colcon_core.environment:create_environment_scripts_only(timda_description)
[2.111s] Level 1:colcon.colcon_core.environment:checking '/home/eating/work/install/timda_description' for CMake module files
[2.112s] DEBUG:colcon.colcon_core.event_handler.log_command:Invoked command in '/home/eating/work/build/timda_description' returned '0': CMAKE_PREFIX_PATH=/opt/ros/humble /usr/bin/cmake --install /home/eating/work/build/timda_description
[2.112s] Level 1:colcon.colcon_core.environment:checking '/home/eating/work/install/timda_description' for CMake config files
[2.112s] Level 1:colcon.colcon_core.shell:create_environment_hook('timda_description', 'cmake_prefix_path')
[2.112s] INFO:colcon.colcon_core.shell:Creating environment hook '/home/eating/work/install/timda_description/share/timda_description/hook/cmake_prefix_path.ps1'
[2.113s] INFO:colcon.colcon_core.shell:Creating environment descriptor '/home/eating/work/install/timda_description/share/timda_description/hook/cmake_prefix_path.dsv'
[2.113s] INFO:colcon.colcon_core.shell:Creating environment hook '/home/eating/work/install/timda_description/share/timda_description/hook/cmake_prefix_path.sh'
[2.114s] Level 1:colcon.colcon_core.environment:checking '/home/eating/work/install/timda_description/bin'
[2.114s] Level 1:colcon.colcon_core.environment:checking '/home/eating/work/install/timda_description/lib/pkgconfig/timda_description.pc'
[2.114s] Level 1:colcon.colcon_core.environment:checking '/home/eating/work/install/timda_description/lib/python3.10/site-packages'
[2.114s] Level 1:colcon.colcon_core.environment:checking '/home/eating/work/install/timda_description/bin'
[2.115s] INFO:colcon.colcon_core.shell:Creating package script '/home/eating/work/install/timda_description/share/timda_description/package.ps1'
[2.115s] INFO:colcon.colcon_core.shell:Creating package descriptor '/home/eating/work/install/timda_description/share/timda_description/package.dsv'
[2.115s] INFO:colcon.colcon_core.shell:Creating package script '/home/eating/work/install/timda_description/share/timda_description/package.sh'
[2.116s] INFO:colcon.colcon_core.shell:Creating package script '/home/eating/work/install/timda_description/share/timda_description/package.bash'
[2.116s] INFO:colcon.colcon_core.shell:Creating package script '/home/eating/work/install/timda_description/share/timda_description/package.zsh'
[2.116s] Level 1:colcon.colcon_core.environment:create_file_with_runtime_dependencies(/home/eating/work/install/timda_description/share/colcon-core/packages/timda_description)
[2.117s] Level 1:colcon.colcon_core.environment:create_environment_scripts_only(timda_description)
[2.117s] Level 1:colcon.colcon_core.environment:checking '/home/eating/work/install/timda_description' for CMake module files
[2.117s] Level 1:colcon.colcon_core.environment:checking '/home/eating/work/install/timda_description' for CMake config files
[2.117s] Level 1:colcon.colcon_core.shell:create_environment_hook('timda_description', 'cmake_prefix_path')
[2.118s] INFO:colcon.colcon_core.shell:Creating environment hook '/home/eating/work/install/timda_description/share/timda_description/hook/cmake_prefix_path.ps1'
[2.118s] INFO:colcon.colcon_core.shell:Creating environment descriptor '/home/eating/work/install/timda_description/share/timda_description/hook/cmake_prefix_path.dsv'
[2.118s] INFO:colcon.colcon_core.shell:Creating environment hook '/home/eating/work/install/timda_description/share/timda_description/hook/cmake_prefix_path.sh'
[2.119s] Level 1:colcon.colcon_core.environment:checking '/home/eating/work/install/timda_description/bin'
[2.119s] Level 1:colcon.colcon_core.environment:checking '/home/eating/work/install/timda_description/lib/pkgconfig/timda_description.pc'
[2.119s] Level 1:colcon.colcon_core.environment:checking '/home/eating/work/install/timda_description/lib/python3.10/site-packages'
[2.119s] Level 1:colcon.colcon_core.environment:checking '/home/eating/work/install/timda_description/bin'
[2.119s] INFO:colcon.colcon_core.shell:Creating package script '/home/eating/work/install/timda_description/share/timda_description/package.ps1'
[2.120s] INFO:colcon.colcon_core.shell:Creating package descriptor '/home/eating/work/install/timda_description/share/timda_description/package.dsv'
[2.120s] INFO:colcon.colcon_core.shell:Creating package script '/home/eating/work/install/timda_description/share/timda_description/package.sh'
[2.121s] INFO:colcon.colcon_core.shell:Creating package script '/home/eating/work/install/timda_description/share/timda_description/package.bash'
[2.121s] INFO:colcon.colcon_core.shell:Creating package script '/home/eating/work/install/timda_description/share/timda_description/package.zsh'
[2.121s] Level 1:colcon.colcon_core.environment:create_file_with_runtime_dependencies(/home/eating/work/install/timda_description/share/colcon-core/packages/timda_description)
[2.122s] Level 1:colcon.colcon_core.environment:create_environment_scripts_only(timda_gazebo)
[2.122s] Level 1:colcon.colcon_core.environment:checking '/home/eating/work/install/timda_gazebo' for CMake module files
[2.123s] DEBUG:colcon.colcon_core.event_handler.log_command:Invoked command in '/home/eating/work/build/timda_gazebo' returned '0': CMAKE_PREFIX_PATH=/opt/ros/humble /usr/bin/cmake --install /home/eating/work/build/timda_gazebo
[2.123s] Level 1:colcon.colcon_core.environment:checking '/home/eating/work/install/timda_gazebo' for CMake config files
[2.123s] Level 1:colcon.colcon_core.shell:create_environment_hook('timda_gazebo', 'cmake_prefix_path')
[2.123s] INFO:colcon.colcon_core.shell:Creating environment hook '/home/eating/work/install/timda_gazebo/share/timda_gazebo/hook/cmake_prefix_path.ps1'
[2.124s] INFO:colcon.colcon_core.shell:Creating environment descriptor '/home/eating/work/install/timda_gazebo/share/timda_gazebo/hook/cmake_prefix_path.dsv'
[2.124s] INFO:colcon.colcon_core.shell:Creating environment hook '/home/eating/work/install/timda_gazebo/share/timda_gazebo/hook/cmake_prefix_path.sh'
[2.125s] Level 1:colcon.colcon_core.environment:checking '/home/eating/work/install/timda_gazebo/bin'
[2.125s] Level 1:colcon.colcon_core.environment:checking '/home/eating/work/install/timda_gazebo/lib/pkgconfig/timda_gazebo.pc'
[2.125s] Level 1:colcon.colcon_core.environment:checking '/home/eating/work/install/timda_gazebo/lib/python3.10/site-packages'
[2.125s] Level 1:colcon.colcon_core.environment:checking '/home/eating/work/install/timda_gazebo/bin'
[2.125s] INFO:colcon.colcon_core.shell:Creating package script '/home/eating/work/install/timda_gazebo/share/timda_gazebo/package.ps1'
[2.126s] INFO:colcon.colcon_core.shell:Creating package descriptor '/home/eating/work/install/timda_gazebo/share/timda_gazebo/package.dsv'
[2.126s] INFO:colcon.colcon_core.shell:Creating package script '/home/eating/work/install/timda_gazebo/share/timda_gazebo/package.sh'
[2.126s] INFO:colcon.colcon_core.shell:Creating package script '/home/eating/work/install/timda_gazebo/share/timda_gazebo/package.bash'
[2.127s] INFO:colcon.colcon_core.shell:Creating package script '/home/eating/work/install/timda_gazebo/share/timda_gazebo/package.zsh'
[2.127s] Level 1:colcon.colcon_core.environment:create_file_with_runtime_dependencies(/home/eating/work/install/timda_gazebo/share/colcon-core/packages/timda_gazebo)
[2.127s] Level 1:colcon.colcon_core.environment:create_environment_scripts_only(timda_gazebo)
[2.128s] Level 1:colcon.colcon_core.environment:checking '/home/eating/work/install/timda_gazebo' for CMake module files
[2.128s] Level 1:colcon.colcon_core.environment:checking '/home/eating/work/install/timda_gazebo' for CMake config files
[2.128s] Level 1:colcon.colcon_core.shell:create_environment_hook('timda_gazebo', 'cmake_prefix_path')
[2.128s] INFO:colcon.colcon_core.shell:Creating environment hook '/home/eating/work/install/timda_gazebo/share/timda_gazebo/hook/cmake_prefix_path.ps1'
[2.129s] INFO:colcon.colcon_core.shell:Creating environment descriptor '/home/eating/work/install/timda_gazebo/share/timda_gazebo/hook/cmake_prefix_path.dsv'
[2.129s] INFO:colcon.colcon_core.shell:Creating environment hook '/home/eating/work/install/timda_gazebo/share/timda_gazebo/hook/cmake_prefix_path.sh'
[2.129s] Level 1:colcon.colcon_core.environment:checking '/home/eating/work/install/timda_gazebo/bin'
[2.129s] Level 1:colcon.colcon_core.environment:checking '/home/eating/work/install/timda_gazebo/lib/pkgconfig/timda_gazebo.pc'
[2.130s] Level 1:colcon.colcon_core.environment:checking '/home/eating/work/install/timda_gazebo/lib/python3.10/site-packages'
[2.130s] Level 1:colcon.colcon_core.environment:checking '/home/eating/work/install/timda_gazebo/bin'
[2.130s] INFO:colcon.colcon_core.shell:Creating package script '/home/eating/work/install/timda_gazebo/share/timda_gazebo/package.ps1'
[2.131s] INFO:colcon.colcon_core.shell:Creating package descriptor '/home/eating/work/install/timda_gazebo/share/timda_gazebo/package.dsv'
[2.131s] INFO:colcon.colcon_core.shell:Creating package script '/home/eating/work/install/timda_gazebo/share/timda_gazebo/package.sh'
[2.131s] INFO:colcon.colcon_core.shell:Creating package script '/home/eating/work/install/timda_gazebo/share/timda_gazebo/package.bash'
[2.132s] INFO:colcon.colcon_core.shell:Creating package script '/home/eating/work/install/timda_gazebo/share/timda_gazebo/package.zsh'
[2.132s] Level 1:colcon.colcon_core.environment:create_file_with_runtime_dependencies(/home/eating/work/install/timda_gazebo/share/colcon-core/packages/timda_gazebo)
[2.138s] DEBUG:colcon.colcon_core.event_handler.log_command:Invoking command in '/home/eating/work/build/realsense2_camera': AMENT_PREFIX_PATH=/home/eating/work/install/realsense2_camera_msgs:${AMENT_PREFIX_PATH} CMAKE_PREFIX_PATH=/home/eating/work/install/realsense2_camera_msgs:/opt/ros/humble LD_LIBRARY_PATH=/home/eating/work/install/realsense2_camera_msgs/lib:${LD_LIBRARY_PATH} PYTHONPATH=/home/eating/work/install/realsense2_camera_msgs/local/lib/python3.10/dist-packages:${PYTHONPATH} /usr/bin/cmake --build /home/eating/work/build/realsense2_camera -- -j8 -l8
[2.141s] DEBUG:colcon.colcon_core.event_handler.log_command:Invoking command in '/home/eating/work/build/realsense2_description': AMENT_PREFIX_PATH=/home/eating/work/install/realsense2_camera_msgs:${AMENT_PREFIX_PATH} CMAKE_PREFIX_PATH=/home/eating/work/install/realsense2_camera_msgs:/opt/ros/humble LD_LIBRARY_PATH=/home/eating/work/install/realsense2_camera_msgs/lib:${LD_LIBRARY_PATH} PYTHONPATH=/home/eating/work/install/realsense2_camera_msgs/local/lib/python3.10/dist-packages:${PYTHONPATH} /usr/bin/cmake --build /home/eating/work/build/realsense2_description -- -j8 -l8
[2.184s] DEBUG:colcon.colcon_core.event_handler.log_command:Invoked command in '/home/eating/work/build/realsense2_description' returned '0': AMENT_PREFIX_PATH=/home/eating/work/install/realsense2_camera_msgs:${AMENT_PREFIX_PATH} CMAKE_PREFIX_PATH=/home/eating/work/install/realsense2_camera_msgs:/opt/ros/humble LD_LIBRARY_PATH=/home/eating/work/install/realsense2_camera_msgs/lib:${LD_LIBRARY_PATH} PYTHONPATH=/home/eating/work/install/realsense2_camera_msgs/local/lib/python3.10/dist-packages:${PYTHONPATH} /usr/bin/cmake --build /home/eating/work/build/realsense2_description -- -j8 -l8
[2.186s] DEBUG:colcon.colcon_core.event_handler.log_command:Invoking command in '/home/eating/work/build/realsense2_description': AMENT_PREFIX_PATH=/home/eating/work/install/realsense2_camera_msgs:${AMENT_PREFIX_PATH} CMAKE_PREFIX_PATH=/home/eating/work/install/realsense2_camera_msgs:/opt/ros/humble LD_LIBRARY_PATH=/home/eating/work/install/realsense2_camera_msgs/lib:${LD_LIBRARY_PATH} PYTHONPATH=/home/eating/work/install/realsense2_camera_msgs/local/lib/python3.10/dist-packages:${PYTHONPATH} /usr/bin/cmake --install /home/eating/work/build/realsense2_description
[2.199s] Level 1:colcon.colcon_core.environment:create_environment_scripts_only(realsense2_description)
[2.200s] Level 1:colcon.colcon_core.environment:checking '/home/eating/work/install/realsense2_description' for CMake module files
[2.203s] Level 1:colcon.colcon_core.environment:checking '/home/eating/work/install/realsense2_description' for CMake config files
[2.203s] DEBUG:colcon.colcon_core.event_handler.log_command:Invoked command in '/home/eating/work/build/realsense2_description' returned '0': AMENT_PREFIX_PATH=/home/eating/work/install/realsense2_camera_msgs:${AMENT_PREFIX_PATH} CMAKE_PREFIX_PATH=/home/eating/work/install/realsense2_camera_msgs:/opt/ros/humble LD_LIBRARY_PATH=/home/eating/work/install/realsense2_camera_msgs/lib:${LD_LIBRARY_PATH} PYTHONPATH=/home/eating/work/install/realsense2_camera_msgs/local/lib/python3.10/dist-packages:${PYTHONPATH} /usr/bin/cmake --install /home/eating/work/build/realsense2_description
[2.204s] Level 1:colcon.colcon_core.shell:create_environment_hook('realsense2_description', 'cmake_prefix_path')
[2.204s] INFO:colcon.colcon_core.shell:Creating environment hook '/home/eating/work/install/realsense2_description/share/realsense2_description/hook/cmake_prefix_path.ps1'
[2.205s] INFO:colcon.colcon_core.shell:Creating environment descriptor '/home/eating/work/install/realsense2_description/share/realsense2_description/hook/cmake_prefix_path.dsv'
[2.205s] INFO:colcon.colcon_core.shell:Creating environment hook '/home/eating/work/install/realsense2_description/share/realsense2_description/hook/cmake_prefix_path.sh'
[2.206s] Level 1:colcon.colcon_core.environment:checking '/home/eating/work/install/realsense2_description/bin'
[2.206s] Level 1:colcon.colcon_core.environment:checking '/home/eating/work/install/realsense2_description/lib/pkgconfig/realsense2_description.pc'
[2.207s] Level 1:colcon.colcon_core.environment:checking '/home/eating/work/install/realsense2_description/lib/python3.10/site-packages'
[2.207s] Level 1:colcon.colcon_core.environment:checking '/home/eating/work/install/realsense2_description/bin'
[2.208s] INFO:colcon.colcon_core.shell:Creating package script '/home/eating/work/install/realsense2_description/share/realsense2_description/package.ps1'
[2.208s] INFO:colcon.colcon_core.shell:Creating package descriptor '/home/eating/work/install/realsense2_description/share/realsense2_description/package.dsv'
[2.209s] INFO:colcon.colcon_core.shell:Creating package script '/home/eating/work/install/realsense2_description/share/realsense2_description/package.sh'
[2.209s] INFO:colcon.colcon_core.shell:Creating package script '/home/eating/work/install/realsense2_description/share/realsense2_description/package.bash'
[2.210s] INFO:colcon.colcon_core.shell:Creating package script '/home/eating/work/install/realsense2_description/share/realsense2_description/package.zsh'
[2.211s] Level 1:colcon.colcon_core.environment:create_file_with_runtime_dependencies(/home/eating/work/install/realsense2_description/share/colcon-core/packages/realsense2_description)
[2.211s] Level 1:colcon.colcon_core.environment:create_environment_scripts_only(realsense2_description)
[2.212s] Level 1:colcon.colcon_core.environment:checking '/home/eating/work/install/realsense2_description' for CMake module files
[2.213s] Level 1:colcon.colcon_core.environment:checking '/home/eating/work/install/realsense2_description' for CMake config files
[2.213s] Level 1:colcon.colcon_core.shell:create_environment_hook('realsense2_description', 'cmake_prefix_path')
[2.213s] INFO:colcon.colcon_core.shell:Creating environment hook '/home/eating/work/install/realsense2_description/share/realsense2_description/hook/cmake_prefix_path.ps1'
[2.214s] INFO:colcon.colcon_core.shell:Creating environment descriptor '/home/eating/work/install/realsense2_description/share/realsense2_description/hook/cmake_prefix_path.dsv'
[2.214s] INFO:colcon.colcon_core.shell:Creating environment hook '/home/eating/work/install/realsense2_description/share/realsense2_description/hook/cmake_prefix_path.sh'
[2.215s] Level 1:colcon.colcon_core.environment:checking '/home/eating/work/install/realsense2_description/bin'
[2.215s] Level 1:colcon.colcon_core.environment:checking '/home/eating/work/install/realsense2_description/lib/pkgconfig/realsense2_description.pc'
[2.216s] Level 1:colcon.colcon_core.environment:checking '/home/eating/work/install/realsense2_description/lib/python3.10/site-packages'
[2.216s] Level 1:colcon.colcon_core.environment:checking '/home/eating/work/install/realsense2_description/bin'
[2.217s] INFO:colcon.colcon_core.shell:Creating package script '/home/eating/work/install/realsense2_description/share/realsense2_description/package.ps1'
[2.217s] INFO:colcon.colcon_core.shell:Creating package descriptor '/home/eating/work/install/realsense2_description/share/realsense2_description/package.dsv'
[2.218s] INFO:colcon.colcon_core.shell:Creating package script '/home/eating/work/install/realsense2_description/share/realsense2_description/package.sh'
[2.219s] INFO:colcon.colcon_core.shell:Creating package script '/home/eating/work/install/realsense2_description/share/realsense2_description/package.bash'
[2.219s] INFO:colcon.colcon_core.shell:Creating package script '/home/eating/work/install/realsense2_description/share/realsense2_description/package.zsh'
[2.220s] Level 1:colcon.colcon_core.environment:create_file_with_runtime_dependencies(/home/eating/work/install/realsense2_description/share/colcon-core/packages/realsense2_description)
[2.413s] Level 1:colcon.colcon_core.environment:checking '/home/eating/work/install/pallet_main' for CMake module files
[2.414s] DEBUG:colcon.colcon_core.event_handler.log_command:Invoked command in '/home/eating/work/src/pallet/pallet_main' returned '0': PYTHONPATH=/home/eating/work/build/pallet_main/prefix_override:/usr/lib/python3/dist-packages/colcon_core/task/python/colcon_distutils_commands:/home/eating/work/install/pallet_main/lib/python3.10/site-packages:${PYTHONPATH} /usr/bin/python3 -W ignore:setup.py install is deprecated -W ignore:easy_install command is deprecated setup.py egg_info --egg-base ../../../build/pallet_main build --build-base /home/eating/work/build/pallet_main/build install --record /home/eating/work/build/pallet_main/install.log --single-version-externally-managed install_data
[2.414s] Level 1:colcon.colcon_core.environment:checking '/home/eating/work/install/pallet_main' for CMake config files
[2.414s] Level 1:colcon.colcon_core.environment:checking '/home/eating/work/install/pallet_main/lib'
[2.414s] Level 1:colcon.colcon_core.environment:checking '/home/eating/work/install/pallet_main/bin'
[2.415s] Level 1:colcon.colcon_core.environment:checking '/home/eating/work/install/pallet_main/lib/pkgconfig/pallet_main.pc'
[2.415s] Level 1:colcon.colcon_core.environment:checking '/home/eating/work/install/pallet_main/lib/python3.10/site-packages'
[2.415s] Level 1:colcon.colcon_core.shell:create_environment_hook('pallet_main', 'pythonpath')
[2.415s] INFO:colcon.colcon_core.shell:Creating environment hook '/home/eating/work/install/pallet_main/share/pallet_main/hook/pythonpath.ps1'
[2.415s] INFO:colcon.colcon_core.shell:Creating environment descriptor '/home/eating/work/install/pallet_main/share/pallet_main/hook/pythonpath.dsv'
[2.416s] INFO:colcon.colcon_core.shell:Creating environment hook '/home/eating/work/install/pallet_main/share/pallet_main/hook/pythonpath.sh'
[2.416s] Level 1:colcon.colcon_core.environment:checking '/home/eating/work/install/pallet_main/bin'
[2.416s] Level 1:colcon.colcon_core.environment:create_environment_scripts_only(pallet_main)
[2.417s] INFO:colcon.colcon_core.shell:Creating package script '/home/eating/work/install/pallet_main/share/pallet_main/package.ps1'
[2.417s] INFO:colcon.colcon_core.shell:Creating package descriptor '/home/eating/work/install/pallet_main/share/pallet_main/package.dsv'
[2.417s] INFO:colcon.colcon_core.shell:Creating package script '/home/eating/work/install/pallet_main/share/pallet_main/package.sh'
[2.418s] INFO:colcon.colcon_core.shell:Creating package script '/home/eating/work/install/pallet_main/share/pallet_main/package.bash'
[2.418s] INFO:colcon.colcon_core.shell:Creating package script '/home/eating/work/install/pallet_main/share/pallet_main/package.zsh'
[2.418s] Level 1:colcon.colcon_core.environment:create_file_with_runtime_dependencies(/home/eating/work/install/pallet_main/share/colcon-core/packages/pallet_main)
[2.456s] DEBUG:colcon.colcon_core.event_handler.log_command:Invoking command in '/home/eating/work/src/gui/gui': AMENT_PREFIX_PATH=/home/eating/work/install/gui_interface:${AMENT_PREFIX_PATH} CMAKE_PREFIX_PATH=/home/eating/work/install/gui_interface LD_LIBRARY_PATH=/home/eating/work/install/gui_interface/lib:${LD_LIBRARY_PATH} PYTHONPATH=/home/eating/work/build/gui/prefix_override:/usr/lib/python3/dist-packages/colcon_core/task/python/colcon_distutils_commands:/home/eating/work/install/gui/lib/python3.10/site-packages:/home/eating/work/install/gui_interface/local/lib/python3.10/dist-packages:${PYTHONPATH} /usr/bin/python3 -W ignore:setup.py install is deprecated -W ignore:easy_install command is deprecated setup.py egg_info --egg-base ../../../build/gui build --build-base /home/eating/work/build/gui/build install --record /home/eating/work/build/gui/install.log --single-version-externally-managed install_data
[2.474s] DEBUG:colcon.colcon_core.event_handler.log_command:Invoking command in '/home/eating/work/src/main_control/main_control': AMENT_PREFIX_PATH=/home/eating/work/install/interface:/home/eating/work/install/gui_interface:${AMENT_PREFIX_PATH} CMAKE_PREFIX_PATH=/home/eating/work/install/interface:/home/eating/work/install/gui_interface LD_LIBRARY_PATH=/home/eating/work/install/interface/lib:/home/eating/work/install/gui_interface/lib:${LD_LIBRARY_PATH} PYTHONPATH=/home/eating/work/build/main_control/prefix_override:/usr/lib/python3/dist-packages/colcon_core/task/python/colcon_distutils_commands:/home/eating/work/install/main_control/lib/python3.10/site-packages:/home/eating/work/install/interface/local/lib/python3.10/dist-packages:/home/eating/work/install/gui_interface/local/lib/python3.10/dist-packages:${PYTHONPATH} /usr/bin/python3 -W ignore:setup.py install is deprecated -W ignore:easy_install command is deprecated setup.py egg_info --egg-base ../../../build/main_control build --build-base /home/eating/work/build/main_control/build install --record /home/eating/work/build/main_control/install.log --single-version-externally-managed install_data
[2.649s] DEBUG:colcon.colcon_core.event_handler.log_command:Invoked command in '/home/eating/work/build/realsense2_camera' returned '2': AMENT_PREFIX_PATH=/home/eating/work/install/realsense2_camera_msgs:${AMENT_PREFIX_PATH} CMAKE_PREFIX_PATH=/home/eating/work/install/realsense2_camera_msgs:/opt/ros/humble LD_LIBRARY_PATH=/home/eating/work/install/realsense2_camera_msgs/lib:${LD_LIBRARY_PATH} PYTHONPATH=/home/eating/work/install/realsense2_camera_msgs/local/lib/python3.10/dist-packages:${PYTHONPATH} /usr/bin/cmake --build /home/eating/work/build/realsense2_camera -- -j8 -l8
[2.650s] Level 1:colcon.colcon_core.environment:create_environment_scripts_only(realsense2_camera)
[2.650s] Level 1:colcon.colcon_core.environment:checking '/home/eating/work/install/realsense2_camera' for CMake module files
[2.650s] Level 1:colcon.colcon_core.environment:checking '/home/eating/work/install/realsense2_camera' for CMake config files
[2.651s] Level 1:colcon.colcon_core.shell:create_environment_hook('realsense2_camera', 'cmake_prefix_path')
[2.651s] INFO:colcon.colcon_core.shell:Creating environment hook '/home/eating/work/install/realsense2_camera/share/realsense2_camera/hook/cmake_prefix_path.ps1'
[2.651s] INFO:colcon.colcon_core.shell:Creating environment descriptor '/home/eating/work/install/realsense2_camera/share/realsense2_camera/hook/cmake_prefix_path.dsv'
[2.652s] INFO:colcon.colcon_core.shell:Creating environment hook '/home/eating/work/install/realsense2_camera/share/realsense2_camera/hook/cmake_prefix_path.sh'
[2.652s] Level 1:colcon.colcon_core.environment:checking '/home/eating/work/install/realsense2_camera/lib'
[2.652s] Level 1:colcon.colcon_core.shell:create_environment_hook('realsense2_camera', 'ld_library_path_lib')
[2.652s] INFO:colcon.colcon_core.shell:Creating environment hook '/home/eating/work/install/realsense2_camera/share/realsense2_camera/hook/ld_library_path_lib.ps1'
[2.653s] INFO:colcon.colcon_core.shell:Creating environment descriptor '/home/eating/work/install/realsense2_camera/share/realsense2_camera/hook/ld_library_path_lib.dsv'
[2.653s] INFO:colcon.colcon_core.shell:Creating environment hook '/home/eating/work/install/realsense2_camera/share/realsense2_camera/hook/ld_library_path_lib.sh'
[2.653s] Level 1:colcon.colcon_core.environment:checking '/home/eating/work/install/realsense2_camera/bin'
[2.654s] Level 1:colcon.colcon_core.environment:checking '/home/eating/work/install/realsense2_camera/lib/pkgconfig/realsense2_camera.pc'
[2.654s] Level 1:colcon.colcon_core.environment:checking '/home/eating/work/install/realsense2_camera/lib/python3.10/site-packages'
[2.654s] Level 1:colcon.colcon_core.environment:checking '/home/eating/work/install/realsense2_camera/bin'
[2.654s] INFO:colcon.colcon_core.shell:Creating package script '/home/eating/work/install/realsense2_camera/share/realsense2_camera/package.ps1'
[2.655s] INFO:colcon.colcon_core.shell:Creating package descriptor '/home/eating/work/install/realsense2_camera/share/realsense2_camera/package.dsv'
[2.655s] INFO:colcon.colcon_core.shell:Creating package script '/home/eating/work/install/realsense2_camera/share/realsense2_camera/package.sh'
[2.656s] INFO:colcon.colcon_core.shell:Creating package script '/home/eating/work/install/realsense2_camera/share/realsense2_camera/package.bash'
[2.656s] INFO:colcon.colcon_core.shell:Creating package script '/home/eating/work/install/realsense2_camera/share/realsense2_camera/package.zsh'
[2.656s] Level 1:colcon.colcon_core.environment:create_file_with_runtime_dependencies(/home/eating/work/install/realsense2_camera/share/colcon-core/packages/realsense2_camera)
[2.758s] DEBUG:colcon.colcon_parallel_executor.executor.parallel:closing loop
[2.758s] DEBUG:colcon.colcon_parallel_executor.executor.parallel:loop closed
[2.759s] DEBUG:colcon.colcon_parallel_executor.executor.parallel:run_until_complete finished with '2'
[2.759s] DEBUG:colcon.colcon_core.event_reactor:joining thread
[2.765s] INFO:colcon.colcon_core.plugin_system:Skipping extension 'colcon_notification.desktop_notification.notify_send': Could not find 'notify-send'
[2.765s] INFO:colcon.colcon_core.plugin_system:Skipping extension 'colcon_notification.desktop_notification.terminal_notifier': Not used on non-Darwin systems
[2.765s] INFO:colcon.colcon_core.plugin_system:Skipping extension 'colcon_notification.desktop_notification.win32': Not used on non-Windows systems
[2.765s] INFO:colcon.colcon_notification.desktop_notification:Sending desktop notification using 'notify2'
[2.767s] DEBUG:colcon.colcon_notification.desktop_notification.notify2:Failed to initialize notify2: org.freedesktop.DBus.Error.Spawn.ExecFailed: /usr/bin/dbus-launch terminated abnormally without any error message
[2.767s] DEBUG:colcon.colcon_core.event_reactor:joined thread
[2.768s] INFO:colcon.colcon_core.shell:Creating prefix script '/home/eating/work/install/local_setup.ps1'
[2.769s] INFO:colcon.colcon_core.shell:Creating prefix util module '/home/eating/work/install/_local_setup_util_ps1.py'
[2.771s] INFO:colcon.colcon_core.shell:Creating prefix chain script '/home/eating/work/install/setup.ps1'
[2.772s] INFO:colcon.colcon_core.shell:Creating prefix script '/home/eating/work/install/local_setup.sh'
[2.773s] INFO:colcon.colcon_core.shell:Creating prefix util module '/home/eating/work/install/_local_setup_util_sh.py'
[2.773s] INFO:colcon.colcon_core.shell:Creating prefix chain script '/home/eating/work/install/setup.sh'
[2.774s] INFO:colcon.colcon_core.shell:Creating prefix script '/home/eating/work/install/local_setup.bash'
[2.775s] INFO:colcon.colcon_core.shell:Creating prefix chain script '/home/eating/work/install/setup.bash'
[2.777s] INFO:colcon.colcon_core.shell:Creating prefix script '/home/eating/work/install/local_setup.zsh'
[2.777s] INFO:colcon.colcon_core.shell:Creating prefix chain script '/home/eating/work/install/setup.zsh'
