[0.100s] DEBUG:colcon:Command line arguments: ['/usr/bin/colcon', 'build']
[0.100s] DEBUG:colcon:Parsed command line arguments: Namespace(log_base=None, log_level=None, verb_name='build', build_base='build', install_base='install', merge_install=False, symlink_install=False, test_result_base=None, continue_on_error=False, executor='parallel', parallel_workers=8, event_handlers=None, ignore_user_meta=False, metas=['./colcon.meta'], base_paths=['.'], packages_ignore=None, packages_ignore_regex=None, paths=None, packages_up_to=None, packages_up_to_regex=None, packages_above=None, packages_above_and_dependencies=None, packages_above_depth=None, packages_select_by_dep=None, packages_skip_by_dep=None, packages_skip_up_to=None, packages_select_build_failed=False, packages_skip_build_finished=False, packages_select_test_failures=False, packages_skip_test_passed=False, packages_select=None, packages_skip=None, packages_select_regex=None, packages_skip_regex=None, packages_start=None, packages_end=None, allow_overriding=[], cmake_args=None, cmake_target=None, cmake_target_skip_unavailable=False, cmake_clean_cache=False, cmake_clean_first=False, cmake_force_configure=False, ament_cmake_args=None, catkin_cmake_args=None, catkin_skip_building_tests=False, verb_parser=<colcon_defaults.argument_parser.defaults.DefaultArgumentsDecorator object at 0x7f9cf695d900>, verb_extension=<colcon_core.verb.build.BuildVerb object at 0x7f9cf6a6acb0>, main=<bound method BuildVerb.main of <colcon_core.verb.build.BuildVerb object at 0x7f9cf6a6acb0>>)
[0.277s] Level 1:colcon.colcon_core.package_discovery:discover_packages(colcon_meta) check parameters
[0.277s] Level 1:colcon.colcon_core.package_discovery:discover_packages(recursive) check parameters
[0.277s] Level 1:colcon.colcon_core.package_discovery:discover_packages(ignore) check parameters
[0.277s] Level 1:colcon.colcon_core.package_discovery:discover_packages(path) check parameters
[0.277s] Level 1:colcon.colcon_core.package_discovery:discover_packages(colcon_meta) discover
[0.278s] Level 1:colcon.colcon_core.package_discovery:discover_packages(recursive) discover
[0.278s] INFO:colcon.colcon_core.package_discovery:Crawling recursively for packages in '/home/eating/work'
[0.278s] Level 1:colcon.colcon_core.package_identification:_identify(.) by extensions ['ignore', 'ignore_ament_install']
[0.278s] Level 1:colcon.colcon_core.package_identification:_identify(.) by extension 'ignore'
[0.278s] Level 1:colcon.colcon_core.package_identification:_identify(.) by extension 'ignore_ament_install'
[0.278s] Level 1:colcon.colcon_core.package_identification:_identify(.) by extensions ['colcon_pkg']
[0.278s] Level 1:colcon.colcon_core.package_identification:_identify(.) by extension 'colcon_pkg'
[0.278s] Level 1:colcon.colcon_core.package_identification:_identify(.) by extensions ['colcon_meta']
[0.278s] Level 1:colcon.colcon_core.package_identification:_identify(.) by extension 'colcon_meta'
[0.278s] Level 1:colcon.colcon_core.package_identification:_identify(.) by extensions ['ros']
[0.278s] Level 1:colcon.colcon_core.package_identification:_identify(.) by extension 'ros'
[0.288s] Level 1:colcon.colcon_core.package_identification:_identify(.) by extensions ['cmake', 'python']
[0.288s] Level 1:colcon.colcon_core.package_identification:_identify(.) by extension 'cmake'
[0.288s] Level 1:colcon.colcon_core.package_identification:_identify(.) by extension 'python'
[0.288s] Level 1:colcon.colcon_core.package_identification:_identify(.) by extensions ['python_setup_py']
[0.288s] Level 1:colcon.colcon_core.package_identification:_identify(.) by extension 'python_setup_py'
[0.288s] Level 1:colcon.colcon_core.package_identification:_identify(build) by extensions ['ignore', 'ignore_ament_install']
[0.288s] Level 1:colcon.colcon_core.package_identification:_identify(build) by extension 'ignore'
[0.288s] Level 1:colcon.colcon_core.package_identification:_identify(build) ignored
[0.288s] Level 1:colcon.colcon_core.package_identification:_identify(docker_all) by extensions ['ignore', 'ignore_ament_install']
[0.288s] Level 1:colcon.colcon_core.package_identification:_identify(docker_all) by extension 'ignore'
[0.288s] Level 1:colcon.colcon_core.package_identification:_identify(docker_all) by extension 'ignore_ament_install'
[0.288s] Level 1:colcon.colcon_core.package_identification:_identify(docker_all) by extensions ['colcon_pkg']
[0.288s] Level 1:colcon.colcon_core.package_identification:_identify(docker_all) by extension 'colcon_pkg'
[0.288s] Level 1:colcon.colcon_core.package_identification:_identify(docker_all) by extensions ['colcon_meta']
[0.288s] Level 1:colcon.colcon_core.package_identification:_identify(docker_all) by extension 'colcon_meta'
[0.289s] Level 1:colcon.colcon_core.package_identification:_identify(docker_all) by extensions ['ros']
[0.289s] Level 1:colcon.colcon_core.package_identification:_identify(docker_all) by extension 'ros'
[0.289s] Level 1:colcon.colcon_core.package_identification:_identify(docker_all) by extensions ['cmake', 'python']
[0.289s] Level 1:colcon.colcon_core.package_identification:_identify(docker_all) by extension 'cmake'
[0.289s] Level 1:colcon.colcon_core.package_identification:_identify(docker_all) by extension 'python'
[0.289s] Level 1:colcon.colcon_core.package_identification:_identify(docker_all) by extensions ['python_setup_py']
[0.289s] Level 1:colcon.colcon_core.package_identification:_identify(docker_all) by extension 'python_setup_py'
[0.289s] Level 1:colcon.colcon_core.package_identification:_identify(docker_all/docker_ros2) by extensions ['ignore', 'ignore_ament_install']
[0.289s] Level 1:colcon.colcon_core.package_identification:_identify(docker_all/docker_ros2) by extension 'ignore'
[0.289s] Level 1:colcon.colcon_core.package_identification:_identify(docker_all/docker_ros2) by extension 'ignore_ament_install'
[0.289s] Level 1:colcon.colcon_core.package_identification:_identify(docker_all/docker_ros2) by extensions ['colcon_pkg']
[0.289s] Level 1:colcon.colcon_core.package_identification:_identify(docker_all/docker_ros2) by extension 'colcon_pkg'
[0.289s] Level 1:colcon.colcon_core.package_identification:_identify(docker_all/docker_ros2) by extensions ['colcon_meta']
[0.289s] Level 1:colcon.colcon_core.package_identification:_identify(docker_all/docker_ros2) by extension 'colcon_meta'
[0.289s] Level 1:colcon.colcon_core.package_identification:_identify(docker_all/docker_ros2) by extensions ['ros']
[0.289s] Level 1:colcon.colcon_core.package_identification:_identify(docker_all/docker_ros2) by extension 'ros'
[0.289s] Level 1:colcon.colcon_core.package_identification:_identify(docker_all/docker_ros2) by extensions ['cmake', 'python']
[0.289s] Level 1:colcon.colcon_core.package_identification:_identify(docker_all/docker_ros2) by extension 'cmake'
[0.289s] Level 1:colcon.colcon_core.package_identification:_identify(docker_all/docker_ros2) by extension 'python'
[0.289s] Level 1:colcon.colcon_core.package_identification:_identify(docker_all/docker_ros2) by extensions ['python_setup_py']
[0.289s] Level 1:colcon.colcon_core.package_identification:_identify(docker_all/docker_ros2) by extension 'python_setup_py'
[0.290s] Level 1:colcon.colcon_core.package_identification:_identify(docker_all/docker_ros2/compose) by extensions ['ignore', 'ignore_ament_install']
[0.290s] Level 1:colcon.colcon_core.package_identification:_identify(docker_all/docker_ros2/compose) by extension 'ignore'
[0.290s] Level 1:colcon.colcon_core.package_identification:_identify(docker_all/docker_ros2/compose) by extension 'ignore_ament_install'
[0.290s] Level 1:colcon.colcon_core.package_identification:_identify(docker_all/docker_ros2/compose) by extensions ['colcon_pkg']
[0.290s] Level 1:colcon.colcon_core.package_identification:_identify(docker_all/docker_ros2/compose) by extension 'colcon_pkg'
[0.290s] Level 1:colcon.colcon_core.package_identification:_identify(docker_all/docker_ros2/compose) by extensions ['colcon_meta']
[0.290s] Level 1:colcon.colcon_core.package_identification:_identify(docker_all/docker_ros2/compose) by extension 'colcon_meta'
[0.290s] Level 1:colcon.colcon_core.package_identification:_identify(docker_all/docker_ros2/compose) by extensions ['ros']
[0.290s] Level 1:colcon.colcon_core.package_identification:_identify(docker_all/docker_ros2/compose) by extension 'ros'
[0.290s] Level 1:colcon.colcon_core.package_identification:_identify(docker_all/docker_ros2/compose) by extensions ['cmake', 'python']
[0.290s] Level 1:colcon.colcon_core.package_identification:_identify(docker_all/docker_ros2/compose) by extension 'cmake'
[0.290s] Level 1:colcon.colcon_core.package_identification:_identify(docker_all/docker_ros2/compose) by extension 'python'
[0.290s] Level 1:colcon.colcon_core.package_identification:_identify(docker_all/docker_ros2/compose) by extensions ['python_setup_py']
[0.290s] Level 1:colcon.colcon_core.package_identification:_identify(docker_all/docker_ros2/compose) by extension 'python_setup_py'
[0.290s] Level 1:colcon.colcon_core.package_identification:_identify(docker_all/docker_ros2/compose/config) by extensions ['ignore', 'ignore_ament_install']
[0.290s] Level 1:colcon.colcon_core.package_identification:_identify(docker_all/docker_ros2/compose/config) by extension 'ignore'
[0.290s] Level 1:colcon.colcon_core.package_identification:_identify(docker_all/docker_ros2/compose/config) by extension 'ignore_ament_install'
[0.290s] Level 1:colcon.colcon_core.package_identification:_identify(docker_all/docker_ros2/compose/config) by extensions ['colcon_pkg']
[0.290s] Level 1:colcon.colcon_core.package_identification:_identify(docker_all/docker_ros2/compose/config) by extension 'colcon_pkg'
[0.290s] Level 1:colcon.colcon_core.package_identification:_identify(docker_all/docker_ros2/compose/config) by extensions ['colcon_meta']
[0.290s] Level 1:colcon.colcon_core.package_identification:_identify(docker_all/docker_ros2/compose/config) by extension 'colcon_meta'
[0.291s] Level 1:colcon.colcon_core.package_identification:_identify(docker_all/docker_ros2/compose/config) by extensions ['ros']
[0.291s] Level 1:colcon.colcon_core.package_identification:_identify(docker_all/docker_ros2/compose/config) by extension 'ros'
[0.291s] Level 1:colcon.colcon_core.package_identification:_identify(docker_all/docker_ros2/compose/config) by extensions ['cmake', 'python']
[0.291s] Level 1:colcon.colcon_core.package_identification:_identify(docker_all/docker_ros2/compose/config) by extension 'cmake'
[0.291s] Level 1:colcon.colcon_core.package_identification:_identify(docker_all/docker_ros2/compose/config) by extension 'python'
[0.291s] Level 1:colcon.colcon_core.package_identification:_identify(docker_all/docker_ros2/compose/config) by extensions ['python_setup_py']
[0.291s] Level 1:colcon.colcon_core.package_identification:_identify(docker_all/docker_ros2/compose/config) by extension 'python_setup_py'
[0.291s] Level 1:colcon.colcon_core.package_identification:_identify(docker_all/docker_ros2/compose/config/pip) by extensions ['ignore', 'ignore_ament_install']
[0.291s] Level 1:colcon.colcon_core.package_identification:_identify(docker_all/docker_ros2/compose/config/pip) by extension 'ignore'
[0.291s] Level 1:colcon.colcon_core.package_identification:_identify(docker_all/docker_ros2/compose/config/pip) by extension 'ignore_ament_install'
[0.291s] Level 1:colcon.colcon_core.package_identification:_identify(docker_all/docker_ros2/compose/config/pip) by extensions ['colcon_pkg']
[0.291s] Level 1:colcon.colcon_core.package_identification:_identify(docker_all/docker_ros2/compose/config/pip) by extension 'colcon_pkg'
[0.291s] Level 1:colcon.colcon_core.package_identification:_identify(docker_all/docker_ros2/compose/config/pip) by extensions ['colcon_meta']
[0.291s] Level 1:colcon.colcon_core.package_identification:_identify(docker_all/docker_ros2/compose/config/pip) by extension 'colcon_meta'
[0.291s] Level 1:colcon.colcon_core.package_identification:_identify(docker_all/docker_ros2/compose/config/pip) by extensions ['ros']
[0.291s] Level 1:colcon.colcon_core.package_identification:_identify(docker_all/docker_ros2/compose/config/pip) by extension 'ros'
[0.291s] Level 1:colcon.colcon_core.package_identification:_identify(docker_all/docker_ros2/compose/config/pip) by extensions ['cmake', 'python']
[0.291s] Level 1:colcon.colcon_core.package_identification:_identify(docker_all/docker_ros2/compose/config/pip) by extension 'cmake'
[0.291s] Level 1:colcon.colcon_core.package_identification:_identify(docker_all/docker_ros2/compose/config/pip) by extension 'python'
[0.291s] Level 1:colcon.colcon_core.package_identification:_identify(docker_all/docker_ros2/compose/config/pip) by extensions ['python_setup_py']
[0.291s] Level 1:colcon.colcon_core.package_identification:_identify(docker_all/docker_ros2/compose/config/pip) by extension 'python_setup_py'
[0.291s] Level 1:colcon.colcon_core.package_identification:_identify(docker_all/docker_ros2/compose/config/shell) by extensions ['ignore', 'ignore_ament_install']
[0.292s] Level 1:colcon.colcon_core.package_identification:_identify(docker_all/docker_ros2/compose/config/shell) by extension 'ignore'
[0.292s] Level 1:colcon.colcon_core.package_identification:_identify(docker_all/docker_ros2/compose/config/shell) by extension 'ignore_ament_install'
[0.292s] Level 1:colcon.colcon_core.package_identification:_identify(docker_all/docker_ros2/compose/config/shell) by extensions ['colcon_pkg']
[0.292s] Level 1:colcon.colcon_core.package_identification:_identify(docker_all/docker_ros2/compose/config/shell) by extension 'colcon_pkg'
[0.292s] Level 1:colcon.colcon_core.package_identification:_identify(docker_all/docker_ros2/compose/config/shell) by extensions ['colcon_meta']
[0.292s] Level 1:colcon.colcon_core.package_identification:_identify(docker_all/docker_ros2/compose/config/shell) by extension 'colcon_meta'
[0.292s] Level 1:colcon.colcon_core.package_identification:_identify(docker_all/docker_ros2/compose/config/shell) by extensions ['ros']
[0.292s] Level 1:colcon.colcon_core.package_identification:_identify(docker_all/docker_ros2/compose/config/shell) by extension 'ros'
[0.292s] Level 1:colcon.colcon_core.package_identification:_identify(docker_all/docker_ros2/compose/config/shell) by extensions ['cmake', 'python']
[0.292s] Level 1:colcon.colcon_core.package_identification:_identify(docker_all/docker_ros2/compose/config/shell) by extension 'cmake'
[0.292s] Level 1:colcon.colcon_core.package_identification:_identify(docker_all/docker_ros2/compose/config/shell) by extension 'python'
[0.292s] Level 1:colcon.colcon_core.package_identification:_identify(docker_all/docker_ros2/compose/config/shell) by extensions ['python_setup_py']
[0.292s] Level 1:colcon.colcon_core.package_identification:_identify(docker_all/docker_ros2/compose/config/shell) by extension 'python_setup_py'
[0.292s] Level 1:colcon.colcon_core.package_identification:_identify(docker_all/docker_ros2/compose/config/shell/terminator) by extensions ['ignore', 'ignore_ament_install']
[0.292s] Level 1:colcon.colcon_core.package_identification:_identify(docker_all/docker_ros2/compose/config/shell/terminator) by extension 'ignore'
[0.292s] Level 1:colcon.colcon_core.package_identification:_identify(docker_all/docker_ros2/compose/config/shell/terminator) by extension 'ignore_ament_install'
[0.292s] Level 1:colcon.colcon_core.package_identification:_identify(docker_all/docker_ros2/compose/config/shell/terminator) by extensions ['colcon_pkg']
[0.292s] Level 1:colcon.colcon_core.package_identification:_identify(docker_all/docker_ros2/compose/config/shell/terminator) by extension 'colcon_pkg'
[0.292s] Level 1:colcon.colcon_core.package_identification:_identify(docker_all/docker_ros2/compose/config/shell/terminator) by extensions ['colcon_meta']
[0.292s] Level 1:colcon.colcon_core.package_identification:_identify(docker_all/docker_ros2/compose/config/shell/terminator) by extension 'colcon_meta'
[0.292s] Level 1:colcon.colcon_core.package_identification:_identify(docker_all/docker_ros2/compose/config/shell/terminator) by extensions ['ros']
[0.292s] Level 1:colcon.colcon_core.package_identification:_identify(docker_all/docker_ros2/compose/config/shell/terminator) by extension 'ros'
[0.292s] Level 1:colcon.colcon_core.package_identification:_identify(docker_all/docker_ros2/compose/config/shell/terminator) by extensions ['cmake', 'python']
[0.293s] Level 1:colcon.colcon_core.package_identification:_identify(docker_all/docker_ros2/compose/config/shell/terminator) by extension 'cmake'
[0.293s] Level 1:colcon.colcon_core.package_identification:_identify(docker_all/docker_ros2/compose/config/shell/terminator) by extension 'python'
[0.293s] Level 1:colcon.colcon_core.package_identification:_identify(docker_all/docker_ros2/compose/config/shell/terminator) by extensions ['python_setup_py']
[0.293s] Level 1:colcon.colcon_core.package_identification:_identify(docker_all/docker_ros2/compose/config/shell/terminator) by extension 'python_setup_py'
[0.293s] Level 1:colcon.colcon_core.package_identification:_identify(docker_all/docker_ros2/compose/config/shell/tmux) by extensions ['ignore', 'ignore_ament_install']
[0.293s] Level 1:colcon.colcon_core.package_identification:_identify(docker_all/docker_ros2/compose/config/shell/tmux) by extension 'ignore'
[0.293s] Level 1:colcon.colcon_core.package_identification:_identify(docker_all/docker_ros2/compose/config/shell/tmux) by extension 'ignore_ament_install'
[0.293s] Level 1:colcon.colcon_core.package_identification:_identify(docker_all/docker_ros2/compose/config/shell/tmux) by extensions ['colcon_pkg']
[0.293s] Level 1:colcon.colcon_core.package_identification:_identify(docker_all/docker_ros2/compose/config/shell/tmux) by extension 'colcon_pkg'
[0.293s] Level 1:colcon.colcon_core.package_identification:_identify(docker_all/docker_ros2/compose/config/shell/tmux) by extensions ['colcon_meta']
[0.293s] Level 1:colcon.colcon_core.package_identification:_identify(docker_all/docker_ros2/compose/config/shell/tmux) by extension 'colcon_meta'
[0.293s] Level 1:colcon.colcon_core.package_identification:_identify(docker_all/docker_ros2/compose/config/shell/tmux) by extensions ['ros']
[0.293s] Level 1:colcon.colcon_core.package_identification:_identify(docker_all/docker_ros2/compose/config/shell/tmux) by extension 'ros'
[0.293s] Level 1:colcon.colcon_core.package_identification:_identify(docker_all/docker_ros2/compose/config/shell/tmux) by extensions ['cmake', 'python']
[0.293s] Level 1:colcon.colcon_core.package_identification:_identify(docker_all/docker_ros2/compose/config/shell/tmux) by extension 'cmake'
[0.293s] Level 1:colcon.colcon_core.package_identification:_identify(docker_all/docker_ros2/compose/config/shell/tmux) by extension 'python'
[0.293s] Level 1:colcon.colcon_core.package_identification:_identify(docker_all/docker_ros2/compose/config/shell/tmux) by extensions ['python_setup_py']
[0.293s] Level 1:colcon.colcon_core.package_identification:_identify(docker_all/docker_ros2/compose/config/shell/tmux) by extension 'python_setup_py'
[0.293s] Level 1:colcon.colcon_core.package_identification:_identify(docker_all/docker_ros2/config) by extensions ['ignore', 'ignore_ament_install']
[0.293s] Level 1:colcon.colcon_core.package_identification:_identify(docker_all/docker_ros2/config) by extension 'ignore'
[0.293s] Level 1:colcon.colcon_core.package_identification:_identify(docker_all/docker_ros2/config) by extension 'ignore_ament_install'
[0.293s] Level 1:colcon.colcon_core.package_identification:_identify(docker_all/docker_ros2/config) by extensions ['colcon_pkg']
[0.294s] Level 1:colcon.colcon_core.package_identification:_identify(docker_all/docker_ros2/config) by extension 'colcon_pkg'
[0.294s] Level 1:colcon.colcon_core.package_identification:_identify(docker_all/docker_ros2/config) by extensions ['colcon_meta']
[0.294s] Level 1:colcon.colcon_core.package_identification:_identify(docker_all/docker_ros2/config) by extension 'colcon_meta'
[0.294s] Level 1:colcon.colcon_core.package_identification:_identify(docker_all/docker_ros2/config) by extensions ['ros']
[0.294s] Level 1:colcon.colcon_core.package_identification:_identify(docker_all/docker_ros2/config) by extension 'ros'
[0.294s] Level 1:colcon.colcon_core.package_identification:_identify(docker_all/docker_ros2/config) by extensions ['cmake', 'python']
[0.294s] Level 1:colcon.colcon_core.package_identification:_identify(docker_all/docker_ros2/config) by extension 'cmake'
[0.294s] Level 1:colcon.colcon_core.package_identification:_identify(docker_all/docker_ros2/config) by extension 'python'
[0.294s] Level 1:colcon.colcon_core.package_identification:_identify(docker_all/docker_ros2/config) by extensions ['python_setup_py']
[0.294s] Level 1:colcon.colcon_core.package_identification:_identify(docker_all/docker_ros2/config) by extension 'python_setup_py'
[0.294s] Level 1:colcon.colcon_core.package_identification:_identify(docker_all/docker_ros2/config/pip) by extensions ['ignore', 'ignore_ament_install']
[0.294s] Level 1:colcon.colcon_core.package_identification:_identify(docker_all/docker_ros2/config/pip) by extension 'ignore'
[0.294s] Level 1:colcon.colcon_core.package_identification:_identify(docker_all/docker_ros2/config/pip) by extension 'ignore_ament_install'
[0.294s] Level 1:colcon.colcon_core.package_identification:_identify(docker_all/docker_ros2/config/pip) by extensions ['colcon_pkg']
[0.294s] Level 1:colcon.colcon_core.package_identification:_identify(docker_all/docker_ros2/config/pip) by extension 'colcon_pkg'
[0.294s] Level 1:colcon.colcon_core.package_identification:_identify(docker_all/docker_ros2/config/pip) by extensions ['colcon_meta']
[0.294s] Level 1:colcon.colcon_core.package_identification:_identify(docker_all/docker_ros2/config/pip) by extension 'colcon_meta'
[0.294s] Level 1:colcon.colcon_core.package_identification:_identify(docker_all/docker_ros2/config/pip) by extensions ['ros']
[0.294s] Level 1:colcon.colcon_core.package_identification:_identify(docker_all/docker_ros2/config/pip) by extension 'ros'
[0.294s] Level 1:colcon.colcon_core.package_identification:_identify(docker_all/docker_ros2/config/pip) by extensions ['cmake', 'python']
[0.294s] Level 1:colcon.colcon_core.package_identification:_identify(docker_all/docker_ros2/config/pip) by extension 'cmake'
[0.294s] Level 1:colcon.colcon_core.package_identification:_identify(docker_all/docker_ros2/config/pip) by extension 'python'
[0.294s] Level 1:colcon.colcon_core.package_identification:_identify(docker_all/docker_ros2/config/pip) by extensions ['python_setup_py']
[0.294s] Level 1:colcon.colcon_core.package_identification:_identify(docker_all/docker_ros2/config/pip) by extension 'python_setup_py'
[0.295s] Level 1:colcon.colcon_core.package_identification:_identify(docker_all/docker_ros2/config/shell) by extensions ['ignore', 'ignore_ament_install']
[0.295s] Level 1:colcon.colcon_core.package_identification:_identify(docker_all/docker_ros2/config/shell) by extension 'ignore'
[0.295s] Level 1:colcon.colcon_core.package_identification:_identify(docker_all/docker_ros2/config/shell) by extension 'ignore_ament_install'
[0.295s] Level 1:colcon.colcon_core.package_identification:_identify(docker_all/docker_ros2/config/shell) by extensions ['colcon_pkg']
[0.295s] Level 1:colcon.colcon_core.package_identification:_identify(docker_all/docker_ros2/config/shell) by extension 'colcon_pkg'
[0.295s] Level 1:colcon.colcon_core.package_identification:_identify(docker_all/docker_ros2/config/shell) by extensions ['colcon_meta']
[0.295s] Level 1:colcon.colcon_core.package_identification:_identify(docker_all/docker_ros2/config/shell) by extension 'colcon_meta'
[0.295s] Level 1:colcon.colcon_core.package_identification:_identify(docker_all/docker_ros2/config/shell) by extensions ['ros']
[0.295s] Level 1:colcon.colcon_core.package_identification:_identify(docker_all/docker_ros2/config/shell) by extension 'ros'
[0.295s] Level 1:colcon.colcon_core.package_identification:_identify(docker_all/docker_ros2/config/shell) by extensions ['cmake', 'python']
[0.295s] Level 1:colcon.colcon_core.package_identification:_identify(docker_all/docker_ros2/config/shell) by extension 'cmake'
[0.295s] Level 1:colcon.colcon_core.package_identification:_identify(docker_all/docker_ros2/config/shell) by extension 'python'
[0.295s] Level 1:colcon.colcon_core.package_identification:_identify(docker_all/docker_ros2/config/shell) by extensions ['python_setup_py']
[0.295s] Level 1:colcon.colcon_core.package_identification:_identify(docker_all/docker_ros2/config/shell) by extension 'python_setup_py'
[0.295s] Level 1:colcon.colcon_core.package_identification:_identify(docker_all/docker_ros2/config/shell/terminator) by extensions ['ignore', 'ignore_ament_install']
[0.295s] Level 1:colcon.colcon_core.package_identification:_identify(docker_all/docker_ros2/config/shell/terminator) by extension 'ignore'
[0.295s] Level 1:colcon.colcon_core.package_identification:_identify(docker_all/docker_ros2/config/shell/terminator) by extension 'ignore_ament_install'
[0.295s] Level 1:colcon.colcon_core.package_identification:_identify(docker_all/docker_ros2/config/shell/terminator) by extensions ['colcon_pkg']
[0.295s] Level 1:colcon.colcon_core.package_identification:_identify(docker_all/docker_ros2/config/shell/terminator) by extension 'colcon_pkg'
[0.295s] Level 1:colcon.colcon_core.package_identification:_identify(docker_all/docker_ros2/config/shell/terminator) by extensions ['colcon_meta']
[0.295s] Level 1:colcon.colcon_core.package_identification:_identify(docker_all/docker_ros2/config/shell/terminator) by extension 'colcon_meta'
[0.295s] Level 1:colcon.colcon_core.package_identification:_identify(docker_all/docker_ros2/config/shell/terminator) by extensions ['ros']
[0.295s] Level 1:colcon.colcon_core.package_identification:_identify(docker_all/docker_ros2/config/shell/terminator) by extension 'ros'
[0.296s] Level 1:colcon.colcon_core.package_identification:_identify(docker_all/docker_ros2/config/shell/terminator) by extensions ['cmake', 'python']
[0.296s] Level 1:colcon.colcon_core.package_identification:_identify(docker_all/docker_ros2/config/shell/terminator) by extension 'cmake'
[0.296s] Level 1:colcon.colcon_core.package_identification:_identify(docker_all/docker_ros2/config/shell/terminator) by extension 'python'
[0.296s] Level 1:colcon.colcon_core.package_identification:_identify(docker_all/docker_ros2/config/shell/terminator) by extensions ['python_setup_py']
[0.296s] Level 1:colcon.colcon_core.package_identification:_identify(docker_all/docker_ros2/config/shell/terminator) by extension 'python_setup_py'
[0.296s] Level 1:colcon.colcon_core.package_identification:_identify(docker_all/docker_ros2/config/shell/tmux) by extensions ['ignore', 'ignore_ament_install']
[0.296s] Level 1:colcon.colcon_core.package_identification:_identify(docker_all/docker_ros2/config/shell/tmux) by extension 'ignore'
[0.296s] Level 1:colcon.colcon_core.package_identification:_identify(docker_all/docker_ros2/config/shell/tmux) by extension 'ignore_ament_install'
[0.296s] Level 1:colcon.colcon_core.package_identification:_identify(docker_all/docker_ros2/config/shell/tmux) by extensions ['colcon_pkg']
[0.296s] Level 1:colcon.colcon_core.package_identification:_identify(docker_all/docker_ros2/config/shell/tmux) by extension 'colcon_pkg'
[0.296s] Level 1:colcon.colcon_core.package_identification:_identify(docker_all/docker_ros2/config/shell/tmux) by extensions ['colcon_meta']
[0.296s] Level 1:colcon.colcon_core.package_identification:_identify(docker_all/docker_ros2/config/shell/tmux) by extension 'colcon_meta'
[0.296s] Level 1:colcon.colcon_core.package_identification:_identify(docker_all/docker_ros2/config/shell/tmux) by extensions ['ros']
[0.296s] Level 1:colcon.colcon_core.package_identification:_identify(docker_all/docker_ros2/config/shell/tmux) by extension 'ros'
[0.296s] Level 1:colcon.colcon_core.package_identification:_identify(docker_all/docker_ros2/config/shell/tmux) by extensions ['cmake', 'python']
[0.296s] Level 1:colcon.colcon_core.package_identification:_identify(docker_all/docker_ros2/config/shell/tmux) by extension 'cmake'
[0.296s] Level 1:colcon.colcon_core.package_identification:_identify(docker_all/docker_ros2/config/shell/tmux) by extension 'python'
[0.296s] Level 1:colcon.colcon_core.package_identification:_identify(docker_all/docker_ros2/config/shell/tmux) by extensions ['python_setup_py']
[0.296s] Level 1:colcon.colcon_core.package_identification:_identify(docker_all/docker_ros2/config/shell/tmux) by extension 'python_setup_py'
[0.296s] Level 1:colcon.colcon_core.package_identification:_identify(install) by extensions ['ignore', 'ignore_ament_install']
[0.297s] Level 1:colcon.colcon_core.package_identification:_identify(install) by extension 'ignore'
[0.297s] Level 1:colcon.colcon_core.package_identification:_identify(install) ignored
[0.297s] Level 1:colcon.colcon_core.package_identification:_identify(libmodbus) by extensions ['ignore', 'ignore_ament_install']
[0.297s] Level 1:colcon.colcon_core.package_identification:_identify(libmodbus) by extension 'ignore'
[0.297s] Level 1:colcon.colcon_core.package_identification:_identify(libmodbus) by extension 'ignore_ament_install'
[0.297s] Level 1:colcon.colcon_core.package_identification:_identify(libmodbus) by extensions ['colcon_pkg']
[0.297s] Level 1:colcon.colcon_core.package_identification:_identify(libmodbus) by extension 'colcon_pkg'
[0.297s] Level 1:colcon.colcon_core.package_identification:_identify(libmodbus) by extensions ['colcon_meta']
[0.297s] Level 1:colcon.colcon_core.package_identification:_identify(libmodbus) by extension 'colcon_meta'
[0.297s] Level 1:colcon.colcon_core.package_identification:_identify(libmodbus) by extensions ['ros']
[0.297s] Level 1:colcon.colcon_core.package_identification:_identify(libmodbus) by extension 'ros'
[0.297s] Level 1:colcon.colcon_core.package_identification:_identify(libmodbus) by extensions ['cmake', 'python']
[0.297s] Level 1:colcon.colcon_core.package_identification:_identify(libmodbus) by extension 'cmake'
[0.297s] Level 1:colcon.colcon_core.package_identification:_identify(libmodbus) by extension 'python'
[0.297s] Level 1:colcon.colcon_core.package_identification:_identify(libmodbus) by extensions ['python_setup_py']
[0.297s] Level 1:colcon.colcon_core.package_identification:_identify(libmodbus) by extension 'python_setup_py'
[0.297s] Level 1:colcon.colcon_core.package_identification:_identify(libmodbus/build) by extensions ['ignore', 'ignore_ament_install']
[0.297s] Level 1:colcon.colcon_core.package_identification:_identify(libmodbus/build) by extension 'ignore'
[0.297s] Level 1:colcon.colcon_core.package_identification:_identify(libmodbus/build) ignored
[0.297s] Level 1:colcon.colcon_core.package_identification:_identify(libmodbus/doc) by extensions ['ignore', 'ignore_ament_install']
[0.298s] Level 1:colcon.colcon_core.package_identification:_identify(libmodbus/doc) by extension 'ignore'
[0.298s] Level 1:colcon.colcon_core.package_identification:_identify(libmodbus/doc) by extension 'ignore_ament_install'
[0.298s] Level 1:colcon.colcon_core.package_identification:_identify(libmodbus/doc) by extensions ['colcon_pkg']
[0.298s] Level 1:colcon.colcon_core.package_identification:_identify(libmodbus/doc) by extension 'colcon_pkg'
[0.298s] Level 1:colcon.colcon_core.package_identification:_identify(libmodbus/doc) by extensions ['colcon_meta']
[0.298s] Level 1:colcon.colcon_core.package_identification:_identify(libmodbus/doc) by extension 'colcon_meta'
[0.298s] Level 1:colcon.colcon_core.package_identification:_identify(libmodbus/doc) by extensions ['ros']
[0.298s] Level 1:colcon.colcon_core.package_identification:_identify(libmodbus/doc) by extension 'ros'
[0.298s] Level 1:colcon.colcon_core.package_identification:_identify(libmodbus/doc) by extensions ['cmake', 'python']
[0.298s] Level 1:colcon.colcon_core.package_identification:_identify(libmodbus/doc) by extension 'cmake'
[0.298s] Level 1:colcon.colcon_core.package_identification:_identify(libmodbus/doc) by extension 'python'
[0.298s] Level 1:colcon.colcon_core.package_identification:_identify(libmodbus/doc) by extensions ['python_setup_py']
[0.298s] Level 1:colcon.colcon_core.package_identification:_identify(libmodbus/doc) by extension 'python_setup_py'
[0.298s] Level 1:colcon.colcon_core.package_identification:_identify(libmodbus/install) by extensions ['ignore', 'ignore_ament_install']
[0.298s] Level 1:colcon.colcon_core.package_identification:_identify(libmodbus/install) by extension 'ignore'
[0.298s] Level 1:colcon.colcon_core.package_identification:_identify(libmodbus/install) ignored
[0.298s] Level 1:colcon.colcon_core.package_identification:_identify(libmodbus/log) by extensions ['ignore', 'ignore_ament_install']
[0.298s] Level 1:colcon.colcon_core.package_identification:_identify(libmodbus/log) by extension 'ignore'
[0.298s] Level 1:colcon.colcon_core.package_identification:_identify(libmodbus/log) ignored
[0.298s] Level 1:colcon.colcon_core.package_identification:_identify(libmodbus/m4) by extensions ['ignore', 'ignore_ament_install']
[0.298s] Level 1:colcon.colcon_core.package_identification:_identify(libmodbus/m4) by extension 'ignore'
[0.299s] Level 1:colcon.colcon_core.package_identification:_identify(libmodbus/m4) by extension 'ignore_ament_install'
[0.299s] Level 1:colcon.colcon_core.package_identification:_identify(libmodbus/m4) by extensions ['colcon_pkg']
[0.299s] Level 1:colcon.colcon_core.package_identification:_identify(libmodbus/m4) by extension 'colcon_pkg'
[0.299s] Level 1:colcon.colcon_core.package_identification:_identify(libmodbus/m4) by extensions ['colcon_meta']
[0.299s] Level 1:colcon.colcon_core.package_identification:_identify(libmodbus/m4) by extension 'colcon_meta'
[0.299s] Level 1:colcon.colcon_core.package_identification:_identify(libmodbus/m4) by extensions ['ros']
[0.299s] Level 1:colcon.colcon_core.package_identification:_identify(libmodbus/m4) by extension 'ros'
[0.299s] Level 1:colcon.colcon_core.package_identification:_identify(libmodbus/m4) by extensions ['cmake', 'python']
[0.299s] Level 1:colcon.colcon_core.package_identification:_identify(libmodbus/m4) by extension 'cmake'
[0.299s] Level 1:colcon.colcon_core.package_identification:_identify(libmodbus/m4) by extension 'python'
[0.299s] Level 1:colcon.colcon_core.package_identification:_identify(libmodbus/m4) by extensions ['python_setup_py']
[0.299s] Level 1:colcon.colcon_core.package_identification:_identify(libmodbus/m4) by extension 'python_setup_py'
[0.299s] Level 1:colcon.colcon_core.package_identification:_identify(libmodbus/src) by extensions ['ignore', 'ignore_ament_install']
[0.299s] Level 1:colcon.colcon_core.package_identification:_identify(libmodbus/src) by extension 'ignore'
[0.299s] Level 1:colcon.colcon_core.package_identification:_identify(libmodbus/src) by extension 'ignore_ament_install'
[0.299s] Level 1:colcon.colcon_core.package_identification:_identify(libmodbus/src) by extensions ['colcon_pkg']
[0.299s] Level 1:colcon.colcon_core.package_identification:_identify(libmodbus/src) by extension 'colcon_pkg'
[0.299s] Level 1:colcon.colcon_core.package_identification:_identify(libmodbus/src) by extensions ['colcon_meta']
[0.299s] Level 1:colcon.colcon_core.package_identification:_identify(libmodbus/src) by extension 'colcon_meta'
[0.299s] Level 1:colcon.colcon_core.package_identification:_identify(libmodbus/src) by extensions ['ros']
[0.299s] Level 1:colcon.colcon_core.package_identification:_identify(libmodbus/src) by extension 'ros'
[0.299s] Level 1:colcon.colcon_core.package_identification:_identify(libmodbus/src) by extensions ['cmake', 'python']
[0.299s] Level 1:colcon.colcon_core.package_identification:_identify(libmodbus/src) by extension 'cmake'
[0.299s] Level 1:colcon.colcon_core.package_identification:_identify(libmodbus/src) by extension 'python'
[0.300s] Level 1:colcon.colcon_core.package_identification:_identify(libmodbus/src) by extensions ['python_setup_py']
[0.300s] Level 1:colcon.colcon_core.package_identification:_identify(libmodbus/src) by extension 'python_setup_py'
[0.300s] Level 1:colcon.colcon_core.package_identification:_identify(libmodbus/src/win32) by extensions ['ignore', 'ignore_ament_install']
[0.300s] Level 1:colcon.colcon_core.package_identification:_identify(libmodbus/src/win32) by extension 'ignore'
[0.300s] Level 1:colcon.colcon_core.package_identification:_identify(libmodbus/src/win32) by extension 'ignore_ament_install'
[0.300s] Level 1:colcon.colcon_core.package_identification:_identify(libmodbus/src/win32) by extensions ['colcon_pkg']
[0.300s] Level 1:colcon.colcon_core.package_identification:_identify(libmodbus/src/win32) by extension 'colcon_pkg'
[0.300s] Level 1:colcon.colcon_core.package_identification:_identify(libmodbus/src/win32) by extensions ['colcon_meta']
[0.300s] Level 1:colcon.colcon_core.package_identification:_identify(libmodbus/src/win32) by extension 'colcon_meta'
[0.300s] Level 1:colcon.colcon_core.package_identification:_identify(libmodbus/src/win32) by extensions ['ros']
[0.300s] Level 1:colcon.colcon_core.package_identification:_identify(libmodbus/src/win32) by extension 'ros'
[0.300s] Level 1:colcon.colcon_core.package_identification:_identify(libmodbus/src/win32) by extensions ['cmake', 'python']
[0.300s] Level 1:colcon.colcon_core.package_identification:_identify(libmodbus/src/win32) by extension 'cmake'
[0.300s] Level 1:colcon.colcon_core.package_identification:_identify(libmodbus/src/win32) by extension 'python'
[0.300s] Level 1:colcon.colcon_core.package_identification:_identify(libmodbus/src/win32) by extensions ['python_setup_py']
[0.300s] Level 1:colcon.colcon_core.package_identification:_identify(libmodbus/src/win32) by extension 'python_setup_py'
[0.300s] Level 1:colcon.colcon_core.package_identification:_identify(libmodbus/tests) by extensions ['ignore', 'ignore_ament_install']
[0.300s] Level 1:colcon.colcon_core.package_identification:_identify(libmodbus/tests) by extension 'ignore'
[0.300s] Level 1:colcon.colcon_core.package_identification:_identify(libmodbus/tests) by extension 'ignore_ament_install'
[0.300s] Level 1:colcon.colcon_core.package_identification:_identify(libmodbus/tests) by extensions ['colcon_pkg']
[0.300s] Level 1:colcon.colcon_core.package_identification:_identify(libmodbus/tests) by extension 'colcon_pkg'
[0.300s] Level 1:colcon.colcon_core.package_identification:_identify(libmodbus/tests) by extensions ['colcon_meta']
[0.301s] Level 1:colcon.colcon_core.package_identification:_identify(libmodbus/tests) by extension 'colcon_meta'
[0.301s] Level 1:colcon.colcon_core.package_identification:_identify(libmodbus/tests) by extensions ['ros']
[0.301s] Level 1:colcon.colcon_core.package_identification:_identify(libmodbus/tests) by extension 'ros'
[0.301s] Level 1:colcon.colcon_core.package_identification:_identify(libmodbus/tests) by extensions ['cmake', 'python']
[0.301s] Level 1:colcon.colcon_core.package_identification:_identify(libmodbus/tests) by extension 'cmake'
[0.301s] Level 1:colcon.colcon_core.package_identification:_identify(libmodbus/tests) by extension 'python'
[0.301s] Level 1:colcon.colcon_core.package_identification:_identify(libmodbus/tests) by extensions ['python_setup_py']
[0.301s] Level 1:colcon.colcon_core.package_identification:_identify(libmodbus/tests) by extension 'python_setup_py'
[0.301s] Level 1:colcon.colcon_core.package_identification:_identify(log) by extensions ['ignore', 'ignore_ament_install']
[0.301s] Level 1:colcon.colcon_core.package_identification:_identify(log) by extension 'ignore'
[0.301s] Level 1:colcon.colcon_core.package_identification:_identify(log) ignored
[0.301s] Level 1:colcon.colcon_core.package_identification:_identify(src) by extensions ['ignore', 'ignore_ament_install']
[0.301s] Level 1:colcon.colcon_core.package_identification:_identify(src) by extension 'ignore'
[0.301s] Level 1:colcon.colcon_core.package_identification:_identify(src) by extension 'ignore_ament_install'
[0.301s] Level 1:colcon.colcon_core.package_identification:_identify(src) by extensions ['colcon_pkg']
[0.301s] Level 1:colcon.colcon_core.package_identification:_identify(src) by extension 'colcon_pkg'
[0.301s] Level 1:colcon.colcon_core.package_identification:_identify(src) by extensions ['colcon_meta']
[0.301s] Level 1:colcon.colcon_core.package_identification:_identify(src) by extension 'colcon_meta'
[0.301s] Level 1:colcon.colcon_core.package_identification:_identify(src) by extensions ['ros']
[0.301s] Level 1:colcon.colcon_core.package_identification:_identify(src) by extension 'ros'
[0.301s] Level 1:colcon.colcon_core.package_identification:_identify(src) by extensions ['cmake', 'python']
[0.302s] Level 1:colcon.colcon_core.package_identification:_identify(src) by extension 'cmake'
[0.302s] Level 1:colcon.colcon_core.package_identification:_identify(src) by extension 'python'
[0.302s] Level 1:colcon.colcon_core.package_identification:_identify(src) by extensions ['python_setup_py']
[0.302s] Level 1:colcon.colcon_core.package_identification:_identify(src) by extension 'python_setup_py'
[0.302s] Level 1:colcon.colcon_core.package_identification:_identify(src/SMW-G02(2.0)_camera_urdf_description) by extensions ['ignore', 'ignore_ament_install']
[0.302s] Level 1:colcon.colcon_core.package_identification:_identify(src/SMW-G02(2.0)_camera_urdf_description) by extension 'ignore'
[0.302s] Level 1:colcon.colcon_core.package_identification:_identify(src/SMW-G02(2.0)_camera_urdf_description) by extension 'ignore_ament_install'
[0.302s] Level 1:colcon.colcon_core.package_identification:_identify(src/SMW-G02(2.0)_camera_urdf_description) by extensions ['colcon_pkg']
[0.302s] Level 1:colcon.colcon_core.package_identification:_identify(src/SMW-G02(2.0)_camera_urdf_description) by extension 'colcon_pkg'
[0.302s] Level 1:colcon.colcon_core.package_identification:_identify(src/SMW-G02(2.0)_camera_urdf_description) by extensions ['colcon_meta']
[0.302s] Level 1:colcon.colcon_core.package_identification:_identify(src/SMW-G02(2.0)_camera_urdf_description) by extension 'colcon_meta'
[0.302s] Level 1:colcon.colcon_core.package_identification:_identify(src/SMW-G02(2.0)_camera_urdf_description) by extensions ['ros']
[0.302s] Level 1:colcon.colcon_core.package_identification:_identify(src/SMW-G02(2.0)_camera_urdf_description) by extension 'ros'
[0.302s] Level 1:colcon.colcon_core.package_identification:_identify(src/SMW-G02(2.0)_camera_urdf_description) by extensions ['cmake', 'python']
[0.302s] Level 1:colcon.colcon_core.package_identification:_identify(src/SMW-G02(2.0)_camera_urdf_description) by extension 'cmake'
[0.302s] Level 1:colcon.colcon_core.package_identification:_identify(src/SMW-G02(2.0)_camera_urdf_description) by extension 'python'
[0.302s] Level 1:colcon.colcon_core.package_identification:_identify(src/SMW-G02(2.0)_camera_urdf_description) by extensions ['python_setup_py']
[0.302s] Level 1:colcon.colcon_core.package_identification:_identify(src/SMW-G02(2.0)_camera_urdf_description) by extension 'python_setup_py'
[0.302s] Level 1:colcon.colcon_core.package_identification:_identify(src/SMW-G02(2.0)_camera_urdf_description/SMW-G02(2.0)_camera_urdf_description) by extensions ['ignore', 'ignore_ament_install']
[0.302s] Level 1:colcon.colcon_core.package_identification:_identify(src/SMW-G02(2.0)_camera_urdf_description/SMW-G02(2.0)_camera_urdf_description) by extension 'ignore'
[0.302s] Level 1:colcon.colcon_core.package_identification:_identify(src/SMW-G02(2.0)_camera_urdf_description/SMW-G02(2.0)_camera_urdf_description) by extension 'ignore_ament_install'
[0.302s] Level 1:colcon.colcon_core.package_identification:_identify(src/SMW-G02(2.0)_camera_urdf_description/SMW-G02(2.0)_camera_urdf_description) by extensions ['colcon_pkg']
[0.303s] Level 1:colcon.colcon_core.package_identification:_identify(src/SMW-G02(2.0)_camera_urdf_description/SMW-G02(2.0)_camera_urdf_description) by extension 'colcon_pkg'
[0.303s] Level 1:colcon.colcon_core.package_identification:_identify(src/SMW-G02(2.0)_camera_urdf_description/SMW-G02(2.0)_camera_urdf_description) by extensions ['colcon_meta']
[0.303s] Level 1:colcon.colcon_core.package_identification:_identify(src/SMW-G02(2.0)_camera_urdf_description/SMW-G02(2.0)_camera_urdf_description) by extension 'colcon_meta'
[0.303s] Level 1:colcon.colcon_core.package_identification:_identify(src/SMW-G02(2.0)_camera_urdf_description/SMW-G02(2.0)_camera_urdf_description) by extensions ['ros']
[0.303s] Level 1:colcon.colcon_core.package_identification:_identify(src/SMW-G02(2.0)_camera_urdf_description/SMW-G02(2.0)_camera_urdf_description) by extension 'ros'
[0.303s] Level 1:colcon.colcon_core.package_identification:_identify(src/SMW-G02(2.0)_camera_urdf_description/SMW-G02(2.0)_camera_urdf_description) by extensions ['cmake', 'python']
[0.303s] Level 1:colcon.colcon_core.package_identification:_identify(src/SMW-G02(2.0)_camera_urdf_description/SMW-G02(2.0)_camera_urdf_description) by extension 'cmake'
[0.303s] Level 1:colcon.colcon_core.package_identification:_identify(src/SMW-G02(2.0)_camera_urdf_description/SMW-G02(2.0)_camera_urdf_description) by extension 'python'
[0.303s] Level 1:colcon.colcon_core.package_identification:_identify(src/SMW-G02(2.0)_camera_urdf_description/SMW-G02(2.0)_camera_urdf_description) by extensions ['python_setup_py']
[0.303s] Level 1:colcon.colcon_core.package_identification:_identify(src/SMW-G02(2.0)_camera_urdf_description/SMW-G02(2.0)_camera_urdf_description) by extension 'python_setup_py'
[0.303s] Level 1:colcon.colcon_core.package_identification:_identify(src/SMW-G02(2.0)_camera_urdf_description/config) by extensions ['ignore', 'ignore_ament_install']
[0.303s] Level 1:colcon.colcon_core.package_identification:_identify(src/SMW-G02(2.0)_camera_urdf_description/config) by extension 'ignore'
[0.303s] Level 1:colcon.colcon_core.package_identification:_identify(src/SMW-G02(2.0)_camera_urdf_description/config) by extension 'ignore_ament_install'
[0.303s] Level 1:colcon.colcon_core.package_identification:_identify(src/SMW-G02(2.0)_camera_urdf_description/config) by extensions ['colcon_pkg']
[0.303s] Level 1:colcon.colcon_core.package_identification:_identify(src/SMW-G02(2.0)_camera_urdf_description/config) by extension 'colcon_pkg'
[0.303s] Level 1:colcon.colcon_core.package_identification:_identify(src/SMW-G02(2.0)_camera_urdf_description/config) by extensions ['colcon_meta']
[0.303s] Level 1:colcon.colcon_core.package_identification:_identify(src/SMW-G02(2.0)_camera_urdf_description/config) by extension 'colcon_meta'
[0.303s] Level 1:colcon.colcon_core.package_identification:_identify(src/SMW-G02(2.0)_camera_urdf_description/config) by extensions ['ros']
[0.303s] Level 1:colcon.colcon_core.package_identification:_identify(src/SMW-G02(2.0)_camera_urdf_description/config) by extension 'ros'
[0.303s] Level 1:colcon.colcon_core.package_identification:_identify(src/SMW-G02(2.0)_camera_urdf_description/config) by extensions ['cmake', 'python']
[0.303s] Level 1:colcon.colcon_core.package_identification:_identify(src/SMW-G02(2.0)_camera_urdf_description/config) by extension 'cmake'
[0.303s] Level 1:colcon.colcon_core.package_identification:_identify(src/SMW-G02(2.0)_camera_urdf_description/config) by extension 'python'
[0.303s] Level 1:colcon.colcon_core.package_identification:_identify(src/SMW-G02(2.0)_camera_urdf_description/config) by extensions ['python_setup_py']
[0.303s] Level 1:colcon.colcon_core.package_identification:_identify(src/SMW-G02(2.0)_camera_urdf_description/config) by extension 'python_setup_py'
[0.304s] Level 1:colcon.colcon_core.package_identification:_identify(src/SMW-G02(2.0)_camera_urdf_description/launch) by extensions ['ignore', 'ignore_ament_install']
[0.304s] Level 1:colcon.colcon_core.package_identification:_identify(src/SMW-G02(2.0)_camera_urdf_description/launch) by extension 'ignore'
[0.304s] Level 1:colcon.colcon_core.package_identification:_identify(src/SMW-G02(2.0)_camera_urdf_description/launch) by extension 'ignore_ament_install'
[0.304s] Level 1:colcon.colcon_core.package_identification:_identify(src/SMW-G02(2.0)_camera_urdf_description/launch) by extensions ['colcon_pkg']
[0.304s] Level 1:colcon.colcon_core.package_identification:_identify(src/SMW-G02(2.0)_camera_urdf_description/launch) by extension 'colcon_pkg'
[0.304s] Level 1:colcon.colcon_core.package_identification:_identify(src/SMW-G02(2.0)_camera_urdf_description/launch) by extensions ['colcon_meta']
[0.304s] Level 1:colcon.colcon_core.package_identification:_identify(src/SMW-G02(2.0)_camera_urdf_description/launch) by extension 'colcon_meta'
[0.304s] Level 1:colcon.colcon_core.package_identification:_identify(src/SMW-G02(2.0)_camera_urdf_description/launch) by extensions ['ros']
[0.304s] Level 1:colcon.colcon_core.package_identification:_identify(src/SMW-G02(2.0)_camera_urdf_description/launch) by extension 'ros'
[0.304s] Level 1:colcon.colcon_core.package_identification:_identify(src/SMW-G02(2.0)_camera_urdf_description/launch) by extensions ['cmake', 'python']
[0.304s] Level 1:colcon.colcon_core.package_identification:_identify(src/SMW-G02(2.0)_camera_urdf_description/launch) by extension 'cmake'
[0.304s] Level 1:colcon.colcon_core.package_identification:_identify(src/SMW-G02(2.0)_camera_urdf_description/launch) by extension 'python'
[0.304s] Level 1:colcon.colcon_core.package_identification:_identify(src/SMW-G02(2.0)_camera_urdf_description/launch) by extensions ['python_setup_py']
[0.304s] Level 1:colcon.colcon_core.package_identification:_identify(src/SMW-G02(2.0)_camera_urdf_description/launch) by extension 'python_setup_py'
[0.304s] Level 1:colcon.colcon_core.package_identification:_identify(src/SMW-G02(2.0)_camera_urdf_description/meshes) by extensions ['ignore', 'ignore_ament_install']
[0.304s] Level 1:colcon.colcon_core.package_identification:_identify(src/SMW-G02(2.0)_camera_urdf_description/meshes) by extension 'ignore'
[0.304s] Level 1:colcon.colcon_core.package_identification:_identify(src/SMW-G02(2.0)_camera_urdf_description/meshes) by extension 'ignore_ament_install'
[0.304s] Level 1:colcon.colcon_core.package_identification:_identify(src/SMW-G02(2.0)_camera_urdf_description/meshes) by extensions ['colcon_pkg']
[0.304s] Level 1:colcon.colcon_core.package_identification:_identify(src/SMW-G02(2.0)_camera_urdf_description/meshes) by extension 'colcon_pkg'
[0.304s] Level 1:colcon.colcon_core.package_identification:_identify(src/SMW-G02(2.0)_camera_urdf_description/meshes) by extensions ['colcon_meta']
[0.304s] Level 1:colcon.colcon_core.package_identification:_identify(src/SMW-G02(2.0)_camera_urdf_description/meshes) by extension 'colcon_meta'
[0.304s] Level 1:colcon.colcon_core.package_identification:_identify(src/SMW-G02(2.0)_camera_urdf_description/meshes) by extensions ['ros']
[0.305s] Level 1:colcon.colcon_core.package_identification:_identify(src/SMW-G02(2.0)_camera_urdf_description/meshes) by extension 'ros'
[0.305s] Level 1:colcon.colcon_core.package_identification:_identify(src/SMW-G02(2.0)_camera_urdf_description/meshes) by extensions ['cmake', 'python']
[0.305s] Level 1:colcon.colcon_core.package_identification:_identify(src/SMW-G02(2.0)_camera_urdf_description/meshes) by extension 'cmake'
[0.305s] Level 1:colcon.colcon_core.package_identification:_identify(src/SMW-G02(2.0)_camera_urdf_description/meshes) by extension 'python'
[0.305s] Level 1:colcon.colcon_core.package_identification:_identify(src/SMW-G02(2.0)_camera_urdf_description/meshes) by extensions ['python_setup_py']
[0.305s] Level 1:colcon.colcon_core.package_identification:_identify(src/SMW-G02(2.0)_camera_urdf_description/meshes) by extension 'python_setup_py'
[0.305s] Level 1:colcon.colcon_core.package_identification:_identify(src/SMW-G02(2.0)_camera_urdf_description/resource) by extensions ['ignore', 'ignore_ament_install']
[0.305s] Level 1:colcon.colcon_core.package_identification:_identify(src/SMW-G02(2.0)_camera_urdf_description/resource) by extension 'ignore'
[0.305s] Level 1:colcon.colcon_core.package_identification:_identify(src/SMW-G02(2.0)_camera_urdf_description/resource) by extension 'ignore_ament_install'
[0.305s] Level 1:colcon.colcon_core.package_identification:_identify(src/SMW-G02(2.0)_camera_urdf_description/resource) by extensions ['colcon_pkg']
[0.305s] Level 1:colcon.colcon_core.package_identification:_identify(src/SMW-G02(2.0)_camera_urdf_description/resource) by extension 'colcon_pkg'
[0.305s] Level 1:colcon.colcon_core.package_identification:_identify(src/SMW-G02(2.0)_camera_urdf_description/resource) by extensions ['colcon_meta']
[0.305s] Level 1:colcon.colcon_core.package_identification:_identify(src/SMW-G02(2.0)_camera_urdf_description/resource) by extension 'colcon_meta'
[0.305s] Level 1:colcon.colcon_core.package_identification:_identify(src/SMW-G02(2.0)_camera_urdf_description/resource) by extensions ['ros']
[0.305s] Level 1:colcon.colcon_core.package_identification:_identify(src/SMW-G02(2.0)_camera_urdf_description/resource) by extension 'ros'
[0.305s] Level 1:colcon.colcon_core.package_identification:_identify(src/SMW-G02(2.0)_camera_urdf_description/resource) by extensions ['cmake', 'python']
[0.305s] Level 1:colcon.colcon_core.package_identification:_identify(src/SMW-G02(2.0)_camera_urdf_description/resource) by extension 'cmake'
[0.305s] Level 1:colcon.colcon_core.package_identification:_identify(src/SMW-G02(2.0)_camera_urdf_description/resource) by extension 'python'
[0.305s] Level 1:colcon.colcon_core.package_identification:_identify(src/SMW-G02(2.0)_camera_urdf_description/resource) by extensions ['python_setup_py']
[0.305s] Level 1:colcon.colcon_core.package_identification:_identify(src/SMW-G02(2.0)_camera_urdf_description/resource) by extension 'python_setup_py'
[0.305s] Level 1:colcon.colcon_core.package_identification:_identify(src/SMW-G02(2.0)_camera_urdf_description/test) by extensions ['ignore', 'ignore_ament_install']
[0.305s] Level 1:colcon.colcon_core.package_identification:_identify(src/SMW-G02(2.0)_camera_urdf_description/test) by extension 'ignore'
[0.306s] Level 1:colcon.colcon_core.package_identification:_identify(src/SMW-G02(2.0)_camera_urdf_description/test) by extension 'ignore_ament_install'
[0.306s] Level 1:colcon.colcon_core.package_identification:_identify(src/SMW-G02(2.0)_camera_urdf_description/test) by extensions ['colcon_pkg']
[0.306s] Level 1:colcon.colcon_core.package_identification:_identify(src/SMW-G02(2.0)_camera_urdf_description/test) by extension 'colcon_pkg'
[0.306s] Level 1:colcon.colcon_core.package_identification:_identify(src/SMW-G02(2.0)_camera_urdf_description/test) by extensions ['colcon_meta']
[0.306s] Level 1:colcon.colcon_core.package_identification:_identify(src/SMW-G02(2.0)_camera_urdf_description/test) by extension 'colcon_meta'
[0.306s] Level 1:colcon.colcon_core.package_identification:_identify(src/SMW-G02(2.0)_camera_urdf_description/test) by extensions ['ros']
[0.306s] Level 1:colcon.colcon_core.package_identification:_identify(src/SMW-G02(2.0)_camera_urdf_description/test) by extension 'ros'
[0.306s] Level 1:colcon.colcon_core.package_identification:_identify(src/SMW-G02(2.0)_camera_urdf_description/test) by extensions ['cmake', 'python']
[0.306s] Level 1:colcon.colcon_core.package_identification:_identify(src/SMW-G02(2.0)_camera_urdf_description/test) by extension 'cmake'
[0.306s] Level 1:colcon.colcon_core.package_identification:_identify(src/SMW-G02(2.0)_camera_urdf_description/test) by extension 'python'
[0.306s] Level 1:colcon.colcon_core.package_identification:_identify(src/SMW-G02(2.0)_camera_urdf_description/test) by extensions ['python_setup_py']
[0.306s] Level 1:colcon.colcon_core.package_identification:_identify(src/SMW-G02(2.0)_camera_urdf_description/test) by extension 'python_setup_py'
[0.306s] Level 1:colcon.colcon_core.package_identification:_identify(src/SMW-G02(2.0)_camera_urdf_description/urdf) by extensions ['ignore', 'ignore_ament_install']
[0.306s] Level 1:colcon.colcon_core.package_identification:_identify(src/SMW-G02(2.0)_camera_urdf_description/urdf) by extension 'ignore'
[0.306s] Level 1:colcon.colcon_core.package_identification:_identify(src/SMW-G02(2.0)_camera_urdf_description/urdf) by extension 'ignore_ament_install'
[0.306s] Level 1:colcon.colcon_core.package_identification:_identify(src/SMW-G02(2.0)_camera_urdf_description/urdf) by extensions ['colcon_pkg']
[0.306s] Level 1:colcon.colcon_core.package_identification:_identify(src/SMW-G02(2.0)_camera_urdf_description/urdf) by extension 'colcon_pkg'
[0.306s] Level 1:colcon.colcon_core.package_identification:_identify(src/SMW-G02(2.0)_camera_urdf_description/urdf) by extensions ['colcon_meta']
[0.306s] Level 1:colcon.colcon_core.package_identification:_identify(src/SMW-G02(2.0)_camera_urdf_description/urdf) by extension 'colcon_meta'
[0.306s] Level 1:colcon.colcon_core.package_identification:_identify(src/SMW-G02(2.0)_camera_urdf_description/urdf) by extensions ['ros']
[0.306s] Level 1:colcon.colcon_core.package_identification:_identify(src/SMW-G02(2.0)_camera_urdf_description/urdf) by extension 'ros'
[0.307s] Level 1:colcon.colcon_core.package_identification:_identify(src/SMW-G02(2.0)_camera_urdf_description/urdf) by extensions ['cmake', 'python']
[0.307s] Level 1:colcon.colcon_core.package_identification:_identify(src/SMW-G02(2.0)_camera_urdf_description/urdf) by extension 'cmake'
[0.307s] Level 1:colcon.colcon_core.package_identification:_identify(src/SMW-G02(2.0)_camera_urdf_description/urdf) by extension 'python'
[0.307s] Level 1:colcon.colcon_core.package_identification:_identify(src/SMW-G02(2.0)_camera_urdf_description/urdf) by extensions ['python_setup_py']
[0.307s] Level 1:colcon.colcon_core.package_identification:_identify(src/SMW-G02(2.0)_camera_urdf_description/urdf) by extension 'python_setup_py'
[0.307s] Level 1:colcon.colcon_core.package_identification:_identify(src/docking) by extensions ['ignore', 'ignore_ament_install']
[0.307s] Level 1:colcon.colcon_core.package_identification:_identify(src/docking) by extension 'ignore'
[0.307s] Level 1:colcon.colcon_core.package_identification:_identify(src/docking) by extension 'ignore_ament_install'
[0.307s] Level 1:colcon.colcon_core.package_identification:_identify(src/docking) by extensions ['colcon_pkg']
[0.307s] Level 1:colcon.colcon_core.package_identification:_identify(src/docking) by extension 'colcon_pkg'
[0.307s] Level 1:colcon.colcon_core.package_identification:_identify(src/docking) by extensions ['colcon_meta']
[0.307s] Level 1:colcon.colcon_core.package_identification:_identify(src/docking) by extension 'colcon_meta'
[0.307s] Level 1:colcon.colcon_core.package_identification:_identify(src/docking) by extensions ['ros']
[0.307s] Level 1:colcon.colcon_core.package_identification:_identify(src/docking) by extension 'ros'
[0.307s] Level 1:colcon.colcon_core.package_identification:_identify(src/docking) by extensions ['cmake', 'python']
[0.307s] Level 1:colcon.colcon_core.package_identification:_identify(src/docking) by extension 'cmake'
[0.307s] Level 1:colcon.colcon_core.package_identification:_identify(src/docking) by extension 'python'
[0.307s] Level 1:colcon.colcon_core.package_identification:_identify(src/docking) by extensions ['python_setup_py']
[0.307s] Level 1:colcon.colcon_core.package_identification:_identify(src/docking) by extension 'python_setup_py'
[0.307s] Level 1:colcon.colcon_core.package_identification:_identify(src/docking/docking_pkg) by extensions ['ignore', 'ignore_ament_install']
[0.307s] Level 1:colcon.colcon_core.package_identification:_identify(src/docking/docking_pkg) by extension 'ignore'
[0.308s] Level 1:colcon.colcon_core.package_identification:_identify(src/docking/docking_pkg) by extension 'ignore_ament_install'
[0.308s] Level 1:colcon.colcon_core.package_identification:_identify(src/docking/docking_pkg) by extensions ['colcon_pkg']
[0.308s] Level 1:colcon.colcon_core.package_identification:_identify(src/docking/docking_pkg) by extension 'colcon_pkg'
[0.308s] Level 1:colcon.colcon_core.package_identification:_identify(src/docking/docking_pkg) by extensions ['colcon_meta']
[0.308s] Level 1:colcon.colcon_core.package_identification:_identify(src/docking/docking_pkg) by extension 'colcon_meta'
[0.308s] Level 1:colcon.colcon_core.package_identification:_identify(src/docking/docking_pkg) by extensions ['ros']
[0.308s] Level 1:colcon.colcon_core.package_identification:_identify(src/docking/docking_pkg) by extension 'ros'
[0.318s] DEBUG:colcon.colcon_core.package_identification:Package 'src/docking/docking_pkg' with type 'ros.ament_python' and name 'docking_pkg'
[0.318s] Level 1:colcon.colcon_core.package_identification:_identify(src/docking/realsense-ros) by extensions ['ignore', 'ignore_ament_install']
[0.318s] Level 1:colcon.colcon_core.package_identification:_identify(src/docking/realsense-ros) by extension 'ignore'
[0.318s] Level 1:colcon.colcon_core.package_identification:_identify(src/docking/realsense-ros) by extension 'ignore_ament_install'
[0.318s] Level 1:colcon.colcon_core.package_identification:_identify(src/docking/realsense-ros) by extensions ['colcon_pkg']
[0.318s] Level 1:colcon.colcon_core.package_identification:_identify(src/docking/realsense-ros) by extension 'colcon_pkg'
[0.319s] Level 1:colcon.colcon_core.package_identification:_identify(src/docking/realsense-ros) by extensions ['colcon_meta']
[0.319s] Level 1:colcon.colcon_core.package_identification:_identify(src/docking/realsense-ros) by extension 'colcon_meta'
[0.319s] Level 1:colcon.colcon_core.package_identification:_identify(src/docking/realsense-ros) by extensions ['ros']
[0.319s] Level 1:colcon.colcon_core.package_identification:_identify(src/docking/realsense-ros) by extension 'ros'
[0.319s] Level 1:colcon.colcon_core.package_identification:_identify(src/docking/realsense-ros) by extensions ['cmake', 'python']
[0.319s] Level 1:colcon.colcon_core.package_identification:_identify(src/docking/realsense-ros) by extension 'cmake'
[0.319s] Level 1:colcon.colcon_core.package_identification:_identify(src/docking/realsense-ros) by extension 'python'
[0.319s] Level 1:colcon.colcon_core.package_identification:_identify(src/docking/realsense-ros) by extensions ['python_setup_py']
[0.319s] Level 1:colcon.colcon_core.package_identification:_identify(src/docking/realsense-ros) by extension 'python_setup_py'
[0.319s] Level 1:colcon.colcon_core.package_identification:_identify(src/docking/realsense-ros/realsense2_camera) by extensions ['ignore', 'ignore_ament_install']
[0.319s] Level 1:colcon.colcon_core.package_identification:_identify(src/docking/realsense-ros/realsense2_camera) by extension 'ignore'
[0.319s] Level 1:colcon.colcon_core.package_identification:_identify(src/docking/realsense-ros/realsense2_camera) by extension 'ignore_ament_install'
[0.319s] Level 1:colcon.colcon_core.package_identification:_identify(src/docking/realsense-ros/realsense2_camera) by extensions ['colcon_pkg']
[0.319s] Level 1:colcon.colcon_core.package_identification:_identify(src/docking/realsense-ros/realsense2_camera) by extension 'colcon_pkg'
[0.319s] Level 1:colcon.colcon_core.package_identification:_identify(src/docking/realsense-ros/realsense2_camera) by extensions ['colcon_meta']
[0.319s] Level 1:colcon.colcon_core.package_identification:_identify(src/docking/realsense-ros/realsense2_camera) by extension 'colcon_meta'
[0.319s] Level 1:colcon.colcon_core.package_identification:_identify(src/docking/realsense-ros/realsense2_camera) by extensions ['ros']
[0.319s] Level 1:colcon.colcon_core.package_identification:_identify(src/docking/realsense-ros/realsense2_camera) by extension 'ros'
[0.324s] DEBUG:colcon.colcon_core.package_identification:Package 'src/docking/realsense-ros/realsense2_camera' with type 'ros.ament_cmake' and name 'realsense2_camera'
[0.324s] Level 1:colcon.colcon_core.package_identification:_identify(src/docking/realsense-ros/realsense2_camera_msgs) by extensions ['ignore', 'ignore_ament_install']
[0.324s] Level 1:colcon.colcon_core.package_identification:_identify(src/docking/realsense-ros/realsense2_camera_msgs) by extension 'ignore'
[0.324s] Level 1:colcon.colcon_core.package_identification:_identify(src/docking/realsense-ros/realsense2_camera_msgs) by extension 'ignore_ament_install'
[0.324s] Level 1:colcon.colcon_core.package_identification:_identify(src/docking/realsense-ros/realsense2_camera_msgs) by extensions ['colcon_pkg']
[0.324s] Level 1:colcon.colcon_core.package_identification:_identify(src/docking/realsense-ros/realsense2_camera_msgs) by extension 'colcon_pkg'
[0.325s] Level 1:colcon.colcon_core.package_identification:_identify(src/docking/realsense-ros/realsense2_camera_msgs) by extensions ['colcon_meta']
[0.325s] Level 1:colcon.colcon_core.package_identification:_identify(src/docking/realsense-ros/realsense2_camera_msgs) by extension 'colcon_meta'
[0.325s] Level 1:colcon.colcon_core.package_identification:_identify(src/docking/realsense-ros/realsense2_camera_msgs) by extensions ['ros']
[0.325s] Level 1:colcon.colcon_core.package_identification:_identify(src/docking/realsense-ros/realsense2_camera_msgs) by extension 'ros'
[0.325s] DEBUG:colcon.colcon_core.package_identification:Package 'src/docking/realsense-ros/realsense2_camera_msgs' with type 'ros.ament_cmake' and name 'realsense2_camera_msgs'
[0.325s] Level 1:colcon.colcon_core.package_identification:_identify(src/docking/realsense-ros/realsense2_description) by extensions ['ignore', 'ignore_ament_install']
[0.325s] Level 1:colcon.colcon_core.package_identification:_identify(src/docking/realsense-ros/realsense2_description) by extension 'ignore'
[0.325s] Level 1:colcon.colcon_core.package_identification:_identify(src/docking/realsense-ros/realsense2_description) by extension 'ignore_ament_install'
[0.325s] Level 1:colcon.colcon_core.package_identification:_identify(src/docking/realsense-ros/realsense2_description) by extensions ['colcon_pkg']
[0.325s] Level 1:colcon.colcon_core.package_identification:_identify(src/docking/realsense-ros/realsense2_description) by extension 'colcon_pkg'
[0.325s] Level 1:colcon.colcon_core.package_identification:_identify(src/docking/realsense-ros/realsense2_description) by extensions ['colcon_meta']
[0.326s] Level 1:colcon.colcon_core.package_identification:_identify(src/docking/realsense-ros/realsense2_description) by extension 'colcon_meta'
[0.326s] Level 1:colcon.colcon_core.package_identification:_identify(src/docking/realsense-ros/realsense2_description) by extensions ['ros']
[0.326s] Level 1:colcon.colcon_core.package_identification:_identify(src/docking/realsense-ros/realsense2_description) by extension 'ros'
[0.326s] DEBUG:colcon.colcon_core.package_identification:Package 'src/docking/realsense-ros/realsense2_description' with type 'ros.ament_cmake' and name 'realsense2_description'
[0.326s] Level 1:colcon.colcon_core.package_identification:_identify(src/docking/realsense-ros/scripts) by extensions ['ignore', 'ignore_ament_install']
[0.326s] Level 1:colcon.colcon_core.package_identification:_identify(src/docking/realsense-ros/scripts) by extension 'ignore'
[0.326s] Level 1:colcon.colcon_core.package_identification:_identify(src/docking/realsense-ros/scripts) by extension 'ignore_ament_install'
[0.326s] Level 1:colcon.colcon_core.package_identification:_identify(src/docking/realsense-ros/scripts) by extensions ['colcon_pkg']
[0.327s] Level 1:colcon.colcon_core.package_identification:_identify(src/docking/realsense-ros/scripts) by extension 'colcon_pkg'
[0.327s] Level 1:colcon.colcon_core.package_identification:_identify(src/docking/realsense-ros/scripts) by extensions ['colcon_meta']
[0.327s] Level 1:colcon.colcon_core.package_identification:_identify(src/docking/realsense-ros/scripts) by extension 'colcon_meta'
[0.327s] Level 1:colcon.colcon_core.package_identification:_identify(src/docking/realsense-ros/scripts) by extensions ['ros']
[0.327s] Level 1:colcon.colcon_core.package_identification:_identify(src/docking/realsense-ros/scripts) by extension 'ros'
[0.327s] Level 1:colcon.colcon_core.package_identification:_identify(src/docking/realsense-ros/scripts) by extensions ['cmake', 'python']
[0.327s] Level 1:colcon.colcon_core.package_identification:_identify(src/docking/realsense-ros/scripts) by extension 'cmake'
[0.327s] Level 1:colcon.colcon_core.package_identification:_identify(src/docking/realsense-ros/scripts) by extension 'python'
[0.327s] Level 1:colcon.colcon_core.package_identification:_identify(src/docking/realsense-ros/scripts) by extensions ['python_setup_py']
[0.327s] Level 1:colcon.colcon_core.package_identification:_identify(src/docking/realsense-ros/scripts) by extension 'python_setup_py'
[0.327s] Level 1:colcon.colcon_core.package_identification:_identify(src/gui) by extensions ['ignore', 'ignore_ament_install']
[0.327s] Level 1:colcon.colcon_core.package_identification:_identify(src/gui) by extension 'ignore'
[0.327s] Level 1:colcon.colcon_core.package_identification:_identify(src/gui) by extension 'ignore_ament_install'
[0.327s] Level 1:colcon.colcon_core.package_identification:_identify(src/gui) by extensions ['colcon_pkg']
[0.327s] Level 1:colcon.colcon_core.package_identification:_identify(src/gui) by extension 'colcon_pkg'
[0.327s] Level 1:colcon.colcon_core.package_identification:_identify(src/gui) by extensions ['colcon_meta']
[0.327s] Level 1:colcon.colcon_core.package_identification:_identify(src/gui) by extension 'colcon_meta'
[0.327s] Level 1:colcon.colcon_core.package_identification:_identify(src/gui) by extensions ['ros']
[0.327s] Level 1:colcon.colcon_core.package_identification:_identify(src/gui) by extension 'ros'
[0.327s] Level 1:colcon.colcon_core.package_identification:_identify(src/gui) by extensions ['cmake', 'python']
[0.327s] Level 1:colcon.colcon_core.package_identification:_identify(src/gui) by extension 'cmake'
[0.327s] Level 1:colcon.colcon_core.package_identification:_identify(src/gui) by extension 'python'
[0.327s] Level 1:colcon.colcon_core.package_identification:_identify(src/gui) by extensions ['python_setup_py']
[0.327s] Level 1:colcon.colcon_core.package_identification:_identify(src/gui) by extension 'python_setup_py'
[0.328s] Level 1:colcon.colcon_core.package_identification:_identify(src/gui/gui) by extensions ['ignore', 'ignore_ament_install']
[0.328s] Level 1:colcon.colcon_core.package_identification:_identify(src/gui/gui) by extension 'ignore'
[0.328s] Level 1:colcon.colcon_core.package_identification:_identify(src/gui/gui) by extension 'ignore_ament_install'
[0.328s] Level 1:colcon.colcon_core.package_identification:_identify(src/gui/gui) by extensions ['colcon_pkg']
[0.328s] Level 1:colcon.colcon_core.package_identification:_identify(src/gui/gui) by extension 'colcon_pkg'
[0.328s] Level 1:colcon.colcon_core.package_identification:_identify(src/gui/gui) by extensions ['colcon_meta']
[0.328s] Level 1:colcon.colcon_core.package_identification:_identify(src/gui/gui) by extension 'colcon_meta'
[0.328s] Level 1:colcon.colcon_core.package_identification:_identify(src/gui/gui) by extensions ['ros']
[0.328s] Level 1:colcon.colcon_core.package_identification:_identify(src/gui/gui) by extension 'ros'
[0.328s] DEBUG:colcon.colcon_core.package_identification:Package 'src/gui/gui' with type 'ros.ament_python' and name 'gui'
[0.328s] Level 1:colcon.colcon_core.package_identification:_identify(src/gui/gui_interface) by extensions ['ignore', 'ignore_ament_install']
[0.328s] Level 1:colcon.colcon_core.package_identification:_identify(src/gui/gui_interface) by extension 'ignore'
[0.329s] Level 1:colcon.colcon_core.package_identification:_identify(src/gui/gui_interface) by extension 'ignore_ament_install'
[0.329s] Level 1:colcon.colcon_core.package_identification:_identify(src/gui/gui_interface) by extensions ['colcon_pkg']
[0.329s] Level 1:colcon.colcon_core.package_identification:_identify(src/gui/gui_interface) by extension 'colcon_pkg'
[0.329s] Level 1:colcon.colcon_core.package_identification:_identify(src/gui/gui_interface) by extensions ['colcon_meta']
[0.329s] Level 1:colcon.colcon_core.package_identification:_identify(src/gui/gui_interface) by extension 'colcon_meta'
[0.329s] Level 1:colcon.colcon_core.package_identification:_identify(src/gui/gui_interface) by extensions ['ros']
[0.329s] Level 1:colcon.colcon_core.package_identification:_identify(src/gui/gui_interface) by extension 'ros'
[0.329s] DEBUG:colcon.colcon_core.package_identification:Package 'src/gui/gui_interface' with type 'ros.ament_cmake' and name 'gui_interface'
[0.329s] Level 1:colcon.colcon_core.package_identification:_identify(src/interface) by extensions ['ignore', 'ignore_ament_install']
[0.329s] Level 1:colcon.colcon_core.package_identification:_identify(src/interface) by extension 'ignore'
[0.329s] Level 1:colcon.colcon_core.package_identification:_identify(src/interface) by extension 'ignore_ament_install'
[0.329s] Level 1:colcon.colcon_core.package_identification:_identify(src/interface) by extensions ['colcon_pkg']
[0.329s] Level 1:colcon.colcon_core.package_identification:_identify(src/interface) by extension 'colcon_pkg'
[0.329s] Level 1:colcon.colcon_core.package_identification:_identify(src/interface) by extensions ['colcon_meta']
[0.330s] Level 1:colcon.colcon_core.package_identification:_identify(src/interface) by extension 'colcon_meta'
[0.330s] Level 1:colcon.colcon_core.package_identification:_identify(src/interface) by extensions ['ros']
[0.330s] Level 1:colcon.colcon_core.package_identification:_identify(src/interface) by extension 'ros'
[0.330s] DEBUG:colcon.colcon_core.package_identification:Package 'src/interface' with type 'ros.ament_cmake' and name 'interface'
[0.330s] Level 1:colcon.colcon_core.package_identification:_identify(src/ira_laser_tools) by extensions ['ignore', 'ignore_ament_install']
[0.330s] Level 1:colcon.colcon_core.package_identification:_identify(src/ira_laser_tools) by extension 'ignore'
[0.330s] Level 1:colcon.colcon_core.package_identification:_identify(src/ira_laser_tools) by extension 'ignore_ament_install'
[0.330s] Level 1:colcon.colcon_core.package_identification:_identify(src/ira_laser_tools) by extensions ['colcon_pkg']
[0.330s] Level 1:colcon.colcon_core.package_identification:_identify(src/ira_laser_tools) by extension 'colcon_pkg'
[0.330s] Level 1:colcon.colcon_core.package_identification:_identify(src/ira_laser_tools) by extensions ['colcon_meta']
[0.330s] Level 1:colcon.colcon_core.package_identification:_identify(src/ira_laser_tools) by extension 'colcon_meta'
[0.330s] Level 1:colcon.colcon_core.package_identification:_identify(src/ira_laser_tools) by extensions ['ros']
[0.331s] Level 1:colcon.colcon_core.package_identification:_identify(src/ira_laser_tools) by extension 'ros'
[0.332s] DEBUG:colcon.colcon_core.package_identification:Package 'src/ira_laser_tools' with type 'ros.ament_cmake' and name 'ira_laser_tools'
[0.332s] Level 1:colcon.colcon_core.package_identification:_identify(src/keyboard_control) by extensions ['ignore', 'ignore_ament_install']
[0.332s] Level 1:colcon.colcon_core.package_identification:_identify(src/keyboard_control) by extension 'ignore'
[0.332s] Level 1:colcon.colcon_core.package_identification:_identify(src/keyboard_control) by extension 'ignore_ament_install'
[0.332s] Level 1:colcon.colcon_core.package_identification:_identify(src/keyboard_control) by extensions ['colcon_pkg']
[0.332s] Level 1:colcon.colcon_core.package_identification:_identify(src/keyboard_control) by extension 'colcon_pkg'
[0.332s] Level 1:colcon.colcon_core.package_identification:_identify(src/keyboard_control) by extensions ['colcon_meta']
[0.332s] Level 1:colcon.colcon_core.package_identification:_identify(src/keyboard_control) by extension 'colcon_meta'
[0.332s] Level 1:colcon.colcon_core.package_identification:_identify(src/keyboard_control) by extensions ['ros']
[0.332s] Level 1:colcon.colcon_core.package_identification:_identify(src/keyboard_control) by extension 'ros'
[0.333s] DEBUG:colcon.colcon_core.package_identification:Package 'src/keyboard_control' with type 'ros.ament_cmake' and name 'keyboard_control'
[0.333s] Level 1:colcon.colcon_core.package_identification:_identify(src/linear_move) by extensions ['ignore', 'ignore_ament_install']
[0.333s] Level 1:colcon.colcon_core.package_identification:_identify(src/linear_move) by extension 'ignore'
[0.333s] Level 1:colcon.colcon_core.package_identification:_identify(src/linear_move) by extension 'ignore_ament_install'
[0.333s] Level 1:colcon.colcon_core.package_identification:_identify(src/linear_move) by extensions ['colcon_pkg']
[0.333s] Level 1:colcon.colcon_core.package_identification:_identify(src/linear_move) by extension 'colcon_pkg'
[0.333s] Level 1:colcon.colcon_core.package_identification:_identify(src/linear_move) by extensions ['colcon_meta']
[0.333s] Level 1:colcon.colcon_core.package_identification:_identify(src/linear_move) by extension 'colcon_meta'
[0.333s] Level 1:colcon.colcon_core.package_identification:_identify(src/linear_move) by extensions ['ros']
[0.333s] Level 1:colcon.colcon_core.package_identification:_identify(src/linear_move) by extension 'ros'
[0.334s] DEBUG:colcon.colcon_core.package_identification:Package 'src/linear_move' with type 'ros.ament_cmake' and name 'linear_move'
[0.334s] Level 1:colcon.colcon_core.package_identification:_identify(src/main_control) by extensions ['ignore', 'ignore_ament_install']
[0.334s] Level 1:colcon.colcon_core.package_identification:_identify(src/main_control) by extension 'ignore'
[0.334s] Level 1:colcon.colcon_core.package_identification:_identify(src/main_control) by extension 'ignore_ament_install'
[0.334s] Level 1:colcon.colcon_core.package_identification:_identify(src/main_control) by extensions ['colcon_pkg']
[0.334s] Level 1:colcon.colcon_core.package_identification:_identify(src/main_control) by extension 'colcon_pkg'
[0.334s] Level 1:colcon.colcon_core.package_identification:_identify(src/main_control) by extensions ['colcon_meta']
[0.334s] Level 1:colcon.colcon_core.package_identification:_identify(src/main_control) by extension 'colcon_meta'
[0.334s] Level 1:colcon.colcon_core.package_identification:_identify(src/main_control) by extensions ['ros']
[0.334s] Level 1:colcon.colcon_core.package_identification:_identify(src/main_control) by extension 'ros'
[0.334s] Level 1:colcon.colcon_core.package_identification:_identify(src/main_control) by extensions ['cmake', 'python']
[0.334s] Level 1:colcon.colcon_core.package_identification:_identify(src/main_control) by extension 'cmake'
[0.334s] Level 1:colcon.colcon_core.package_identification:_identify(src/main_control) by extension 'python'
[0.334s] Level 1:colcon.colcon_core.package_identification:_identify(src/main_control) by extensions ['python_setup_py']
[0.334s] Level 1:colcon.colcon_core.package_identification:_identify(src/main_control) by extension 'python_setup_py'
[0.334s] Level 1:colcon.colcon_core.package_identification:_identify(src/main_control/main_control) by extensions ['ignore', 'ignore_ament_install']
[0.334s] Level 1:colcon.colcon_core.package_identification:_identify(src/main_control/main_control) by extension 'ignore'
[0.334s] Level 1:colcon.colcon_core.package_identification:_identify(src/main_control/main_control) by extension 'ignore_ament_install'
[0.334s] Level 1:colcon.colcon_core.package_identification:_identify(src/main_control/main_control) by extensions ['colcon_pkg']
[0.334s] Level 1:colcon.colcon_core.package_identification:_identify(src/main_control/main_control) by extension 'colcon_pkg'
[0.334s] Level 1:colcon.colcon_core.package_identification:_identify(src/main_control/main_control) by extensions ['colcon_meta']
[0.335s] Level 1:colcon.colcon_core.package_identification:_identify(src/main_control/main_control) by extension 'colcon_meta'
[0.335s] Level 1:colcon.colcon_core.package_identification:_identify(src/main_control/main_control) by extensions ['ros']
[0.335s] Level 1:colcon.colcon_core.package_identification:_identify(src/main_control/main_control) by extension 'ros'
[0.335s] DEBUG:colcon.colcon_core.package_identification:Package 'src/main_control/main_control' with type 'ros.ament_python' and name 'main_control'
[0.335s] Level 1:colcon.colcon_core.package_identification:_identify(src/mecanum) by extensions ['ignore', 'ignore_ament_install']
[0.335s] Level 1:colcon.colcon_core.package_identification:_identify(src/mecanum) by extension 'ignore'
[0.335s] Level 1:colcon.colcon_core.package_identification:_identify(src/mecanum) by extension 'ignore_ament_install'
[0.335s] Level 1:colcon.colcon_core.package_identification:_identify(src/mecanum) by extensions ['colcon_pkg']
[0.335s] Level 1:colcon.colcon_core.package_identification:_identify(src/mecanum) by extension 'colcon_pkg'
[0.335s] Level 1:colcon.colcon_core.package_identification:_identify(src/mecanum) by extensions ['colcon_meta']
[0.335s] Level 1:colcon.colcon_core.package_identification:_identify(src/mecanum) by extension 'colcon_meta'
[0.335s] Level 1:colcon.colcon_core.package_identification:_identify(src/mecanum) by extensions ['ros']
[0.335s] Level 1:colcon.colcon_core.package_identification:_identify(src/mecanum) by extension 'ros'
[0.336s] DEBUG:colcon.colcon_core.package_identification:Package 'src/mecanum' with type 'ros.ament_cmake' and name 'mecanum'
[0.336s] Level 1:colcon.colcon_core.package_identification:_identify(src/pallet) by extensions ['ignore', 'ignore_ament_install']
[0.336s] Level 1:colcon.colcon_core.package_identification:_identify(src/pallet) by extension 'ignore'
[0.336s] Level 1:colcon.colcon_core.package_identification:_identify(src/pallet) by extension 'ignore_ament_install'
[0.336s] Level 1:colcon.colcon_core.package_identification:_identify(src/pallet) by extensions ['colcon_pkg']
[0.336s] Level 1:colcon.colcon_core.package_identification:_identify(src/pallet) by extension 'colcon_pkg'
[0.336s] Level 1:colcon.colcon_core.package_identification:_identify(src/pallet) by extensions ['colcon_meta']
[0.336s] Level 1:colcon.colcon_core.package_identification:_identify(src/pallet) by extension 'colcon_meta'
[0.336s] Level 1:colcon.colcon_core.package_identification:_identify(src/pallet) by extensions ['ros']
[0.337s] Level 1:colcon.colcon_core.package_identification:_identify(src/pallet) by extension 'ros'
[0.337s] Level 1:colcon.colcon_core.package_identification:_identify(src/pallet) by extensions ['cmake', 'python']
[0.337s] Level 1:colcon.colcon_core.package_identification:_identify(src/pallet) by extension 'cmake'
[0.337s] Level 1:colcon.colcon_core.package_identification:_identify(src/pallet) by extension 'python'
[0.337s] Level 1:colcon.colcon_core.package_identification:_identify(src/pallet) by extensions ['python_setup_py']
[0.337s] Level 1:colcon.colcon_core.package_identification:_identify(src/pallet) by extension 'python_setup_py'
[0.337s] Level 1:colcon.colcon_core.package_identification:_identify(src/pallet/pallet_interfaces) by extensions ['ignore', 'ignore_ament_install']
[0.337s] Level 1:colcon.colcon_core.package_identification:_identify(src/pallet/pallet_interfaces) by extension 'ignore'
[0.337s] Level 1:colcon.colcon_core.package_identification:_identify(src/pallet/pallet_interfaces) by extension 'ignore_ament_install'
[0.337s] Level 1:colcon.colcon_core.package_identification:_identify(src/pallet/pallet_interfaces) by extensions ['colcon_pkg']
[0.337s] Level 1:colcon.colcon_core.package_identification:_identify(src/pallet/pallet_interfaces) by extension 'colcon_pkg'
[0.337s] Level 1:colcon.colcon_core.package_identification:_identify(src/pallet/pallet_interfaces) by extensions ['colcon_meta']
[0.337s] Level 1:colcon.colcon_core.package_identification:_identify(src/pallet/pallet_interfaces) by extension 'colcon_meta'
[0.337s] Level 1:colcon.colcon_core.package_identification:_identify(src/pallet/pallet_interfaces) by extensions ['ros']
[0.337s] Level 1:colcon.colcon_core.package_identification:_identify(src/pallet/pallet_interfaces) by extension 'ros'
[0.338s] DEBUG:colcon.colcon_core.package_identification:Package 'src/pallet/pallet_interfaces' with type 'ros.ament_cmake' and name 'pallet_interfaces'
[0.338s] Level 1:colcon.colcon_core.package_identification:_identify(src/pallet/pallet_main) by extensions ['ignore', 'ignore_ament_install']
[0.338s] Level 1:colcon.colcon_core.package_identification:_identify(src/pallet/pallet_main) by extension 'ignore'
[0.338s] Level 1:colcon.colcon_core.package_identification:_identify(src/pallet/pallet_main) by extension 'ignore_ament_install'
[0.338s] Level 1:colcon.colcon_core.package_identification:_identify(src/pallet/pallet_main) by extensions ['colcon_pkg']
[0.338s] Level 1:colcon.colcon_core.package_identification:_identify(src/pallet/pallet_main) by extension 'colcon_pkg'
[0.338s] Level 1:colcon.colcon_core.package_identification:_identify(src/pallet/pallet_main) by extensions ['colcon_meta']
[0.338s] Level 1:colcon.colcon_core.package_identification:_identify(src/pallet/pallet_main) by extension 'colcon_meta'
[0.338s] Level 1:colcon.colcon_core.package_identification:_identify(src/pallet/pallet_main) by extensions ['ros']
[0.338s] Level 1:colcon.colcon_core.package_identification:_identify(src/pallet/pallet_main) by extension 'ros'
[0.338s] DEBUG:colcon.colcon_core.package_identification:Package 'src/pallet/pallet_main' with type 'ros.ament_python' and name 'pallet_main'
[0.338s] Level 1:colcon.colcon_core.package_identification:_identify(src/timda_bringup) by extensions ['ignore', 'ignore_ament_install']
[0.339s] Level 1:colcon.colcon_core.package_identification:_identify(src/timda_bringup) by extension 'ignore'
[0.339s] Level 1:colcon.colcon_core.package_identification:_identify(src/timda_bringup) by extension 'ignore_ament_install'
[0.339s] Level 1:colcon.colcon_core.package_identification:_identify(src/timda_bringup) by extensions ['colcon_pkg']
[0.339s] Level 1:colcon.colcon_core.package_identification:_identify(src/timda_bringup) by extension 'colcon_pkg'
[0.339s] Level 1:colcon.colcon_core.package_identification:_identify(src/timda_bringup) by extensions ['colcon_meta']
[0.339s] Level 1:colcon.colcon_core.package_identification:_identify(src/timda_bringup) by extension 'colcon_meta'
[0.339s] Level 1:colcon.colcon_core.package_identification:_identify(src/timda_bringup) by extensions ['ros']
[0.339s] Level 1:colcon.colcon_core.package_identification:_identify(src/timda_bringup) by extension 'ros'
[0.339s] DEBUG:colcon.colcon_core.package_identification:Package 'src/timda_bringup' with type 'ros.ament_cmake' and name 'timda_bringup'
[0.339s] Level 1:colcon.colcon_core.package_identification:_identify(src/timda_sim) by extensions ['ignore', 'ignore_ament_install']
[0.340s] Level 1:colcon.colcon_core.package_identification:_identify(src/timda_sim) by extension 'ignore'
[0.340s] Level 1:colcon.colcon_core.package_identification:_identify(src/timda_sim) by extension 'ignore_ament_install'
[0.340s] Level 1:colcon.colcon_core.package_identification:_identify(src/timda_sim) by extensions ['colcon_pkg']
[0.340s] Level 1:colcon.colcon_core.package_identification:_identify(src/timda_sim) by extension 'colcon_pkg'
[0.340s] Level 1:colcon.colcon_core.package_identification:_identify(src/timda_sim) by extensions ['colcon_meta']
[0.340s] Level 1:colcon.colcon_core.package_identification:_identify(src/timda_sim) by extension 'colcon_meta'
[0.340s] Level 1:colcon.colcon_core.package_identification:_identify(src/timda_sim) by extensions ['ros']
[0.340s] Level 1:colcon.colcon_core.package_identification:_identify(src/timda_sim) by extension 'ros'
[0.340s] Level 1:colcon.colcon_core.package_identification:_identify(src/timda_sim) by extensions ['cmake', 'python']
[0.340s] Level 1:colcon.colcon_core.package_identification:_identify(src/timda_sim) by extension 'cmake'
[0.340s] Level 1:colcon.colcon_core.package_identification:_identify(src/timda_sim) by extension 'python'
[0.340s] Level 1:colcon.colcon_core.package_identification:_identify(src/timda_sim) by extensions ['python_setup_py']
[0.340s] Level 1:colcon.colcon_core.package_identification:_identify(src/timda_sim) by extension 'python_setup_py'
[0.340s] Level 1:colcon.colcon_core.package_identification:_identify(src/timda_sim/mobile_description) by extensions ['ignore', 'ignore_ament_install']
[0.340s] Level 1:colcon.colcon_core.package_identification:_identify(src/timda_sim/mobile_description) by extension 'ignore'
[0.340s] Level 1:colcon.colcon_core.package_identification:_identify(src/timda_sim/mobile_description) by extension 'ignore_ament_install'
[0.340s] Level 1:colcon.colcon_core.package_identification:_identify(src/timda_sim/mobile_description) by extensions ['colcon_pkg']
[0.340s] Level 1:colcon.colcon_core.package_identification:_identify(src/timda_sim/mobile_description) by extension 'colcon_pkg'
[0.340s] Level 1:colcon.colcon_core.package_identification:_identify(src/timda_sim/mobile_description) by extensions ['colcon_meta']
[0.340s] Level 1:colcon.colcon_core.package_identification:_identify(src/timda_sim/mobile_description) by extension 'colcon_meta'
[0.340s] Level 1:colcon.colcon_core.package_identification:_identify(src/timda_sim/mobile_description) by extensions ['ros']
[0.340s] Level 1:colcon.colcon_core.package_identification:_identify(src/timda_sim/mobile_description) by extension 'ros'
[0.341s] DEBUG:colcon.colcon_core.package_identification:Package 'src/timda_sim/mobile_description' with type 'ros.ament_cmake' and name 'mobile_description'
[0.341s] Level 1:colcon.colcon_core.package_identification:_identify(src/timda_sim/robot_arm_description) by extensions ['ignore', 'ignore_ament_install']
[0.341s] Level 1:colcon.colcon_core.package_identification:_identify(src/timda_sim/robot_arm_description) by extension 'ignore'
[0.341s] Level 1:colcon.colcon_core.package_identification:_identify(src/timda_sim/robot_arm_description) by extension 'ignore_ament_install'
[0.341s] Level 1:colcon.colcon_core.package_identification:_identify(src/timda_sim/robot_arm_description) by extensions ['colcon_pkg']
[0.341s] Level 1:colcon.colcon_core.package_identification:_identify(src/timda_sim/robot_arm_description) by extension 'colcon_pkg'
[0.341s] Level 1:colcon.colcon_core.package_identification:_identify(src/timda_sim/robot_arm_description) by extensions ['colcon_meta']
[0.341s] Level 1:colcon.colcon_core.package_identification:_identify(src/timda_sim/robot_arm_description) by extension 'colcon_meta'
[0.341s] Level 1:colcon.colcon_core.package_identification:_identify(src/timda_sim/robot_arm_description) by extensions ['ros']
[0.341s] Level 1:colcon.colcon_core.package_identification:_identify(src/timda_sim/robot_arm_description) by extension 'ros'
[0.342s] DEBUG:colcon.colcon_core.package_identification:Package 'src/timda_sim/robot_arm_description' with type 'ros.ament_cmake' and name 'robot_arm_description'
[0.342s] Level 1:colcon.colcon_core.package_identification:_identify(src/timda_sim/suction_description) by extensions ['ignore', 'ignore_ament_install']
[0.342s] Level 1:colcon.colcon_core.package_identification:_identify(src/timda_sim/suction_description) by extension 'ignore'
[0.342s] Level 1:colcon.colcon_core.package_identification:_identify(src/timda_sim/suction_description) by extension 'ignore_ament_install'
[0.342s] Level 1:colcon.colcon_core.package_identification:_identify(src/timda_sim/suction_description) by extensions ['colcon_pkg']
[0.342s] Level 1:colcon.colcon_core.package_identification:_identify(src/timda_sim/suction_description) by extension 'colcon_pkg'
[0.342s] Level 1:colcon.colcon_core.package_identification:_identify(src/timda_sim/suction_description) by extensions ['colcon_meta']
[0.342s] Level 1:colcon.colcon_core.package_identification:_identify(src/timda_sim/suction_description) by extension 'colcon_meta'
[0.342s] Level 1:colcon.colcon_core.package_identification:_identify(src/timda_sim/suction_description) by extensions ['ros']
[0.342s] Level 1:colcon.colcon_core.package_identification:_identify(src/timda_sim/suction_description) by extension 'ros'
[0.343s] DEBUG:colcon.colcon_core.package_identification:Package 'src/timda_sim/suction_description' with type 'ros.ament_cmake' and name 'suction_description'
[0.343s] Level 1:colcon.colcon_core.package_identification:_identify(src/timda_sim/timda_body_description) by extensions ['ignore', 'ignore_ament_install']
[0.343s] Level 1:colcon.colcon_core.package_identification:_identify(src/timda_sim/timda_body_description) by extension 'ignore'
[0.343s] Level 1:colcon.colcon_core.package_identification:_identify(src/timda_sim/timda_body_description) by extension 'ignore_ament_install'
[0.343s] Level 1:colcon.colcon_core.package_identification:_identify(src/timda_sim/timda_body_description) by extensions ['colcon_pkg']
[0.343s] Level 1:colcon.colcon_core.package_identification:_identify(src/timda_sim/timda_body_description) by extension 'colcon_pkg'
[0.343s] Level 1:colcon.colcon_core.package_identification:_identify(src/timda_sim/timda_body_description) by extensions ['colcon_meta']
[0.343s] Level 1:colcon.colcon_core.package_identification:_identify(src/timda_sim/timda_body_description) by extension 'colcon_meta'
[0.343s] Level 1:colcon.colcon_core.package_identification:_identify(src/timda_sim/timda_body_description) by extensions ['ros']
[0.343s] Level 1:colcon.colcon_core.package_identification:_identify(src/timda_sim/timda_body_description) by extension 'ros'
[0.343s] DEBUG:colcon.colcon_core.package_identification:Package 'src/timda_sim/timda_body_description' with type 'ros.ament_cmake' and name 'timda_body_description'
[0.344s] Level 1:colcon.colcon_core.package_identification:_identify(src/timda_sim/timda_description) by extensions ['ignore', 'ignore_ament_install']
[0.344s] Level 1:colcon.colcon_core.package_identification:_identify(src/timda_sim/timda_description) by extension 'ignore'
[0.344s] Level 1:colcon.colcon_core.package_identification:_identify(src/timda_sim/timda_description) by extension 'ignore_ament_install'
[0.344s] Level 1:colcon.colcon_core.package_identification:_identify(src/timda_sim/timda_description) by extensions ['colcon_pkg']
[0.344s] Level 1:colcon.colcon_core.package_identification:_identify(src/timda_sim/timda_description) by extension 'colcon_pkg'
[0.344s] Level 1:colcon.colcon_core.package_identification:_identify(src/timda_sim/timda_description) by extensions ['colcon_meta']
[0.344s] Level 1:colcon.colcon_core.package_identification:_identify(src/timda_sim/timda_description) by extension 'colcon_meta'
[0.344s] Level 1:colcon.colcon_core.package_identification:_identify(src/timda_sim/timda_description) by extensions ['ros']
[0.344s] Level 1:colcon.colcon_core.package_identification:_identify(src/timda_sim/timda_description) by extension 'ros'
[0.344s] DEBUG:colcon.colcon_core.package_identification:Package 'src/timda_sim/timda_description' with type 'ros.ament_cmake' and name 'timda_description'
[0.344s] Level 1:colcon.colcon_core.package_identification:_identify(src/timda_sim/timda_gazebo) by extensions ['ignore', 'ignore_ament_install']
[0.344s] Level 1:colcon.colcon_core.package_identification:_identify(src/timda_sim/timda_gazebo) by extension 'ignore'
[0.345s] Level 1:colcon.colcon_core.package_identification:_identify(src/timda_sim/timda_gazebo) by extension 'ignore_ament_install'
[0.345s] Level 1:colcon.colcon_core.package_identification:_identify(src/timda_sim/timda_gazebo) by extensions ['colcon_pkg']
[0.345s] Level 1:colcon.colcon_core.package_identification:_identify(src/timda_sim/timda_gazebo) by extension 'colcon_pkg'
[0.345s] Level 1:colcon.colcon_core.package_identification:_identify(src/timda_sim/timda_gazebo) by extensions ['colcon_meta']
[0.345s] Level 1:colcon.colcon_core.package_identification:_identify(src/timda_sim/timda_gazebo) by extension 'colcon_meta'
[0.345s] Level 1:colcon.colcon_core.package_identification:_identify(src/timda_sim/timda_gazebo) by extensions ['ros']
[0.345s] Level 1:colcon.colcon_core.package_identification:_identify(src/timda_sim/timda_gazebo) by extension 'ros'
[0.345s] DEBUG:colcon.colcon_core.package_identification:Package 'src/timda_sim/timda_gazebo' with type 'ros.ament_cmake' and name 'timda_gazebo'
[0.345s] Level 1:colcon.colcon_core.package_discovery:discover_packages(recursive) using defaults
[0.345s] Level 1:colcon.colcon_core.package_discovery:discover_packages(ignore) discover
[0.345s] Level 1:colcon.colcon_core.package_discovery:discover_packages(ignore) using defaults
[0.345s] Level 1:colcon.colcon_core.package_discovery:discover_packages(path) discover
[0.345s] Level 1:colcon.colcon_core.package_discovery:discover_packages(path) using defaults
[0.365s] Level 1:colcon.colcon_core.package_discovery:discover_packages(prefix_path) check parameters
[0.365s] Level 1:colcon.colcon_core.package_discovery:discover_packages(prefix_path) discover
[0.368s] DEBUG:colcon.colcon_installed_package_information.package_discovery:Found 22 installed packages in /home/eating/work/install
[0.369s] DEBUG:colcon.colcon_installed_package_information.package_discovery:Found 360 installed packages in /opt/ros/humble
[0.371s] Level 1:colcon.colcon_core.package_discovery:discover_packages(prefix_path) using defaults
[0.416s] Level 5:colcon.colcon_core.verb:set package 'docking_pkg' build argument 'cmake_args' from command line to 'None'
[0.416s] Level 5:colcon.colcon_core.verb:set package 'docking_pkg' build argument 'cmake_target' from command line to 'None'
[0.416s] Level 5:colcon.colcon_core.verb:set package 'docking_pkg' build argument 'cmake_target_skip_unavailable' from command line to 'False'
[0.416s] Level 5:colcon.colcon_core.verb:set package 'docking_pkg' build argument 'cmake_clean_cache' from command line to 'False'
[0.416s] Level 5:colcon.colcon_core.verb:set package 'docking_pkg' build argument 'cmake_clean_first' from command line to 'False'
[0.416s] Level 5:colcon.colcon_core.verb:set package 'docking_pkg' build argument 'cmake_force_configure' from command line to 'False'
[0.416s] Level 5:colcon.colcon_core.verb:set package 'docking_pkg' build argument 'ament_cmake_args' from command line to 'None'
[0.417s] Level 5:colcon.colcon_core.verb:set package 'docking_pkg' build argument 'catkin_cmake_args' from command line to 'None'
[0.417s] Level 5:colcon.colcon_core.verb:set package 'docking_pkg' build argument 'catkin_skip_building_tests' from command line to 'False'
[0.417s] DEBUG:colcon.colcon_core.verb:Building package 'docking_pkg' with the following arguments: {'ament_cmake_args': None, 'build_base': '/home/eating/work/build/docking_pkg', 'catkin_cmake_args': None, 'catkin_skip_building_tests': False, 'cmake_args': None, 'cmake_clean_cache': False, 'cmake_clean_first': False, 'cmake_force_configure': False, 'cmake_target': None, 'cmake_target_skip_unavailable': False, 'install_base': '/home/eating/work/install/docking_pkg', 'merge_install': False, 'path': '/home/eating/work/src/docking/docking_pkg', 'symlink_install': False, 'test_result_base': None}
[0.417s] Level 5:colcon.colcon_core.verb:set package 'gui_interface' build argument 'cmake_args' from command line to 'None'
[0.417s] Level 5:colcon.colcon_core.verb:set package 'gui_interface' build argument 'cmake_target' from command line to 'None'
[0.417s] Level 5:colcon.colcon_core.verb:set package 'gui_interface' build argument 'cmake_target_skip_unavailable' from command line to 'False'
[0.417s] Level 5:colcon.colcon_core.verb:set package 'gui_interface' build argument 'cmake_clean_cache' from command line to 'False'
[0.417s] Level 5:colcon.colcon_core.verb:set package 'gui_interface' build argument 'cmake_clean_first' from command line to 'False'
[0.417s] Level 5:colcon.colcon_core.verb:set package 'gui_interface' build argument 'cmake_force_configure' from command line to 'False'
[0.417s] Level 5:colcon.colcon_core.verb:set package 'gui_interface' build argument 'ament_cmake_args' from command line to 'None'
[0.417s] Level 5:colcon.colcon_core.verb:set package 'gui_interface' build argument 'catkin_cmake_args' from command line to 'None'
[0.417s] Level 5:colcon.colcon_core.verb:set package 'gui_interface' build argument 'catkin_skip_building_tests' from command line to 'False'
[0.417s] DEBUG:colcon.colcon_core.verb:Building package 'gui_interface' with the following arguments: {'ament_cmake_args': None, 'build_base': '/home/eating/work/build/gui_interface', 'catkin_cmake_args': None, 'catkin_skip_building_tests': False, 'cmake_args': None, 'cmake_clean_cache': False, 'cmake_clean_first': False, 'cmake_force_configure': False, 'cmake_target': None, 'cmake_target_skip_unavailable': False, 'install_base': '/home/eating/work/install/gui_interface', 'merge_install': False, 'path': '/home/eating/work/src/gui/gui_interface', 'symlink_install': False, 'test_result_base': None}
[0.417s] Level 5:colcon.colcon_core.verb:set package 'interface' build argument 'cmake_args' from command line to 'None'
[0.417s] Level 5:colcon.colcon_core.verb:set package 'interface' build argument 'cmake_target' from command line to 'None'
[0.417s] Level 5:colcon.colcon_core.verb:set package 'interface' build argument 'cmake_target_skip_unavailable' from command line to 'False'
[0.417s] Level 5:colcon.colcon_core.verb:set package 'interface' build argument 'cmake_clean_cache' from command line to 'False'
[0.417s] Level 5:colcon.colcon_core.verb:set package 'interface' build argument 'cmake_clean_first' from command line to 'False'
[0.417s] Level 5:colcon.colcon_core.verb:set package 'interface' build argument 'cmake_force_configure' from command line to 'False'
[0.418s] Level 5:colcon.colcon_core.verb:set package 'interface' build argument 'ament_cmake_args' from command line to 'None'
[0.418s] Level 5:colcon.colcon_core.verb:set package 'interface' build argument 'catkin_cmake_args' from command line to 'None'
[0.418s] Level 5:colcon.colcon_core.verb:set package 'interface' build argument 'catkin_skip_building_tests' from command line to 'False'
[0.418s] DEBUG:colcon.colcon_core.verb:Building package 'interface' with the following arguments: {'ament_cmake_args': None, 'build_base': '/home/eating/work/build/interface', 'catkin_cmake_args': None, 'catkin_skip_building_tests': False, 'cmake_args': None, 'cmake_clean_cache': False, 'cmake_clean_first': False, 'cmake_force_configure': False, 'cmake_target': None, 'cmake_target_skip_unavailable': False, 'install_base': '/home/eating/work/install/interface', 'merge_install': False, 'path': '/home/eating/work/src/interface', 'symlink_install': False, 'test_result_base': None}
[0.418s] Level 5:colcon.colcon_core.verb:set package 'ira_laser_tools' build argument 'cmake_args' from command line to 'None'
[0.418s] Level 5:colcon.colcon_core.verb:set package 'ira_laser_tools' build argument 'cmake_target' from command line to 'None'
[0.418s] Level 5:colcon.colcon_core.verb:set package 'ira_laser_tools' build argument 'cmake_target_skip_unavailable' from command line to 'False'
[0.418s] Level 5:colcon.colcon_core.verb:set package 'ira_laser_tools' build argument 'cmake_clean_cache' from command line to 'False'
[0.418s] Level 5:colcon.colcon_core.verb:set package 'ira_laser_tools' build argument 'cmake_clean_first' from command line to 'False'
[0.418s] Level 5:colcon.colcon_core.verb:set package 'ira_laser_tools' build argument 'cmake_force_configure' from command line to 'False'
[0.418s] Level 5:colcon.colcon_core.verb:set package 'ira_laser_tools' build argument 'ament_cmake_args' from command line to 'None'
[0.418s] Level 5:colcon.colcon_core.verb:set package 'ira_laser_tools' build argument 'catkin_cmake_args' from command line to 'None'
[0.418s] Level 5:colcon.colcon_core.verb:set package 'ira_laser_tools' build argument 'catkin_skip_building_tests' from command line to 'False'
[0.418s] DEBUG:colcon.colcon_core.verb:Building package 'ira_laser_tools' with the following arguments: {'ament_cmake_args': None, 'build_base': '/home/eating/work/build/ira_laser_tools', 'catkin_cmake_args': None, 'catkin_skip_building_tests': False, 'cmake_args': None, 'cmake_clean_cache': False, 'cmake_clean_first': False, 'cmake_force_configure': False, 'cmake_target': None, 'cmake_target_skip_unavailable': False, 'install_base': '/home/eating/work/install/ira_laser_tools', 'merge_install': False, 'path': '/home/eating/work/src/ira_laser_tools', 'symlink_install': False, 'test_result_base': None}
[0.418s] Level 5:colcon.colcon_core.verb:set package 'keyboard_control' build argument 'cmake_args' from command line to 'None'
[0.418s] Level 5:colcon.colcon_core.verb:set package 'keyboard_control' build argument 'cmake_target' from command line to 'None'
[0.418s] Level 5:colcon.colcon_core.verb:set package 'keyboard_control' build argument 'cmake_target_skip_unavailable' from command line to 'False'
[0.418s] Level 5:colcon.colcon_core.verb:set package 'keyboard_control' build argument 'cmake_clean_cache' from command line to 'False'
[0.418s] Level 5:colcon.colcon_core.verb:set package 'keyboard_control' build argument 'cmake_clean_first' from command line to 'False'
[0.418s] Level 5:colcon.colcon_core.verb:set package 'keyboard_control' build argument 'cmake_force_configure' from command line to 'False'
[0.419s] Level 5:colcon.colcon_core.verb:set package 'keyboard_control' build argument 'ament_cmake_args' from command line to 'None'
[0.419s] Level 5:colcon.colcon_core.verb:set package 'keyboard_control' build argument 'catkin_cmake_args' from command line to 'None'
[0.419s] Level 5:colcon.colcon_core.verb:set package 'keyboard_control' build argument 'catkin_skip_building_tests' from command line to 'False'
[0.419s] DEBUG:colcon.colcon_core.verb:Building package 'keyboard_control' with the following arguments: {'ament_cmake_args': None, 'build_base': '/home/eating/work/build/keyboard_control', 'catkin_cmake_args': None, 'catkin_skip_building_tests': False, 'cmake_args': None, 'cmake_clean_cache': False, 'cmake_clean_first': False, 'cmake_force_configure': False, 'cmake_target': None, 'cmake_target_skip_unavailable': False, 'install_base': '/home/eating/work/install/keyboard_control', 'merge_install': False, 'path': '/home/eating/work/src/keyboard_control', 'symlink_install': False, 'test_result_base': None}
[0.419s] Level 5:colcon.colcon_core.verb:set package 'linear_move' build argument 'cmake_args' from command line to 'None'
[0.419s] Level 5:colcon.colcon_core.verb:set package 'linear_move' build argument 'cmake_target' from command line to 'None'
[0.419s] Level 5:colcon.colcon_core.verb:set package 'linear_move' build argument 'cmake_target_skip_unavailable' from command line to 'False'
[0.419s] Level 5:colcon.colcon_core.verb:set package 'linear_move' build argument 'cmake_clean_cache' from command line to 'False'
[0.419s] Level 5:colcon.colcon_core.verb:set package 'linear_move' build argument 'cmake_clean_first' from command line to 'False'
[0.419s] Level 5:colcon.colcon_core.verb:set package 'linear_move' build argument 'cmake_force_configure' from command line to 'False'
[0.419s] Level 5:colcon.colcon_core.verb:set package 'linear_move' build argument 'ament_cmake_args' from command line to 'None'
[0.419s] Level 5:colcon.colcon_core.verb:set package 'linear_move' build argument 'catkin_cmake_args' from command line to 'None'
[0.419s] Level 5:colcon.colcon_core.verb:set package 'linear_move' build argument 'catkin_skip_building_tests' from command line to 'False'
[0.419s] DEBUG:colcon.colcon_core.verb:Building package 'linear_move' with the following arguments: {'ament_cmake_args': None, 'build_base': '/home/eating/work/build/linear_move', 'catkin_cmake_args': None, 'catkin_skip_building_tests': False, 'cmake_args': None, 'cmake_clean_cache': False, 'cmake_clean_first': False, 'cmake_force_configure': False, 'cmake_target': None, 'cmake_target_skip_unavailable': False, 'install_base': '/home/eating/work/install/linear_move', 'merge_install': False, 'path': '/home/eating/work/src/linear_move', 'symlink_install': False, 'test_result_base': None}
[0.419s] Level 5:colcon.colcon_core.verb:set package 'mecanum' build argument 'cmake_args' from command line to 'None'
[0.419s] Level 5:colcon.colcon_core.verb:set package 'mecanum' build argument 'cmake_target' from command line to 'None'
[0.419s] Level 5:colcon.colcon_core.verb:set package 'mecanum' build argument 'cmake_target_skip_unavailable' from command line to 'False'
[0.419s] Level 5:colcon.colcon_core.verb:set package 'mecanum' build argument 'cmake_clean_cache' from command line to 'False'
[0.419s] Level 5:colcon.colcon_core.verb:set package 'mecanum' build argument 'cmake_clean_first' from command line to 'False'
[0.419s] Level 5:colcon.colcon_core.verb:set package 'mecanum' build argument 'cmake_force_configure' from command line to 'False'
[0.420s] Level 5:colcon.colcon_core.verb:set package 'mecanum' build argument 'ament_cmake_args' from command line to 'None'
[0.420s] Level 5:colcon.colcon_core.verb:set package 'mecanum' build argument 'catkin_cmake_args' from command line to 'None'
[0.420s] Level 5:colcon.colcon_core.verb:set package 'mecanum' build argument 'catkin_skip_building_tests' from command line to 'False'
[0.420s] DEBUG:colcon.colcon_core.verb:Building package 'mecanum' with the following arguments: {'ament_cmake_args': None, 'build_base': '/home/eating/work/build/mecanum', 'catkin_cmake_args': None, 'catkin_skip_building_tests': False, 'cmake_args': None, 'cmake_clean_cache': False, 'cmake_clean_first': False, 'cmake_force_configure': False, 'cmake_target': None, 'cmake_target_skip_unavailable': False, 'install_base': '/home/eating/work/install/mecanum', 'merge_install': False, 'path': '/home/eating/work/src/mecanum', 'symlink_install': False, 'test_result_base': None}
[0.420s] Level 5:colcon.colcon_core.verb:set package 'mobile_description' build argument 'cmake_args' from command line to 'None'
[0.420s] Level 5:colcon.colcon_core.verb:set package 'mobile_description' build argument 'cmake_target' from command line to 'None'
[0.420s] Level 5:colcon.colcon_core.verb:set package 'mobile_description' build argument 'cmake_target_skip_unavailable' from command line to 'False'
[0.420s] Level 5:colcon.colcon_core.verb:set package 'mobile_description' build argument 'cmake_clean_cache' from command line to 'False'
[0.420s] Level 5:colcon.colcon_core.verb:set package 'mobile_description' build argument 'cmake_clean_first' from command line to 'False'
[0.420s] Level 5:colcon.colcon_core.verb:set package 'mobile_description' build argument 'cmake_force_configure' from command line to 'False'
[0.420s] Level 5:colcon.colcon_core.verb:set package 'mobile_description' build argument 'ament_cmake_args' from command line to 'None'
[0.420s] Level 5:colcon.colcon_core.verb:set package 'mobile_description' build argument 'catkin_cmake_args' from command line to 'None'
[0.420s] Level 5:colcon.colcon_core.verb:set package 'mobile_description' build argument 'catkin_skip_building_tests' from command line to 'False'
[0.420s] DEBUG:colcon.colcon_core.verb:Building package 'mobile_description' with the following arguments: {'ament_cmake_args': None, 'build_base': '/home/eating/work/build/mobile_description', 'catkin_cmake_args': None, 'catkin_skip_building_tests': False, 'cmake_args': None, 'cmake_clean_cache': False, 'cmake_clean_first': False, 'cmake_force_configure': False, 'cmake_target': None, 'cmake_target_skip_unavailable': False, 'install_base': '/home/eating/work/install/mobile_description', 'merge_install': False, 'path': '/home/eating/work/src/timda_sim/mobile_description', 'symlink_install': False, 'test_result_base': None}
[0.420s] Level 5:colcon.colcon_core.verb:set package 'pallet_interfaces' build argument 'cmake_args' from command line to 'None'
[0.420s] Level 5:colcon.colcon_core.verb:set package 'pallet_interfaces' build argument 'cmake_target' from command line to 'None'
[0.420s] Level 5:colcon.colcon_core.verb:set package 'pallet_interfaces' build argument 'cmake_target_skip_unavailable' from command line to 'False'
[0.420s] Level 5:colcon.colcon_core.verb:set package 'pallet_interfaces' build argument 'cmake_clean_cache' from command line to 'False'
[0.421s] Level 5:colcon.colcon_core.verb:set package 'pallet_interfaces' build argument 'cmake_clean_first' from command line to 'False'
[0.421s] Level 5:colcon.colcon_core.verb:set package 'pallet_interfaces' build argument 'cmake_force_configure' from command line to 'False'
[0.421s] Level 5:colcon.colcon_core.verb:set package 'pallet_interfaces' build argument 'ament_cmake_args' from command line to 'None'
[0.421s] Level 5:colcon.colcon_core.verb:set package 'pallet_interfaces' build argument 'catkin_cmake_args' from command line to 'None'
[0.421s] Level 5:colcon.colcon_core.verb:set package 'pallet_interfaces' build argument 'catkin_skip_building_tests' from command line to 'False'
[0.421s] DEBUG:colcon.colcon_core.verb:Building package 'pallet_interfaces' with the following arguments: {'ament_cmake_args': None, 'build_base': '/home/eating/work/build/pallet_interfaces', 'catkin_cmake_args': None, 'catkin_skip_building_tests': False, 'cmake_args': None, 'cmake_clean_cache': False, 'cmake_clean_first': False, 'cmake_force_configure': False, 'cmake_target': None, 'cmake_target_skip_unavailable': False, 'install_base': '/home/eating/work/install/pallet_interfaces', 'merge_install': False, 'path': '/home/eating/work/src/pallet/pallet_interfaces', 'symlink_install': False, 'test_result_base': None}
[0.421s] Level 5:colcon.colcon_core.verb:set package 'pallet_main' build argument 'cmake_args' from command line to 'None'
[0.421s] Level 5:colcon.colcon_core.verb:set package 'pallet_main' build argument 'cmake_target' from command line to 'None'
[0.421s] Level 5:colcon.colcon_core.verb:set package 'pallet_main' build argument 'cmake_target_skip_unavailable' from command line to 'False'
[0.421s] Level 5:colcon.colcon_core.verb:set package 'pallet_main' build argument 'cmake_clean_cache' from command line to 'False'
[0.421s] Level 5:colcon.colcon_core.verb:set package 'pallet_main' build argument 'cmake_clean_first' from command line to 'False'
[0.421s] Level 5:colcon.colcon_core.verb:set package 'pallet_main' build argument 'cmake_force_configure' from command line to 'False'
[0.421s] Level 5:colcon.colcon_core.verb:set package 'pallet_main' build argument 'ament_cmake_args' from command line to 'None'
[0.421s] Level 5:colcon.colcon_core.verb:set package 'pallet_main' build argument 'catkin_cmake_args' from command line to 'None'
[0.421s] Level 5:colcon.colcon_core.verb:set package 'pallet_main' build argument 'catkin_skip_building_tests' from command line to 'False'
[0.421s] DEBUG:colcon.colcon_core.verb:Building package 'pallet_main' with the following arguments: {'ament_cmake_args': None, 'build_base': '/home/eating/work/build/pallet_main', 'catkin_cmake_args': None, 'catkin_skip_building_tests': False, 'cmake_args': None, 'cmake_clean_cache': False, 'cmake_clean_first': False, 'cmake_force_configure': False, 'cmake_target': None, 'cmake_target_skip_unavailable': False, 'install_base': '/home/eating/work/install/pallet_main', 'merge_install': False, 'path': '/home/eating/work/src/pallet/pallet_main', 'symlink_install': False, 'test_result_base': None}
[0.421s] Level 5:colcon.colcon_core.verb:set package 'realsense2_camera_msgs' build argument 'cmake_args' from command line to 'None'
[0.421s] Level 5:colcon.colcon_core.verb:set package 'realsense2_camera_msgs' build argument 'cmake_target' from command line to 'None'
[0.421s] Level 5:colcon.colcon_core.verb:set package 'realsense2_camera_msgs' build argument 'cmake_target_skip_unavailable' from command line to 'False'
[0.421s] Level 5:colcon.colcon_core.verb:set package 'realsense2_camera_msgs' build argument 'cmake_clean_cache' from command line to 'False'
[0.421s] Level 5:colcon.colcon_core.verb:set package 'realsense2_camera_msgs' build argument 'cmake_clean_first' from command line to 'False'
[0.422s] Level 5:colcon.colcon_core.verb:set package 'realsense2_camera_msgs' build argument 'cmake_force_configure' from command line to 'False'
[0.422s] Level 5:colcon.colcon_core.verb:set package 'realsense2_camera_msgs' build argument 'ament_cmake_args' from command line to 'None'
[0.422s] Level 5:colcon.colcon_core.verb:set package 'realsense2_camera_msgs' build argument 'catkin_cmake_args' from command line to 'None'
[0.422s] Level 5:colcon.colcon_core.verb:set package 'realsense2_camera_msgs' build argument 'catkin_skip_building_tests' from command line to 'False'
[0.422s] DEBUG:colcon.colcon_core.verb:Building package 'realsense2_camera_msgs' with the following arguments: {'ament_cmake_args': None, 'build_base': '/home/eating/work/build/realsense2_camera_msgs', 'catkin_cmake_args': None, 'catkin_skip_building_tests': False, 'cmake_args': None, 'cmake_clean_cache': False, 'cmake_clean_first': False, 'cmake_force_configure': False, 'cmake_target': None, 'cmake_target_skip_unavailable': False, 'install_base': '/home/eating/work/install/realsense2_camera_msgs', 'merge_install': False, 'path': '/home/eating/work/src/docking/realsense-ros/realsense2_camera_msgs', 'symlink_install': False, 'test_result_base': None}
[0.422s] Level 5:colcon.colcon_core.verb:set package 'robot_arm_description' build argument 'cmake_args' from command line to 'None'
[0.422s] Level 5:colcon.colcon_core.verb:set package 'robot_arm_description' build argument 'cmake_target' from command line to 'None'
[0.422s] Level 5:colcon.colcon_core.verb:set package 'robot_arm_description' build argument 'cmake_target_skip_unavailable' from command line to 'False'
[0.422s] Level 5:colcon.colcon_core.verb:set package 'robot_arm_description' build argument 'cmake_clean_cache' from command line to 'False'
[0.422s] Level 5:colcon.colcon_core.verb:set package 'robot_arm_description' build argument 'cmake_clean_first' from command line to 'False'
[0.422s] Level 5:colcon.colcon_core.verb:set package 'robot_arm_description' build argument 'cmake_force_configure' from command line to 'False'
[0.422s] Level 5:colcon.colcon_core.verb:set package 'robot_arm_description' build argument 'ament_cmake_args' from command line to 'None'
[0.422s] Level 5:colcon.colcon_core.verb:set package 'robot_arm_description' build argument 'catkin_cmake_args' from command line to 'None'
[0.422s] Level 5:colcon.colcon_core.verb:set package 'robot_arm_description' build argument 'catkin_skip_building_tests' from command line to 'False'
[0.422s] DEBUG:colcon.colcon_core.verb:Building package 'robot_arm_description' with the following arguments: {'ament_cmake_args': None, 'build_base': '/home/eating/work/build/robot_arm_description', 'catkin_cmake_args': None, 'catkin_skip_building_tests': False, 'cmake_args': None, 'cmake_clean_cache': False, 'cmake_clean_first': False, 'cmake_force_configure': False, 'cmake_target': None, 'cmake_target_skip_unavailable': False, 'install_base': '/home/eating/work/install/robot_arm_description', 'merge_install': False, 'path': '/home/eating/work/src/timda_sim/robot_arm_description', 'symlink_install': False, 'test_result_base': None}
[0.422s] Level 5:colcon.colcon_core.verb:set package 'suction_description' build argument 'cmake_args' from command line to 'None'
[0.422s] Level 5:colcon.colcon_core.verb:set package 'suction_description' build argument 'cmake_target' from command line to 'None'
[0.423s] Level 5:colcon.colcon_core.verb:set package 'suction_description' build argument 'cmake_target_skip_unavailable' from command line to 'False'
[0.423s] Level 5:colcon.colcon_core.verb:set package 'suction_description' build argument 'cmake_clean_cache' from command line to 'False'
[0.423s] Level 5:colcon.colcon_core.verb:set package 'suction_description' build argument 'cmake_clean_first' from command line to 'False'
[0.423s] Level 5:colcon.colcon_core.verb:set package 'suction_description' build argument 'cmake_force_configure' from command line to 'False'
[0.423s] Level 5:colcon.colcon_core.verb:set package 'suction_description' build argument 'ament_cmake_args' from command line to 'None'
[0.423s] Level 5:colcon.colcon_core.verb:set package 'suction_description' build argument 'catkin_cmake_args' from command line to 'None'
[0.423s] Level 5:colcon.colcon_core.verb:set package 'suction_description' build argument 'catkin_skip_building_tests' from command line to 'False'
[0.423s] DEBUG:colcon.colcon_core.verb:Building package 'suction_description' with the following arguments: {'ament_cmake_args': None, 'build_base': '/home/eating/work/build/suction_description', 'catkin_cmake_args': None, 'catkin_skip_building_tests': False, 'cmake_args': None, 'cmake_clean_cache': False, 'cmake_clean_first': False, 'cmake_force_configure': False, 'cmake_target': None, 'cmake_target_skip_unavailable': False, 'install_base': '/home/eating/work/install/suction_description', 'merge_install': False, 'path': '/home/eating/work/src/timda_sim/suction_description', 'symlink_install': False, 'test_result_base': None}
[0.423s] Level 5:colcon.colcon_core.verb:set package 'timda_body_description' build argument 'cmake_args' from command line to 'None'
[0.423s] Level 5:colcon.colcon_core.verb:set package 'timda_body_description' build argument 'cmake_target' from command line to 'None'
[0.423s] Level 5:colcon.colcon_core.verb:set package 'timda_body_description' build argument 'cmake_target_skip_unavailable' from command line to 'False'
[0.423s] Level 5:colcon.colcon_core.verb:set package 'timda_body_description' build argument 'cmake_clean_cache' from command line to 'False'
[0.423s] Level 5:colcon.colcon_core.verb:set package 'timda_body_description' build argument 'cmake_clean_first' from command line to 'False'
[0.423s] Level 5:colcon.colcon_core.verb:set package 'timda_body_description' build argument 'cmake_force_configure' from command line to 'False'
[0.423s] Level 5:colcon.colcon_core.verb:set package 'timda_body_description' build argument 'ament_cmake_args' from command line to 'None'
[0.423s] Level 5:colcon.colcon_core.verb:set package 'timda_body_description' build argument 'catkin_cmake_args' from command line to 'None'
[0.423s] Level 5:colcon.colcon_core.verb:set package 'timda_body_description' build argument 'catkin_skip_building_tests' from command line to 'False'
[0.423s] DEBUG:colcon.colcon_core.verb:Building package 'timda_body_description' with the following arguments: {'ament_cmake_args': None, 'build_base': '/home/eating/work/build/timda_body_description', 'catkin_cmake_args': None, 'catkin_skip_building_tests': False, 'cmake_args': None, 'cmake_clean_cache': False, 'cmake_clean_first': False, 'cmake_force_configure': False, 'cmake_target': None, 'cmake_target_skip_unavailable': False, 'install_base': '/home/eating/work/install/timda_body_description', 'merge_install': False, 'path': '/home/eating/work/src/timda_sim/timda_body_description', 'symlink_install': False, 'test_result_base': None}
[0.424s] Level 5:colcon.colcon_core.verb:set package 'timda_bringup' build argument 'cmake_args' from command line to 'None'
[0.424s] Level 5:colcon.colcon_core.verb:set package 'timda_bringup' build argument 'cmake_target' from command line to 'None'
[0.424s] Level 5:colcon.colcon_core.verb:set package 'timda_bringup' build argument 'cmake_target_skip_unavailable' from command line to 'False'
[0.424s] Level 5:colcon.colcon_core.verb:set package 'timda_bringup' build argument 'cmake_clean_cache' from command line to 'False'
[0.424s] Level 5:colcon.colcon_core.verb:set package 'timda_bringup' build argument 'cmake_clean_first' from command line to 'False'
[0.424s] Level 5:colcon.colcon_core.verb:set package 'timda_bringup' build argument 'cmake_force_configure' from command line to 'False'
[0.424s] Level 5:colcon.colcon_core.verb:set package 'timda_bringup' build argument 'ament_cmake_args' from command line to 'None'
[0.424s] Level 5:colcon.colcon_core.verb:set package 'timda_bringup' build argument 'catkin_cmake_args' from command line to 'None'
[0.424s] Level 5:colcon.colcon_core.verb:set package 'timda_bringup' build argument 'catkin_skip_building_tests' from command line to 'False'
[0.424s] DEBUG:colcon.colcon_core.verb:Building package 'timda_bringup' with the following arguments: {'ament_cmake_args': None, 'build_base': '/home/eating/work/build/timda_bringup', 'catkin_cmake_args': None, 'catkin_skip_building_tests': False, 'cmake_args': None, 'cmake_clean_cache': False, 'cmake_clean_first': False, 'cmake_force_configure': False, 'cmake_target': None, 'cmake_target_skip_unavailable': False, 'install_base': '/home/eating/work/install/timda_bringup', 'merge_install': False, 'path': '/home/eating/work/src/timda_bringup', 'symlink_install': False, 'test_result_base': None}
[0.424s] Level 5:colcon.colcon_core.verb:set package 'timda_description' build argument 'cmake_args' from command line to 'None'
[0.424s] Level 5:colcon.colcon_core.verb:set package 'timda_description' build argument 'cmake_target' from command line to 'None'
[0.424s] Level 5:colcon.colcon_core.verb:set package 'timda_description' build argument 'cmake_target_skip_unavailable' from command line to 'False'
[0.424s] Level 5:colcon.colcon_core.verb:set package 'timda_description' build argument 'cmake_clean_cache' from command line to 'False'
[0.424s] Level 5:colcon.colcon_core.verb:set package 'timda_description' build argument 'cmake_clean_first' from command line to 'False'
[0.424s] Level 5:colcon.colcon_core.verb:set package 'timda_description' build argument 'cmake_force_configure' from command line to 'False'
[0.424s] Level 5:colcon.colcon_core.verb:set package 'timda_description' build argument 'ament_cmake_args' from command line to 'None'
[0.424s] Level 5:colcon.colcon_core.verb:set package 'timda_description' build argument 'catkin_cmake_args' from command line to 'None'
[0.424s] Level 5:colcon.colcon_core.verb:set package 'timda_description' build argument 'catkin_skip_building_tests' from command line to 'False'
[0.424s] DEBUG:colcon.colcon_core.verb:Building package 'timda_description' with the following arguments: {'ament_cmake_args': None, 'build_base': '/home/eating/work/build/timda_description', 'catkin_cmake_args': None, 'catkin_skip_building_tests': False, 'cmake_args': None, 'cmake_clean_cache': False, 'cmake_clean_first': False, 'cmake_force_configure': False, 'cmake_target': None, 'cmake_target_skip_unavailable': False, 'install_base': '/home/eating/work/install/timda_description', 'merge_install': False, 'path': '/home/eating/work/src/timda_sim/timda_description', 'symlink_install': False, 'test_result_base': None}
[0.425s] Level 5:colcon.colcon_core.verb:set package 'timda_gazebo' build argument 'cmake_args' from command line to 'None'
[0.425s] Level 5:colcon.colcon_core.verb:set package 'timda_gazebo' build argument 'cmake_target' from command line to 'None'
[0.425s] Level 5:colcon.colcon_core.verb:set package 'timda_gazebo' build argument 'cmake_target_skip_unavailable' from command line to 'False'
[0.425s] Level 5:colcon.colcon_core.verb:set package 'timda_gazebo' build argument 'cmake_clean_cache' from command line to 'False'
[0.425s] Level 5:colcon.colcon_core.verb:set package 'timda_gazebo' build argument 'cmake_clean_first' from command line to 'False'
[0.425s] Level 5:colcon.colcon_core.verb:set package 'timda_gazebo' build argument 'cmake_force_configure' from command line to 'False'
[0.425s] Level 5:colcon.colcon_core.verb:set package 'timda_gazebo' build argument 'ament_cmake_args' from command line to 'None'
[0.425s] Level 5:colcon.colcon_core.verb:set package 'timda_gazebo' build argument 'catkin_cmake_args' from command line to 'None'
[0.425s] Level 5:colcon.colcon_core.verb:set package 'timda_gazebo' build argument 'catkin_skip_building_tests' from command line to 'False'
[0.425s] DEBUG:colcon.colcon_core.verb:Building package 'timda_gazebo' with the following arguments: {'ament_cmake_args': None, 'build_base': '/home/eating/work/build/timda_gazebo', 'catkin_cmake_args': None, 'catkin_skip_building_tests': False, 'cmake_args': None, 'cmake_clean_cache': False, 'cmake_clean_first': False, 'cmake_force_configure': False, 'cmake_target': None, 'cmake_target_skip_unavailable': False, 'install_base': '/home/eating/work/install/timda_gazebo', 'merge_install': False, 'path': '/home/eating/work/src/timda_sim/timda_gazebo', 'symlink_install': False, 'test_result_base': None}
[0.425s] Level 5:colcon.colcon_core.verb:set package 'gui' build argument 'cmake_args' from command line to 'None'
[0.425s] Level 5:colcon.colcon_core.verb:set package 'gui' build argument 'cmake_target' from command line to 'None'
[0.425s] Level 5:colcon.colcon_core.verb:set package 'gui' build argument 'cmake_target_skip_unavailable' from command line to 'False'
[0.425s] Level 5:colcon.colcon_core.verb:set package 'gui' build argument 'cmake_clean_cache' from command line to 'False'
[0.425s] Level 5:colcon.colcon_core.verb:set package 'gui' build argument 'cmake_clean_first' from command line to 'False'
[0.425s] Level 5:colcon.colcon_core.verb:set package 'gui' build argument 'cmake_force_configure' from command line to 'False'
[0.425s] Level 5:colcon.colcon_core.verb:set package 'gui' build argument 'ament_cmake_args' from command line to 'None'
[0.425s] Level 5:colcon.colcon_core.verb:set package 'gui' build argument 'catkin_cmake_args' from command line to 'None'
[0.425s] Level 5:colcon.colcon_core.verb:set package 'gui' build argument 'catkin_skip_building_tests' from command line to 'False'
[0.425s] DEBUG:colcon.colcon_core.verb:Building package 'gui' with the following arguments: {'ament_cmake_args': None, 'build_base': '/home/eating/work/build/gui', 'catkin_cmake_args': None, 'catkin_skip_building_tests': False, 'cmake_args': None, 'cmake_clean_cache': False, 'cmake_clean_first': False, 'cmake_force_configure': False, 'cmake_target': None, 'cmake_target_skip_unavailable': False, 'install_base': '/home/eating/work/install/gui', 'merge_install': False, 'path': '/home/eating/work/src/gui/gui', 'symlink_install': False, 'test_result_base': None}
[0.426s] Level 5:colcon.colcon_core.verb:set package 'main_control' build argument 'cmake_args' from command line to 'None'
[0.426s] Level 5:colcon.colcon_core.verb:set package 'main_control' build argument 'cmake_target' from command line to 'None'
[0.426s] Level 5:colcon.colcon_core.verb:set package 'main_control' build argument 'cmake_target_skip_unavailable' from command line to 'False'
[0.426s] Level 5:colcon.colcon_core.verb:set package 'main_control' build argument 'cmake_clean_cache' from command line to 'False'
[0.426s] Level 5:colcon.colcon_core.verb:set package 'main_control' build argument 'cmake_clean_first' from command line to 'False'
[0.426s] Level 5:colcon.colcon_core.verb:set package 'main_control' build argument 'cmake_force_configure' from command line to 'False'
[0.426s] Level 5:colcon.colcon_core.verb:set package 'main_control' build argument 'ament_cmake_args' from command line to 'None'
[0.426s] Level 5:colcon.colcon_core.verb:set package 'main_control' build argument 'catkin_cmake_args' from command line to 'None'
[0.426s] Level 5:colcon.colcon_core.verb:set package 'main_control' build argument 'catkin_skip_building_tests' from command line to 'False'
[0.426s] DEBUG:colcon.colcon_core.verb:Building package 'main_control' with the following arguments: {'ament_cmake_args': None, 'build_base': '/home/eating/work/build/main_control', 'catkin_cmake_args': None, 'catkin_skip_building_tests': False, 'cmake_args': None, 'cmake_clean_cache': False, 'cmake_clean_first': False, 'cmake_force_configure': False, 'cmake_target': None, 'cmake_target_skip_unavailable': False, 'install_base': '/home/eating/work/install/main_control', 'merge_install': False, 'path': '/home/eating/work/src/main_control/main_control', 'symlink_install': False, 'test_result_base': None}
[0.426s] Level 5:colcon.colcon_core.verb:set package 'realsense2_camera' build argument 'cmake_args' from command line to 'None'
[0.426s] Level 5:colcon.colcon_core.verb:set package 'realsense2_camera' build argument 'cmake_target' from command line to 'None'
[0.426s] Level 5:colcon.colcon_core.verb:set package 'realsense2_camera' build argument 'cmake_target_skip_unavailable' from command line to 'False'
[0.426s] Level 5:colcon.colcon_core.verb:set package 'realsense2_camera' build argument 'cmake_clean_cache' from command line to 'False'
[0.426s] Level 5:colcon.colcon_core.verb:set package 'realsense2_camera' build argument 'cmake_clean_first' from command line to 'False'
[0.426s] Level 5:colcon.colcon_core.verb:set package 'realsense2_camera' build argument 'cmake_force_configure' from command line to 'False'
[0.426s] Level 5:colcon.colcon_core.verb:set package 'realsense2_camera' build argument 'ament_cmake_args' from command line to 'None'
[0.426s] Level 5:colcon.colcon_core.verb:set package 'realsense2_camera' build argument 'catkin_cmake_args' from command line to 'None'
[0.426s] Level 5:colcon.colcon_core.verb:set package 'realsense2_camera' build argument 'catkin_skip_building_tests' from command line to 'False'
[0.426s] DEBUG:colcon.colcon_core.verb:Building package 'realsense2_camera' with the following arguments: {'ament_cmake_args': None, 'build_base': '/home/eating/work/build/realsense2_camera', 'catkin_cmake_args': None, 'catkin_skip_building_tests': False, 'cmake_args': None, 'cmake_clean_cache': False, 'cmake_clean_first': False, 'cmake_force_configure': False, 'cmake_target': None, 'cmake_target_skip_unavailable': False, 'install_base': '/home/eating/work/install/realsense2_camera', 'merge_install': False, 'path': '/home/eating/work/src/docking/realsense-ros/realsense2_camera', 'symlink_install': False, 'test_result_base': None}
[0.427s] Level 5:colcon.colcon_core.verb:set package 'realsense2_description' build argument 'cmake_args' from command line to 'None'
[0.427s] Level 5:colcon.colcon_core.verb:set package 'realsense2_description' build argument 'cmake_target' from command line to 'None'
[0.427s] Level 5:colcon.colcon_core.verb:set package 'realsense2_description' build argument 'cmake_target_skip_unavailable' from command line to 'False'
[0.427s] Level 5:colcon.colcon_core.verb:set package 'realsense2_description' build argument 'cmake_clean_cache' from command line to 'False'
[0.427s] Level 5:colcon.colcon_core.verb:set package 'realsense2_description' build argument 'cmake_clean_first' from command line to 'False'
[0.427s] Level 5:colcon.colcon_core.verb:set package 'realsense2_description' build argument 'cmake_force_configure' from command line to 'False'
[0.427s] Level 5:colcon.colcon_core.verb:set package 'realsense2_description' build argument 'ament_cmake_args' from command line to 'None'
[0.427s] Level 5:colcon.colcon_core.verb:set package 'realsense2_description' build argument 'catkin_cmake_args' from command line to 'None'
[0.427s] Level 5:colcon.colcon_core.verb:set package 'realsense2_description' build argument 'catkin_skip_building_tests' from command line to 'False'
[0.427s] DEBUG:colcon.colcon_core.verb:Building package 'realsense2_description' with the following arguments: {'ament_cmake_args': None, 'build_base': '/home/eating/work/build/realsense2_description', 'catkin_cmake_args': None, 'catkin_skip_building_tests': False, 'cmake_args': None, 'cmake_clean_cache': False, 'cmake_clean_first': False, 'cmake_force_configure': False, 'cmake_target': None, 'cmake_target_skip_unavailable': False, 'install_base': '/home/eating/work/install/realsense2_description', 'merge_install': False, 'path': '/home/eating/work/src/docking/realsense-ros/realsense2_description', 'symlink_install': False, 'test_result_base': None}
[0.427s] INFO:colcon.colcon_core.executor:Executing jobs using 'parallel' executor
[0.428s] DEBUG:colcon.colcon_parallel_executor.executor.parallel:run_until_complete
[0.428s] INFO:colcon.colcon_ros.task.ament_cmake.build:Building ROS package in '/home/eating/work/src/gui/gui_interface' with build type 'ament_cmake'
[0.428s] INFO:colcon.colcon_cmake.task.cmake.build:Building CMake package in '/home/eating/work/src/gui/gui_interface'
[0.431s] INFO:colcon.colcon_core.plugin_system:Skipping extension 'colcon_core.shell.bat': Not used on non-Windows systems
[0.431s] INFO:colcon.colcon_core.shell:Skip shell extension 'powershell' for command environment: Not usable outside of PowerShell
[0.431s] DEBUG:colcon.colcon_core.shell:Skip shell extension 'dsv' for command environment
[0.435s] INFO:colcon.colcon_ros.task.ament_cmake.build:Building ROS package in '/home/eating/work/src/docking/realsense-ros/realsense2_camera_msgs' with build type 'ament_cmake'
[0.435s] INFO:colcon.colcon_cmake.task.cmake.build:Building CMake package in '/home/eating/work/src/docking/realsense-ros/realsense2_camera_msgs'
[0.435s] INFO:colcon.colcon_core.shell:Skip shell extension 'powershell' for command environment: Not usable outside of PowerShell
[0.435s] DEBUG:colcon.colcon_core.shell:Skip shell extension 'dsv' for command environment
[0.441s] INFO:colcon.colcon_ros.task.ament_cmake.build:Building ROS package in '/home/eating/work/src/interface' with build type 'ament_cmake'
[0.441s] INFO:colcon.colcon_cmake.task.cmake.build:Building CMake package in '/home/eating/work/src/interface'
[0.441s] INFO:colcon.colcon_core.shell:Skip shell extension 'powershell' for command environment: Not usable outside of PowerShell
[0.441s] DEBUG:colcon.colcon_core.shell:Skip shell extension 'dsv' for command environment
[0.447s] INFO:colcon.colcon_ros.task.ament_python.build:Building ROS package in '/home/eating/work/src/docking/docking_pkg' with build type 'ament_python'
[0.447s] Level 1:colcon.colcon_core.shell:create_environment_hook('docking_pkg', 'ament_prefix_path')
[0.448s] INFO:colcon.colcon_core.shell:Creating environment hook '/home/eating/work/install/docking_pkg/share/docking_pkg/hook/ament_prefix_path.ps1'
[0.449s] INFO:colcon.colcon_core.shell:Creating environment descriptor '/home/eating/work/install/docking_pkg/share/docking_pkg/hook/ament_prefix_path.dsv'
[0.449s] INFO:colcon.colcon_core.shell:Creating environment hook '/home/eating/work/install/docking_pkg/share/docking_pkg/hook/ament_prefix_path.sh'
[0.450s] INFO:colcon.colcon_core.shell:Skip shell extension 'powershell' for command environment: Not usable outside of PowerShell
[0.450s] DEBUG:colcon.colcon_core.shell:Skip shell extension 'dsv' for command environment
[0.455s] INFO:colcon.colcon_ros.task.ament_cmake.build:Building ROS package in '/home/eating/work/src/ira_laser_tools' with build type 'ament_cmake'
[0.455s] INFO:colcon.colcon_cmake.task.cmake.build:Building CMake package in '/home/eating/work/src/ira_laser_tools'
[0.455s] INFO:colcon.colcon_core.shell:Skip shell extension 'powershell' for command environment: Not usable outside of PowerShell
[0.455s] DEBUG:colcon.colcon_core.shell:Skip shell extension 'dsv' for command environment
[0.460s] INFO:colcon.colcon_ros.task.ament_cmake.build:Building ROS package in '/home/eating/work/src/keyboard_control' with build type 'ament_cmake'
[0.461s] INFO:colcon.colcon_cmake.task.cmake.build:Building CMake package in '/home/eating/work/src/keyboard_control'
[0.461s] INFO:colcon.colcon_core.shell:Skip shell extension 'powershell' for command environment: Not usable outside of PowerShell
[0.461s] DEBUG:colcon.colcon_core.shell:Skip shell extension 'dsv' for command environment
[0.466s] INFO:colcon.colcon_ros.task.ament_cmake.build:Building ROS package in '/home/eating/work/src/linear_move' with build type 'ament_cmake'
[0.466s] INFO:colcon.colcon_cmake.task.cmake.build:Building CMake package in '/home/eating/work/src/linear_move'
[0.466s] INFO:colcon.colcon_core.shell:Skip shell extension 'powershell' for command environment: Not usable outside of PowerShell
[0.466s] DEBUG:colcon.colcon_core.shell:Skip shell extension 'dsv' for command environment
[0.470s] INFO:colcon.colcon_ros.task.ament_cmake.build:Building ROS package in '/home/eating/work/src/mecanum' with build type 'ament_cmake'
[0.470s] INFO:colcon.colcon_cmake.task.cmake.build:Building CMake package in '/home/eating/work/src/mecanum'
[0.471s] INFO:colcon.colcon_core.shell:Skip shell extension 'powershell' for command environment: Not usable outside of PowerShell
[0.471s] DEBUG:colcon.colcon_core.shell:Skip shell extension 'dsv' for command environment
[0.479s] DEBUG:colcon.colcon_core.event_handler.log_command:Invoking command in '/home/eating/work/build/gui_interface': CMAKE_PREFIX_PATH=${CMAKE_PREFIX_PATH}:/home/eating/work/install/pallet_main:/home/eating/work/install/main_control:/home/eating/work/install/gui:/home/eating/work/install/docking_pkg:/opt/ros/humble /usr/bin/cmake --build /home/eating/work/build/gui_interface -- -j8 -l8
[0.483s] DEBUG:colcon.colcon_core.event_handler.log_command:Invoking command in '/home/eating/work/build/realsense2_camera_msgs': CMAKE_PREFIX_PATH=${CMAKE_PREFIX_PATH}:/home/eating/work/install/pallet_main:/home/eating/work/install/main_control:/home/eating/work/install/gui:/home/eating/work/install/docking_pkg:/opt/ros/humble /usr/bin/cmake --build /home/eating/work/build/realsense2_camera_msgs -- -j8 -l8
[0.485s] DEBUG:colcon.colcon_core.event_handler.log_command:Invoking command in '/home/eating/work/build/interface': CMAKE_PREFIX_PATH=${CMAKE_PREFIX_PATH}:/home/eating/work/install/pallet_main:/home/eating/work/install/main_control:/home/eating/work/install/gui:/home/eating/work/install/docking_pkg:/opt/ros/humble /usr/bin/cmake --build /home/eating/work/build/interface -- -j8 -l8
[0.938s] INFO:colcon.colcon_core.task.python.build:Building Python package in '/home/eating/work/src/docking/docking_pkg'
[0.938s] INFO:colcon.colcon_core.shell:Skip shell extension 'powershell' for command environment: Not usable outside of PowerShell
[0.938s] DEBUG:colcon.colcon_core.shell:Skip shell extension 'dsv' for command environment
[0.947s] DEBUG:colcon.colcon_core.event_handler.log_command:Invoking command in '/home/eating/work/build/ira_laser_tools': CMAKE_PREFIX_PATH=${CMAKE_PREFIX_PATH}:/home/eating/work/install/pallet_main:/home/eating/work/install/main_control:/home/eating/work/install/gui:/home/eating/work/install/docking_pkg:/opt/ros/humble /usr/bin/cmake --build /home/eating/work/build/ira_laser_tools -- -j8 -l8
[0.950s] DEBUG:colcon.colcon_core.event_handler.log_command:Invoking command in '/home/eating/work/build/keyboard_control': CMAKE_PREFIX_PATH=${CMAKE_PREFIX_PATH}:/home/eating/work/install/pallet_main:/home/eating/work/install/main_control:/home/eating/work/install/gui:/home/eating/work/install/docking_pkg:/opt/ros/humble /usr/bin/cmake --build /home/eating/work/build/keyboard_control -- -j8 -l8
[0.954s] DEBUG:colcon.colcon_core.event_handler.log_command:Invoking command in '/home/eating/work/build/linear_move': CMAKE_PREFIX_PATH=${CMAKE_PREFIX_PATH}:/home/eating/work/install/pallet_main:/home/eating/work/install/main_control:/home/eating/work/install/gui:/home/eating/work/install/docking_pkg:/opt/ros/humble /usr/bin/cmake --build /home/eating/work/build/linear_move -- -j8 -l8
[0.958s] DEBUG:colcon.colcon_core.event_handler.log_command:Invoking command in '/home/eating/work/build/mecanum': CMAKE_PREFIX_PATH=${CMAKE_PREFIX_PATH}:/home/eating/work/install/pallet_main:/home/eating/work/install/main_control:/home/eating/work/install/gui:/home/eating/work/install/docking_pkg:/opt/ros/humble /usr/bin/cmake --build /home/eating/work/build/mecanum -- -j8 -l8
[0.992s] DEBUG:colcon.colcon_core.event_handler.log_command:Invoked command in '/home/eating/work/build/gui_interface' returned '0': CMAKE_PREFIX_PATH=${CMAKE_PREFIX_PATH}:/home/eating/work/install/pallet_main:/home/eating/work/install/main_control:/home/eating/work/install/gui:/home/eating/work/install/docking_pkg:/opt/ros/humble /usr/bin/cmake --build /home/eating/work/build/gui_interface -- -j8 -l8
[1.004s] DEBUG:colcon.colcon_core.event_handler.log_command:Invoking command in '/home/eating/work/build/gui_interface': CMAKE_PREFIX_PATH=${CMAKE_PREFIX_PATH}:/home/eating/work/install/pallet_main:/home/eating/work/install/main_control:/home/eating/work/install/gui:/home/eating/work/install/docking_pkg:/opt/ros/humble /usr/bin/cmake --install /home/eating/work/build/gui_interface
[1.061s] DEBUG:colcon.colcon_core.event_handler.log_command:Invoked command in '/home/eating/work/build/realsense2_camera_msgs' returned '0': CMAKE_PREFIX_PATH=${CMAKE_PREFIX_PATH}:/home/eating/work/install/pallet_main:/home/eating/work/install/main_control:/home/eating/work/install/gui:/home/eating/work/install/docking_pkg:/opt/ros/humble /usr/bin/cmake --build /home/eating/work/build/realsense2_camera_msgs -- -j8 -l8
[1.061s] DEBUG:colcon.colcon_core.event_handler.log_command:Invoking command in '/home/eating/work/build/realsense2_camera_msgs': CMAKE_PREFIX_PATH=${CMAKE_PREFIX_PATH}:/home/eating/work/install/pallet_main:/home/eating/work/install/main_control:/home/eating/work/install/gui:/home/eating/work/install/docking_pkg:/opt/ros/humble /usr/bin/cmake --install /home/eating/work/build/realsense2_camera_msgs
[1.081s] DEBUG:colcon.colcon_core.event_handler.log_command:Invoked command in '/home/eating/work/build/mecanum' returned '0': CMAKE_PREFIX_PATH=${CMAKE_PREFIX_PATH}:/home/eating/work/install/pallet_main:/home/eating/work/install/main_control:/home/eating/work/install/gui:/home/eating/work/install/docking_pkg:/opt/ros/humble /usr/bin/cmake --build /home/eating/work/build/mecanum -- -j8 -l8
[1.084s] DEBUG:colcon.colcon_core.event_handler.log_command:Invoking command in '/home/eating/work/build/mecanum': CMAKE_PREFIX_PATH=${CMAKE_PREFIX_PATH}:/home/eating/work/install/pallet_main:/home/eating/work/install/main_control:/home/eating/work/install/gui:/home/eating/work/install/docking_pkg:/opt/ros/humble /usr/bin/cmake --install /home/eating/work/build/mecanum
[1.094s] DEBUG:colcon.colcon_core.event_handler.log_command:Invoked command in '/home/eating/work/build/keyboard_control' returned '0': CMAKE_PREFIX_PATH=${CMAKE_PREFIX_PATH}:/home/eating/work/install/pallet_main:/home/eating/work/install/main_control:/home/eating/work/install/gui:/home/eating/work/install/docking_pkg:/opt/ros/humble /usr/bin/cmake --build /home/eating/work/build/keyboard_control -- -j8 -l8
[1.100s] Level 1:colcon.colcon_core.environment:create_environment_scripts_only(mecanum)
[1.110s] DEBUG:colcon.colcon_core.event_handler.log_command:Invoking command in '/home/eating/work/build/keyboard_control': CMAKE_PREFIX_PATH=${CMAKE_PREFIX_PATH}:/home/eating/work/install/pallet_main:/home/eating/work/install/main_control:/home/eating/work/install/gui:/home/eating/work/install/docking_pkg:/opt/ros/humble /usr/bin/cmake --install /home/eating/work/build/keyboard_control
[1.112s] Level 1:colcon.colcon_core.environment:checking '/home/eating/work/install/mecanum' for CMake module files
[1.114s] DEBUG:colcon.colcon_core.event_handler.log_command:Invoked command in '/home/eating/work/build/ira_laser_tools' returned '0': CMAKE_PREFIX_PATH=${CMAKE_PREFIX_PATH}:/home/eating/work/install/pallet_main:/home/eating/work/install/main_control:/home/eating/work/install/gui:/home/eating/work/install/docking_pkg:/opt/ros/humble /usr/bin/cmake --build /home/eating/work/build/ira_laser_tools -- -j8 -l8
[1.119s] DEBUG:colcon.colcon_core.event_handler.log_command:Invoking command in '/home/eating/work/build/ira_laser_tools': CMAKE_PREFIX_PATH=${CMAKE_PREFIX_PATH}:/home/eating/work/install/pallet_main:/home/eating/work/install/main_control:/home/eating/work/install/gui:/home/eating/work/install/docking_pkg:/opt/ros/humble /usr/bin/cmake --install /home/eating/work/build/ira_laser_tools
[1.119s] DEBUG:colcon.colcon_core.event_handler.log_command:Invoked command in '/home/eating/work/build/linear_move' returned '0': CMAKE_PREFIX_PATH=${CMAKE_PREFIX_PATH}:/home/eating/work/install/pallet_main:/home/eating/work/install/main_control:/home/eating/work/install/gui:/home/eating/work/install/docking_pkg:/opt/ros/humble /usr/bin/cmake --build /home/eating/work/build/linear_move -- -j8 -l8
[1.119s] DEBUG:colcon.colcon_core.event_handler.log_command:Invoking command in '/home/eating/work/build/linear_move': CMAKE_PREFIX_PATH=${CMAKE_PREFIX_PATH}:/home/eating/work/install/pallet_main:/home/eating/work/install/main_control:/home/eating/work/install/gui:/home/eating/work/install/docking_pkg:/opt/ros/humble /usr/bin/cmake --install /home/eating/work/build/linear_move
[1.119s] DEBUG:colcon.colcon_core.event_handler.log_command:Invoked command in '/home/eating/work/build/mecanum' returned '0': CMAKE_PREFIX_PATH=${CMAKE_PREFIX_PATH}:/home/eating/work/install/pallet_main:/home/eating/work/install/main_control:/home/eating/work/install/gui:/home/eating/work/install/docking_pkg:/opt/ros/humble /usr/bin/cmake --install /home/eating/work/build/mecanum
[1.120s] Level 1:colcon.colcon_core.environment:checking '/home/eating/work/install/mecanum' for CMake config files
[1.121s] Level 1:colcon.colcon_core.shell:create_environment_hook('mecanum', 'cmake_prefix_path')
[1.121s] INFO:colcon.colcon_core.shell:Creating environment hook '/home/eating/work/install/mecanum/share/mecanum/hook/cmake_prefix_path.ps1'
[1.122s] INFO:colcon.colcon_core.shell:Creating environment descriptor '/home/eating/work/install/mecanum/share/mecanum/hook/cmake_prefix_path.dsv'
[1.122s] INFO:colcon.colcon_core.shell:Creating environment hook '/home/eating/work/install/mecanum/share/mecanum/hook/cmake_prefix_path.sh'
[1.124s] Level 1:colcon.colcon_core.environment:checking '/home/eating/work/install/mecanum/lib'
[1.124s] Level 1:colcon.colcon_core.environment:checking '/home/eating/work/install/mecanum/bin'
[1.124s] Level 1:colcon.colcon_core.environment:checking '/home/eating/work/install/mecanum/lib/pkgconfig/mecanum.pc'
[1.125s] Level 1:colcon.colcon_core.environment:checking '/home/eating/work/install/mecanum/lib/python3.10/site-packages'
[1.125s] Level 1:colcon.colcon_core.environment:checking '/home/eating/work/install/mecanum/bin'
[1.126s] INFO:colcon.colcon_core.shell:Creating package script '/home/eating/work/install/mecanum/share/mecanum/package.ps1'
[1.127s] INFO:colcon.colcon_core.shell:Creating package descriptor '/home/eating/work/install/mecanum/share/mecanum/package.dsv'
[1.128s] INFO:colcon.colcon_core.shell:Creating package script '/home/eating/work/install/mecanum/share/mecanum/package.sh'
[1.129s] INFO:colcon.colcon_core.shell:Creating package script '/home/eating/work/install/mecanum/share/mecanum/package.bash'
[1.130s] INFO:colcon.colcon_core.shell:Creating package script '/home/eating/work/install/mecanum/share/mecanum/package.zsh'
[1.131s] Level 1:colcon.colcon_core.environment:create_file_with_runtime_dependencies(/home/eating/work/install/mecanum/share/colcon-core/packages/mecanum)
[1.132s] Level 1:colcon.colcon_core.environment:create_environment_scripts_only(mecanum)
[1.132s] Level 1:colcon.colcon_core.environment:checking '/home/eating/work/install/mecanum' for CMake module files
[1.133s] Level 1:colcon.colcon_core.environment:checking '/home/eating/work/install/mecanum' for CMake config files
[1.134s] Level 1:colcon.colcon_core.shell:create_environment_hook('mecanum', 'cmake_prefix_path')
[1.134s] INFO:colcon.colcon_core.shell:Creating environment hook '/home/eating/work/install/mecanum/share/mecanum/hook/cmake_prefix_path.ps1'
[1.135s] INFO:colcon.colcon_core.shell:Creating environment descriptor '/home/eating/work/install/mecanum/share/mecanum/hook/cmake_prefix_path.dsv'
[1.135s] INFO:colcon.colcon_core.shell:Creating environment hook '/home/eating/work/install/mecanum/share/mecanum/hook/cmake_prefix_path.sh'
[1.136s] Level 1:colcon.colcon_core.environment:checking '/home/eating/work/install/mecanum/lib'
[1.136s] Level 1:colcon.colcon_core.environment:checking '/home/eating/work/install/mecanum/bin'
[1.137s] Level 1:colcon.colcon_core.environment:checking '/home/eating/work/install/mecanum/lib/pkgconfig/mecanum.pc'
[1.137s] Level 1:colcon.colcon_core.environment:checking '/home/eating/work/install/mecanum/lib/python3.10/site-packages'
[1.137s] Level 1:colcon.colcon_core.environment:checking '/home/eating/work/install/mecanum/bin'
[1.137s] INFO:colcon.colcon_core.shell:Creating package script '/home/eating/work/install/mecanum/share/mecanum/package.ps1'
[1.138s] INFO:colcon.colcon_core.shell:Creating package descriptor '/home/eating/work/install/mecanum/share/mecanum/package.dsv'
[1.138s] INFO:colcon.colcon_core.shell:Creating package script '/home/eating/work/install/mecanum/share/mecanum/package.sh'
[1.139s] INFO:colcon.colcon_core.shell:Creating package script '/home/eating/work/install/mecanum/share/mecanum/package.bash'
[1.139s] INFO:colcon.colcon_core.shell:Creating package script '/home/eating/work/install/mecanum/share/mecanum/package.zsh'
[1.140s] Level 1:colcon.colcon_core.environment:create_file_with_runtime_dependencies(/home/eating/work/install/mecanum/share/colcon-core/packages/mecanum)
[1.140s] Level 1:colcon.colcon_core.environment:create_environment_scripts_only(gui_interface)
[1.140s] Level 1:colcon.colcon_core.environment:checking '/home/eating/work/install/gui_interface' for CMake module files
[1.141s] DEBUG:colcon.colcon_core.event_handler.log_command:Invoked command in '/home/eating/work/build/gui_interface' returned '0': CMAKE_PREFIX_PATH=${CMAKE_PREFIX_PATH}:/home/eating/work/install/pallet_main:/home/eating/work/install/main_control:/home/eating/work/install/gui:/home/eating/work/install/docking_pkg:/opt/ros/humble /usr/bin/cmake --install /home/eating/work/build/gui_interface
[1.141s] Level 1:colcon.colcon_core.environment:checking '/home/eating/work/install/gui_interface' for CMake config files
[1.142s] Level 1:colcon.colcon_core.shell:create_environment_hook('gui_interface', 'cmake_prefix_path')
[1.142s] INFO:colcon.colcon_core.shell:Creating environment hook '/home/eating/work/install/gui_interface/share/gui_interface/hook/cmake_prefix_path.ps1'
[1.142s] INFO:colcon.colcon_core.shell:Creating environment descriptor '/home/eating/work/install/gui_interface/share/gui_interface/hook/cmake_prefix_path.dsv'
[1.143s] INFO:colcon.colcon_core.shell:Creating environment hook '/home/eating/work/install/gui_interface/share/gui_interface/hook/cmake_prefix_path.sh'
[1.143s] Level 1:colcon.colcon_core.environment:checking '/home/eating/work/install/gui_interface/lib'
[1.143s] Level 1:colcon.colcon_core.shell:create_environment_hook('gui_interface', 'ld_library_path_lib')
[1.143s] INFO:colcon.colcon_core.shell:Creating environment hook '/home/eating/work/install/gui_interface/share/gui_interface/hook/ld_library_path_lib.ps1'
[1.144s] INFO:colcon.colcon_core.shell:Creating environment descriptor '/home/eating/work/install/gui_interface/share/gui_interface/hook/ld_library_path_lib.dsv'
[1.144s] INFO:colcon.colcon_core.shell:Creating environment hook '/home/eating/work/install/gui_interface/share/gui_interface/hook/ld_library_path_lib.sh'
[1.144s] Level 1:colcon.colcon_core.environment:checking '/home/eating/work/install/gui_interface/bin'
[1.144s] Level 1:colcon.colcon_core.environment:checking '/home/eating/work/install/gui_interface/lib/pkgconfig/gui_interface.pc'
[1.145s] Level 1:colcon.colcon_core.environment:checking '/home/eating/work/install/gui_interface/lib/python3.10/site-packages'
[1.145s] Level 1:colcon.colcon_core.environment:checking '/home/eating/work/install/gui_interface/bin'
[1.145s] INFO:colcon.colcon_core.shell:Creating package script '/home/eating/work/install/gui_interface/share/gui_interface/package.ps1'
[1.145s] INFO:colcon.colcon_core.shell:Creating package descriptor '/home/eating/work/install/gui_interface/share/gui_interface/package.dsv'
[1.146s] INFO:colcon.colcon_core.shell:Creating package script '/home/eating/work/install/gui_interface/share/gui_interface/package.sh'
[1.146s] INFO:colcon.colcon_core.shell:Creating package script '/home/eating/work/install/gui_interface/share/gui_interface/package.bash'
[1.147s] INFO:colcon.colcon_core.shell:Creating package script '/home/eating/work/install/gui_interface/share/gui_interface/package.zsh'
[1.147s] Level 1:colcon.colcon_core.environment:create_file_with_runtime_dependencies(/home/eating/work/install/gui_interface/share/colcon-core/packages/gui_interface)
[1.147s] Level 1:colcon.colcon_core.environment:create_environment_scripts_only(gui_interface)
[1.148s] Level 1:colcon.colcon_core.environment:checking '/home/eating/work/install/gui_interface' for CMake module files
[1.148s] Level 1:colcon.colcon_core.environment:checking '/home/eating/work/install/gui_interface' for CMake config files
[1.149s] Level 1:colcon.colcon_core.shell:create_environment_hook('gui_interface', 'cmake_prefix_path')
[1.149s] INFO:colcon.colcon_core.shell:Creating environment hook '/home/eating/work/install/gui_interface/share/gui_interface/hook/cmake_prefix_path.ps1'
[1.149s] INFO:colcon.colcon_core.shell:Creating environment descriptor '/home/eating/work/install/gui_interface/share/gui_interface/hook/cmake_prefix_path.dsv'
[1.149s] INFO:colcon.colcon_core.shell:Creating environment hook '/home/eating/work/install/gui_interface/share/gui_interface/hook/cmake_prefix_path.sh'
[1.150s] Level 1:colcon.colcon_core.environment:checking '/home/eating/work/install/gui_interface/lib'
[1.150s] Level 1:colcon.colcon_core.shell:create_environment_hook('gui_interface', 'ld_library_path_lib')
[1.150s] INFO:colcon.colcon_core.shell:Creating environment hook '/home/eating/work/install/gui_interface/share/gui_interface/hook/ld_library_path_lib.ps1'
[1.150s] INFO:colcon.colcon_core.shell:Creating environment descriptor '/home/eating/work/install/gui_interface/share/gui_interface/hook/ld_library_path_lib.dsv'
[1.151s] INFO:colcon.colcon_core.shell:Creating environment hook '/home/eating/work/install/gui_interface/share/gui_interface/hook/ld_library_path_lib.sh'
[1.151s] Level 1:colcon.colcon_core.environment:checking '/home/eating/work/install/gui_interface/bin'
[1.151s] Level 1:colcon.colcon_core.environment:checking '/home/eating/work/install/gui_interface/lib/pkgconfig/gui_interface.pc'
[1.151s] Level 1:colcon.colcon_core.environment:checking '/home/eating/work/install/gui_interface/lib/python3.10/site-packages'
[1.151s] Level 1:colcon.colcon_core.environment:checking '/home/eating/work/install/gui_interface/bin'
[1.152s] INFO:colcon.colcon_core.shell:Creating package script '/home/eating/work/install/gui_interface/share/gui_interface/package.ps1'
[1.152s] INFO:colcon.colcon_core.shell:Creating package descriptor '/home/eating/work/install/gui_interface/share/gui_interface/package.dsv'
[1.153s] INFO:colcon.colcon_core.shell:Creating package script '/home/eating/work/install/gui_interface/share/gui_interface/package.sh'
[1.153s] INFO:colcon.colcon_core.shell:Creating package script '/home/eating/work/install/gui_interface/share/gui_interface/package.bash'
[1.153s] INFO:colcon.colcon_core.shell:Creating package script '/home/eating/work/install/gui_interface/share/gui_interface/package.zsh'
[1.154s] Level 1:colcon.colcon_core.environment:create_file_with_runtime_dependencies(/home/eating/work/install/gui_interface/share/colcon-core/packages/gui_interface)
[1.154s] Level 1:colcon.colcon_core.environment:create_environment_scripts_only(keyboard_control)
[1.154s] Level 1:colcon.colcon_core.environment:checking '/home/eating/work/install/keyboard_control' for CMake module files
[1.155s] DEBUG:colcon.colcon_core.event_handler.log_command:Invoked command in '/home/eating/work/build/keyboard_control' returned '0': CMAKE_PREFIX_PATH=${CMAKE_PREFIX_PATH}:/home/eating/work/install/pallet_main:/home/eating/work/install/main_control:/home/eating/work/install/gui:/home/eating/work/install/docking_pkg:/opt/ros/humble /usr/bin/cmake --install /home/eating/work/build/keyboard_control
[1.155s] Level 1:colcon.colcon_core.environment:checking '/home/eating/work/install/keyboard_control' for CMake config files
[1.155s] Level 1:colcon.colcon_core.shell:create_environment_hook('keyboard_control', 'cmake_prefix_path')
[1.156s] INFO:colcon.colcon_core.shell:Creating environment hook '/home/eating/work/install/keyboard_control/share/keyboard_control/hook/cmake_prefix_path.ps1'
[1.156s] INFO:colcon.colcon_core.shell:Creating environment descriptor '/home/eating/work/install/keyboard_control/share/keyboard_control/hook/cmake_prefix_path.dsv'
[1.156s] INFO:colcon.colcon_core.shell:Creating environment hook '/home/eating/work/install/keyboard_control/share/keyboard_control/hook/cmake_prefix_path.sh'
[1.157s] Level 1:colcon.colcon_core.environment:checking '/home/eating/work/install/keyboard_control/lib'
[1.157s] Level 1:colcon.colcon_core.environment:checking '/home/eating/work/install/keyboard_control/bin'
[1.157s] Level 1:colcon.colcon_core.environment:checking '/home/eating/work/install/keyboard_control/lib/pkgconfig/keyboard_control.pc'
[1.157s] Level 1:colcon.colcon_core.environment:checking '/home/eating/work/install/keyboard_control/lib/python3.10/site-packages'
[1.157s] Level 1:colcon.colcon_core.environment:checking '/home/eating/work/install/keyboard_control/bin'
[1.158s] INFO:colcon.colcon_core.shell:Creating package script '/home/eating/work/install/keyboard_control/share/keyboard_control/package.ps1'
[1.158s] INFO:colcon.colcon_core.shell:Creating package descriptor '/home/eating/work/install/keyboard_control/share/keyboard_control/package.dsv'
[1.158s] INFO:colcon.colcon_core.shell:Creating package script '/home/eating/work/install/keyboard_control/share/keyboard_control/package.sh'
[1.159s] INFO:colcon.colcon_core.shell:Creating package script '/home/eating/work/install/keyboard_control/share/keyboard_control/package.bash'
[1.159s] INFO:colcon.colcon_core.shell:Creating package script '/home/eating/work/install/keyboard_control/share/keyboard_control/package.zsh'
[1.159s] Level 1:colcon.colcon_core.environment:create_file_with_runtime_dependencies(/home/eating/work/install/keyboard_control/share/colcon-core/packages/keyboard_control)
[1.160s] Level 1:colcon.colcon_core.environment:create_environment_scripts_only(keyboard_control)
[1.160s] Level 1:colcon.colcon_core.environment:checking '/home/eating/work/install/keyboard_control' for CMake module files
[1.160s] Level 1:colcon.colcon_core.environment:checking '/home/eating/work/install/keyboard_control' for CMake config files
[1.160s] Level 1:colcon.colcon_core.shell:create_environment_hook('keyboard_control', 'cmake_prefix_path')
[1.160s] INFO:colcon.colcon_core.shell:Creating environment hook '/home/eating/work/install/keyboard_control/share/keyboard_control/hook/cmake_prefix_path.ps1'
[1.161s] INFO:colcon.colcon_core.shell:Creating environment descriptor '/home/eating/work/install/keyboard_control/share/keyboard_control/hook/cmake_prefix_path.dsv'
[1.161s] INFO:colcon.colcon_core.shell:Creating environment hook '/home/eating/work/install/keyboard_control/share/keyboard_control/hook/cmake_prefix_path.sh'
[1.161s] Level 1:colcon.colcon_core.environment:checking '/home/eating/work/install/keyboard_control/lib'
[1.162s] Level 1:colcon.colcon_core.environment:checking '/home/eating/work/install/keyboard_control/bin'
[1.162s] Level 1:colcon.colcon_core.environment:checking '/home/eating/work/install/keyboard_control/lib/pkgconfig/keyboard_control.pc'
[1.162s] Level 1:colcon.colcon_core.environment:checking '/home/eating/work/install/keyboard_control/lib/python3.10/site-packages'
[1.162s] Level 1:colcon.colcon_core.environment:checking '/home/eating/work/install/keyboard_control/bin'
[1.162s] INFO:colcon.colcon_core.shell:Creating package script '/home/eating/work/install/keyboard_control/share/keyboard_control/package.ps1'
[1.163s] INFO:colcon.colcon_core.shell:Creating package descriptor '/home/eating/work/install/keyboard_control/share/keyboard_control/package.dsv'
[1.163s] INFO:colcon.colcon_core.shell:Creating package script '/home/eating/work/install/keyboard_control/share/keyboard_control/package.sh'
[1.163s] INFO:colcon.colcon_core.shell:Creating package script '/home/eating/work/install/keyboard_control/share/keyboard_control/package.bash'
[1.164s] INFO:colcon.colcon_core.shell:Creating package script '/home/eating/work/install/keyboard_control/share/keyboard_control/package.zsh'
[1.164s] Level 1:colcon.colcon_core.environment:create_file_with_runtime_dependencies(/home/eating/work/install/keyboard_control/share/colcon-core/packages/keyboard_control)
[1.165s] INFO:colcon.colcon_ros.task.ament_cmake.build:Building ROS package in '/home/eating/work/src/timda_sim/mobile_description' with build type 'ament_cmake'
[1.165s] INFO:colcon.colcon_cmake.task.cmake.build:Building CMake package in '/home/eating/work/src/timda_sim/mobile_description'
[1.165s] INFO:colcon.colcon_core.shell:Skip shell extension 'powershell' for command environment: Not usable outside of PowerShell
[1.165s] DEBUG:colcon.colcon_core.shell:Skip shell extension 'dsv' for command environment
[1.169s] INFO:colcon.colcon_ros.task.ament_cmake.build:Building ROS package in '/home/eating/work/src/pallet/pallet_interfaces' with build type 'ament_cmake'
[1.169s] INFO:colcon.colcon_cmake.task.cmake.build:Building CMake package in '/home/eating/work/src/pallet/pallet_interfaces'
[1.170s] INFO:colcon.colcon_core.shell:Skip shell extension 'powershell' for command environment: Not usable outside of PowerShell
[1.170s] DEBUG:colcon.colcon_core.shell:Skip shell extension 'dsv' for command environment
[1.174s] INFO:colcon.colcon_ros.task.ament_python.build:Building ROS package in '/home/eating/work/src/pallet/pallet_main' with build type 'ament_python'
[1.174s] Level 1:colcon.colcon_core.shell:create_environment_hook('pallet_main', 'ament_prefix_path')
[1.174s] INFO:colcon.colcon_core.shell:Creating environment hook '/home/eating/work/install/pallet_main/share/pallet_main/hook/ament_prefix_path.ps1'
[1.175s] INFO:colcon.colcon_core.shell:Creating environment descriptor '/home/eating/work/install/pallet_main/share/pallet_main/hook/ament_prefix_path.dsv'
[1.175s] INFO:colcon.colcon_core.shell:Creating environment hook '/home/eating/work/install/pallet_main/share/pallet_main/hook/ament_prefix_path.sh'
[1.176s] INFO:colcon.colcon_core.shell:Skip shell extension 'powershell' for command environment: Not usable outside of PowerShell
[1.176s] DEBUG:colcon.colcon_core.shell:Skip shell extension 'dsv' for command environment
[1.181s] Level 1:colcon.colcon_core.environment:create_environment_scripts_only(linear_move)
[1.181s] Level 1:colcon.colcon_core.environment:checking '/home/eating/work/install/linear_move' for CMake module files
[1.181s] DEBUG:colcon.colcon_core.event_handler.log_command:Invoked command in '/home/eating/work/build/linear_move' returned '0': CMAKE_PREFIX_PATH=${CMAKE_PREFIX_PATH}:/home/eating/work/install/pallet_main:/home/eating/work/install/main_control:/home/eating/work/install/gui:/home/eating/work/install/docking_pkg:/opt/ros/humble /usr/bin/cmake --install /home/eating/work/build/linear_move
[1.182s] Level 1:colcon.colcon_core.environment:checking '/home/eating/work/install/linear_move' for CMake config files
[1.182s] Level 1:colcon.colcon_core.shell:create_environment_hook('linear_move', 'cmake_prefix_path')
[1.182s] INFO:colcon.colcon_core.shell:Creating environment hook '/home/eating/work/install/linear_move/share/linear_move/hook/cmake_prefix_path.ps1'
[1.182s] INFO:colcon.colcon_core.shell:Creating environment descriptor '/home/eating/work/install/linear_move/share/linear_move/hook/cmake_prefix_path.dsv'
[1.183s] INFO:colcon.colcon_core.shell:Creating environment hook '/home/eating/work/install/linear_move/share/linear_move/hook/cmake_prefix_path.sh'
[1.183s] Level 1:colcon.colcon_core.environment:checking '/home/eating/work/install/linear_move/lib'
[1.183s] Level 1:colcon.colcon_core.environment:checking '/home/eating/work/install/linear_move/bin'
[1.183s] Level 1:colcon.colcon_core.environment:checking '/home/eating/work/install/linear_move/lib/pkgconfig/linear_move.pc'
[1.184s] Level 1:colcon.colcon_core.environment:checking '/home/eating/work/install/linear_move/lib/python3.10/site-packages'
[1.184s] Level 1:colcon.colcon_core.environment:checking '/home/eating/work/install/linear_move/bin'
[1.184s] INFO:colcon.colcon_core.shell:Creating package script '/home/eating/work/install/linear_move/share/linear_move/package.ps1'
[1.184s] INFO:colcon.colcon_core.shell:Creating package descriptor '/home/eating/work/install/linear_move/share/linear_move/package.dsv'
[1.185s] INFO:colcon.colcon_core.shell:Creating package script '/home/eating/work/install/linear_move/share/linear_move/package.sh'
[1.185s] INFO:colcon.colcon_core.shell:Creating package script '/home/eating/work/install/linear_move/share/linear_move/package.bash'
[1.185s] INFO:colcon.colcon_core.shell:Creating package script '/home/eating/work/install/linear_move/share/linear_move/package.zsh'
[1.186s] Level 1:colcon.colcon_core.environment:create_file_with_runtime_dependencies(/home/eating/work/install/linear_move/share/colcon-core/packages/linear_move)
[1.186s] Level 1:colcon.colcon_core.environment:create_environment_scripts_only(linear_move)
[1.186s] Level 1:colcon.colcon_core.environment:checking '/home/eating/work/install/linear_move' for CMake module files
[1.187s] Level 1:colcon.colcon_core.environment:checking '/home/eating/work/install/linear_move' for CMake config files
[1.187s] Level 1:colcon.colcon_core.shell:create_environment_hook('linear_move', 'cmake_prefix_path')
[1.187s] INFO:colcon.colcon_core.shell:Creating environment hook '/home/eating/work/install/linear_move/share/linear_move/hook/cmake_prefix_path.ps1'
[1.187s] INFO:colcon.colcon_core.shell:Creating environment descriptor '/home/eating/work/install/linear_move/share/linear_move/hook/cmake_prefix_path.dsv'
[1.188s] INFO:colcon.colcon_core.shell:Creating environment hook '/home/eating/work/install/linear_move/share/linear_move/hook/cmake_prefix_path.sh'
[1.188s] Level 1:colcon.colcon_core.environment:checking '/home/eating/work/install/linear_move/lib'
[1.188s] Level 1:colcon.colcon_core.environment:checking '/home/eating/work/install/linear_move/bin'
[1.188s] Level 1:colcon.colcon_core.environment:checking '/home/eating/work/install/linear_move/lib/pkgconfig/linear_move.pc'
[1.189s] Level 1:colcon.colcon_core.environment:checking '/home/eating/work/install/linear_move/lib/python3.10/site-packages'
[1.189s] Level 1:colcon.colcon_core.environment:checking '/home/eating/work/install/linear_move/bin'
[1.189s] INFO:colcon.colcon_core.shell:Creating package script '/home/eating/work/install/linear_move/share/linear_move/package.ps1'
[1.189s] INFO:colcon.colcon_core.shell:Creating package descriptor '/home/eating/work/install/linear_move/share/linear_move/package.dsv'
[1.190s] INFO:colcon.colcon_core.shell:Creating package script '/home/eating/work/install/linear_move/share/linear_move/package.sh'
[1.190s] INFO:colcon.colcon_core.shell:Creating package script '/home/eating/work/install/linear_move/share/linear_move/package.bash'
[1.191s] INFO:colcon.colcon_core.shell:Creating package script '/home/eating/work/install/linear_move/share/linear_move/package.zsh'
[1.191s] Level 1:colcon.colcon_core.environment:create_file_with_runtime_dependencies(/home/eating/work/install/linear_move/share/colcon-core/packages/linear_move)
[1.193s] DEBUG:colcon.colcon_core.event_handler.log_command:Invoked command in '/home/eating/work/build/interface' returned '0': CMAKE_PREFIX_PATH=${CMAKE_PREFIX_PATH}:/home/eating/work/install/pallet_main:/home/eating/work/install/main_control:/home/eating/work/install/gui:/home/eating/work/install/docking_pkg:/opt/ros/humble /usr/bin/cmake --build /home/eating/work/build/interface -- -j8 -l8
[1.193s] Level 1:colcon.colcon_core.environment:create_environment_scripts_only(ira_laser_tools)
[1.193s] Level 1:colcon.colcon_core.environment:checking '/home/eating/work/install/ira_laser_tools' for CMake module files
[1.194s] DEBUG:colcon.colcon_core.event_handler.log_command:Invoking command in '/home/eating/work/build/interface': CMAKE_PREFIX_PATH=${CMAKE_PREFIX_PATH}:/home/eating/work/install/pallet_main:/home/eating/work/install/main_control:/home/eating/work/install/gui:/home/eating/work/install/docking_pkg:/opt/ros/humble /usr/bin/cmake --install /home/eating/work/build/interface
[1.194s] DEBUG:colcon.colcon_core.event_handler.log_command:Invoked command in '/home/eating/work/build/ira_laser_tools' returned '0': CMAKE_PREFIX_PATH=${CMAKE_PREFIX_PATH}:/home/eating/work/install/pallet_main:/home/eating/work/install/main_control:/home/eating/work/install/gui:/home/eating/work/install/docking_pkg:/opt/ros/humble /usr/bin/cmake --install /home/eating/work/build/ira_laser_tools
[1.194s] Level 1:colcon.colcon_core.environment:checking '/home/eating/work/install/ira_laser_tools' for CMake config files
[1.195s] Level 1:colcon.colcon_core.shell:create_environment_hook('ira_laser_tools', 'cmake_prefix_path')
[1.195s] INFO:colcon.colcon_core.shell:Creating environment hook '/home/eating/work/install/ira_laser_tools/share/ira_laser_tools/hook/cmake_prefix_path.ps1'
[1.196s] INFO:colcon.colcon_core.shell:Creating environment descriptor '/home/eating/work/install/ira_laser_tools/share/ira_laser_tools/hook/cmake_prefix_path.dsv'
[1.196s] INFO:colcon.colcon_core.shell:Creating environment hook '/home/eating/work/install/ira_laser_tools/share/ira_laser_tools/hook/cmake_prefix_path.sh'
[1.196s] Level 1:colcon.colcon_core.environment:checking '/home/eating/work/install/ira_laser_tools/lib'
[1.196s] Level 1:colcon.colcon_core.environment:checking '/home/eating/work/install/ira_laser_tools/bin'
[1.196s] Level 1:colcon.colcon_core.environment:checking '/home/eating/work/install/ira_laser_tools/lib/pkgconfig/ira_laser_tools.pc'
[1.197s] Level 1:colcon.colcon_core.environment:checking '/home/eating/work/install/ira_laser_tools/lib/python3.10/site-packages'
[1.197s] Level 1:colcon.colcon_core.environment:checking '/home/eating/work/install/ira_laser_tools/bin'
[1.197s] INFO:colcon.colcon_core.shell:Creating package script '/home/eating/work/install/ira_laser_tools/share/ira_laser_tools/package.ps1'
[1.198s] INFO:colcon.colcon_core.shell:Creating package descriptor '/home/eating/work/install/ira_laser_tools/share/ira_laser_tools/package.dsv'
[1.198s] INFO:colcon.colcon_core.shell:Creating package script '/home/eating/work/install/ira_laser_tools/share/ira_laser_tools/package.sh'
[1.198s] INFO:colcon.colcon_core.shell:Creating package script '/home/eating/work/install/ira_laser_tools/share/ira_laser_tools/package.bash'
[1.199s] INFO:colcon.colcon_core.shell:Creating package script '/home/eating/work/install/ira_laser_tools/share/ira_laser_tools/package.zsh'
[1.199s] Level 1:colcon.colcon_core.environment:create_file_with_runtime_dependencies(/home/eating/work/install/ira_laser_tools/share/colcon-core/packages/ira_laser_tools)
[1.200s] Level 1:colcon.colcon_core.environment:create_environment_scripts_only(ira_laser_tools)
[1.200s] Level 1:colcon.colcon_core.environment:checking '/home/eating/work/install/ira_laser_tools' for CMake module files
[1.200s] Level 1:colcon.colcon_core.environment:checking '/home/eating/work/install/ira_laser_tools' for CMake config files
[1.200s] Level 1:colcon.colcon_core.shell:create_environment_hook('ira_laser_tools', 'cmake_prefix_path')
[1.201s] INFO:colcon.colcon_core.shell:Creating environment hook '/home/eating/work/install/ira_laser_tools/share/ira_laser_tools/hook/cmake_prefix_path.ps1'
[1.201s] INFO:colcon.colcon_core.shell:Creating environment descriptor '/home/eating/work/install/ira_laser_tools/share/ira_laser_tools/hook/cmake_prefix_path.dsv'
[1.201s] INFO:colcon.colcon_core.shell:Creating environment hook '/home/eating/work/install/ira_laser_tools/share/ira_laser_tools/hook/cmake_prefix_path.sh'
[1.202s] Level 1:colcon.colcon_core.environment:checking '/home/eating/work/install/ira_laser_tools/lib'
[1.202s] Level 1:colcon.colcon_core.environment:checking '/home/eating/work/install/ira_laser_tools/bin'
[1.202s] Level 1:colcon.colcon_core.environment:checking '/home/eating/work/install/ira_laser_tools/lib/pkgconfig/ira_laser_tools.pc'
[1.202s] Level 1:colcon.colcon_core.environment:checking '/home/eating/work/install/ira_laser_tools/lib/python3.10/site-packages'
[1.202s] Level 1:colcon.colcon_core.environment:checking '/home/eating/work/install/ira_laser_tools/bin'
[1.203s] INFO:colcon.colcon_core.shell:Creating package script '/home/eating/work/install/ira_laser_tools/share/ira_laser_tools/package.ps1'
[1.203s] INFO:colcon.colcon_core.shell:Creating package descriptor '/home/eating/work/install/ira_laser_tools/share/ira_laser_tools/package.dsv'
[1.203s] INFO:colcon.colcon_core.shell:Creating package script '/home/eating/work/install/ira_laser_tools/share/ira_laser_tools/package.sh'
[1.204s] INFO:colcon.colcon_core.shell:Creating package script '/home/eating/work/install/ira_laser_tools/share/ira_laser_tools/package.bash'
[1.204s] INFO:colcon.colcon_core.shell:Creating package script '/home/eating/work/install/ira_laser_tools/share/ira_laser_tools/package.zsh'
[1.205s] Level 1:colcon.colcon_core.environment:create_file_with_runtime_dependencies(/home/eating/work/install/ira_laser_tools/share/colcon-core/packages/ira_laser_tools)
[1.206s] Level 1:colcon.colcon_core.environment:create_environment_scripts_only(realsense2_camera_msgs)
[1.206s] Level 1:colcon.colcon_core.environment:checking '/home/eating/work/install/realsense2_camera_msgs' for CMake module files
[1.207s] DEBUG:colcon.colcon_core.event_handler.log_command:Invoked command in '/home/eating/work/build/realsense2_camera_msgs' returned '0': CMAKE_PREFIX_PATH=${CMAKE_PREFIX_PATH}:/home/eating/work/install/pallet_main:/home/eating/work/install/main_control:/home/eating/work/install/gui:/home/eating/work/install/docking_pkg:/opt/ros/humble /usr/bin/cmake --install /home/eating/work/build/realsense2_camera_msgs
[1.207s] Level 1:colcon.colcon_core.environment:checking '/home/eating/work/install/realsense2_camera_msgs' for CMake config files
[1.208s] Level 1:colcon.colcon_core.shell:create_environment_hook('realsense2_camera_msgs', 'cmake_prefix_path')
[1.208s] INFO:colcon.colcon_core.shell:Creating environment hook '/home/eating/work/install/realsense2_camera_msgs/share/realsense2_camera_msgs/hook/cmake_prefix_path.ps1'
[1.208s] INFO:colcon.colcon_core.shell:Creating environment descriptor '/home/eating/work/install/realsense2_camera_msgs/share/realsense2_camera_msgs/hook/cmake_prefix_path.dsv'
[1.209s] INFO:colcon.colcon_core.shell:Creating environment hook '/home/eating/work/install/realsense2_camera_msgs/share/realsense2_camera_msgs/hook/cmake_prefix_path.sh'
[1.209s] Level 1:colcon.colcon_core.environment:checking '/home/eating/work/install/realsense2_camera_msgs/lib'
[1.209s] Level 1:colcon.colcon_core.shell:create_environment_hook('realsense2_camera_msgs', 'ld_library_path_lib')
[1.210s] INFO:colcon.colcon_core.shell:Creating environment hook '/home/eating/work/install/realsense2_camera_msgs/share/realsense2_camera_msgs/hook/ld_library_path_lib.ps1'
[1.210s] INFO:colcon.colcon_core.shell:Creating environment descriptor '/home/eating/work/install/realsense2_camera_msgs/share/realsense2_camera_msgs/hook/ld_library_path_lib.dsv'
[1.210s] INFO:colcon.colcon_core.shell:Creating environment hook '/home/eating/work/install/realsense2_camera_msgs/share/realsense2_camera_msgs/hook/ld_library_path_lib.sh'
[1.211s] Level 1:colcon.colcon_core.environment:checking '/home/eating/work/install/realsense2_camera_msgs/bin'
[1.211s] Level 1:colcon.colcon_core.environment:checking '/home/eating/work/install/realsense2_camera_msgs/lib/pkgconfig/realsense2_camera_msgs.pc'
[1.211s] Level 1:colcon.colcon_core.environment:checking '/home/eating/work/install/realsense2_camera_msgs/lib/python3.10/site-packages'
[1.211s] Level 1:colcon.colcon_core.environment:checking '/home/eating/work/install/realsense2_camera_msgs/bin'
[1.211s] INFO:colcon.colcon_core.shell:Creating package script '/home/eating/work/install/realsense2_camera_msgs/share/realsense2_camera_msgs/package.ps1'
[1.212s] INFO:colcon.colcon_core.shell:Creating package descriptor '/home/eating/work/install/realsense2_camera_msgs/share/realsense2_camera_msgs/package.dsv'
[1.212s] INFO:colcon.colcon_core.shell:Creating package script '/home/eating/work/install/realsense2_camera_msgs/share/realsense2_camera_msgs/package.sh'
[1.213s] INFO:colcon.colcon_core.shell:Creating package script '/home/eating/work/install/realsense2_camera_msgs/share/realsense2_camera_msgs/package.bash'
[1.213s] INFO:colcon.colcon_core.shell:Creating package script '/home/eating/work/install/realsense2_camera_msgs/share/realsense2_camera_msgs/package.zsh'
[1.213s] Level 1:colcon.colcon_core.environment:create_file_with_runtime_dependencies(/home/eating/work/install/realsense2_camera_msgs/share/colcon-core/packages/realsense2_camera_msgs)
[1.214s] Level 1:colcon.colcon_core.environment:create_environment_scripts_only(realsense2_camera_msgs)
[1.214s] Level 1:colcon.colcon_core.environment:checking '/home/eating/work/install/realsense2_camera_msgs' for CMake module files
[1.214s] Level 1:colcon.colcon_core.environment:checking '/home/eating/work/install/realsense2_camera_msgs' for CMake config files
[1.215s] Level 1:colcon.colcon_core.shell:create_environment_hook('realsense2_camera_msgs', 'cmake_prefix_path')
[1.215s] INFO:colcon.colcon_core.shell:Creating environment hook '/home/eating/work/install/realsense2_camera_msgs/share/realsense2_camera_msgs/hook/cmake_prefix_path.ps1'
[1.215s] INFO:colcon.colcon_core.shell:Creating environment descriptor '/home/eating/work/install/realsense2_camera_msgs/share/realsense2_camera_msgs/hook/cmake_prefix_path.dsv'
[1.216s] INFO:colcon.colcon_core.shell:Creating environment hook '/home/eating/work/install/realsense2_camera_msgs/share/realsense2_camera_msgs/hook/cmake_prefix_path.sh'
[1.216s] Level 1:colcon.colcon_core.environment:checking '/home/eating/work/install/realsense2_camera_msgs/lib'
[1.216s] Level 1:colcon.colcon_core.shell:create_environment_hook('realsense2_camera_msgs', 'ld_library_path_lib')
[1.216s] INFO:colcon.colcon_core.shell:Creating environment hook '/home/eating/work/install/realsense2_camera_msgs/share/realsense2_camera_msgs/hook/ld_library_path_lib.ps1'
[1.217s] INFO:colcon.colcon_core.shell:Creating environment descriptor '/home/eating/work/install/realsense2_camera_msgs/share/realsense2_camera_msgs/hook/ld_library_path_lib.dsv'
[1.217s] INFO:colcon.colcon_core.shell:Creating environment hook '/home/eating/work/install/realsense2_camera_msgs/share/realsense2_camera_msgs/hook/ld_library_path_lib.sh'
[1.218s] Level 1:colcon.colcon_core.environment:checking '/home/eating/work/install/realsense2_camera_msgs/bin'
[1.218s] Level 1:colcon.colcon_core.environment:checking '/home/eating/work/install/realsense2_camera_msgs/lib/pkgconfig/realsense2_camera_msgs.pc'
[1.218s] Level 1:colcon.colcon_core.environment:checking '/home/eating/work/install/realsense2_camera_msgs/lib/python3.10/site-packages'
[1.218s] Level 1:colcon.colcon_core.environment:checking '/home/eating/work/install/realsense2_camera_msgs/bin'
[1.219s] INFO:colcon.colcon_core.shell:Creating package script '/home/eating/work/install/realsense2_camera_msgs/share/realsense2_camera_msgs/package.ps1'
[1.220s] INFO:colcon.colcon_core.shell:Creating package descriptor '/home/eating/work/install/realsense2_camera_msgs/share/realsense2_camera_msgs/package.dsv'
[1.220s] INFO:colcon.colcon_core.shell:Creating package script '/home/eating/work/install/realsense2_camera_msgs/share/realsense2_camera_msgs/package.sh'
[1.221s] INFO:colcon.colcon_core.shell:Creating package script '/home/eating/work/install/realsense2_camera_msgs/share/realsense2_camera_msgs/package.bash'
[1.221s] INFO:colcon.colcon_core.shell:Creating package script '/home/eating/work/install/realsense2_camera_msgs/share/realsense2_camera_msgs/package.zsh'
[1.222s] Level 1:colcon.colcon_core.environment:create_file_with_runtime_dependencies(/home/eating/work/install/realsense2_camera_msgs/share/colcon-core/packages/realsense2_camera_msgs)
[1.222s] INFO:colcon.colcon_ros.task.ament_cmake.build:Building ROS package in '/home/eating/work/src/timda_sim/robot_arm_description' with build type 'ament_cmake'
[1.222s] INFO:colcon.colcon_cmake.task.cmake.build:Building CMake package in '/home/eating/work/src/timda_sim/robot_arm_description'
[1.222s] INFO:colcon.colcon_core.shell:Skip shell extension 'powershell' for command environment: Not usable outside of PowerShell
[1.222s] DEBUG:colcon.colcon_core.shell:Skip shell extension 'dsv' for command environment
[1.227s] INFO:colcon.colcon_ros.task.ament_cmake.build:Building ROS package in '/home/eating/work/src/timda_sim/suction_description' with build type 'ament_cmake'
[1.227s] INFO:colcon.colcon_cmake.task.cmake.build:Building CMake package in '/home/eating/work/src/timda_sim/suction_description'
[1.228s] INFO:colcon.colcon_core.shell:Skip shell extension 'powershell' for command environment: Not usable outside of PowerShell
[1.228s] DEBUG:colcon.colcon_core.shell:Skip shell extension 'dsv' for command environment
[1.233s] INFO:colcon.colcon_ros.task.ament_cmake.build:Building ROS package in '/home/eating/work/src/timda_sim/timda_body_description' with build type 'ament_cmake'
[1.233s] INFO:colcon.colcon_cmake.task.cmake.build:Building CMake package in '/home/eating/work/src/timda_sim/timda_body_description'
[1.234s] INFO:colcon.colcon_core.shell:Skip shell extension 'powershell' for command environment: Not usable outside of PowerShell
[1.234s] DEBUG:colcon.colcon_core.shell:Skip shell extension 'dsv' for command environment
[1.259s] DEBUG:colcon.colcon_core.event_handler.log_command:Invoking command in '/home/eating/work/build/mobile_description': CMAKE_PREFIX_PATH=${CMAKE_PREFIX_PATH}:/home/eating/work/install/pallet_main:/home/eating/work/install/main_control:/home/eating/work/install/gui:/home/eating/work/install/docking_pkg:/opt/ros/humble /usr/bin/cmake --build /home/eating/work/build/mobile_description -- -j8 -l8
[1.262s] DEBUG:colcon.colcon_core.event_handler.log_command:Invoking command in '/home/eating/work/build/pallet_interfaces': CMAKE_PREFIX_PATH=${CMAKE_PREFIX_PATH}:/home/eating/work/install/pallet_main:/home/eating/work/install/main_control:/home/eating/work/install/gui:/home/eating/work/install/docking_pkg:/opt/ros/humble /usr/bin/cmake --build /home/eating/work/build/pallet_interfaces -- -j8 -l8
[1.558s] INFO:colcon.colcon_core.task.python.build:Building Python package in '/home/eating/work/src/pallet/pallet_main'
[1.559s] INFO:colcon.colcon_core.shell:Skip shell extension 'powershell' for command environment: Not usable outside of PowerShell
[1.559s] DEBUG:colcon.colcon_core.shell:Skip shell extension 'dsv' for command environment
[1.565s] Level 1:colcon.colcon_core.environment:create_environment_scripts_only(interface)
[1.566s] Level 1:colcon.colcon_core.environment:checking '/home/eating/work/install/interface' for CMake module files
[1.567s] Level 1:colcon.colcon_core.environment:checking '/home/eating/work/install/interface' for CMake config files
[1.568s] DEBUG:colcon.colcon_core.event_handler.log_command:Invoked command in '/home/eating/work/build/interface' returned '0': CMAKE_PREFIX_PATH=${CMAKE_PREFIX_PATH}:/home/eating/work/install/pallet_main:/home/eating/work/install/main_control:/home/eating/work/install/gui:/home/eating/work/install/docking_pkg:/opt/ros/humble /usr/bin/cmake --install /home/eating/work/build/interface
[1.568s] Level 1:colcon.colcon_core.shell:create_environment_hook('interface', 'cmake_prefix_path')
[1.568s] INFO:colcon.colcon_core.shell:Creating environment hook '/home/eating/work/install/interface/share/interface/hook/cmake_prefix_path.ps1'
[1.569s] INFO:colcon.colcon_core.shell:Creating environment descriptor '/home/eating/work/install/interface/share/interface/hook/cmake_prefix_path.dsv'
[1.569s] INFO:colcon.colcon_core.shell:Creating environment hook '/home/eating/work/install/interface/share/interface/hook/cmake_prefix_path.sh'
[1.570s] Level 1:colcon.colcon_core.environment:checking '/home/eating/work/install/interface/lib'
[1.570s] Level 1:colcon.colcon_core.shell:create_environment_hook('interface', 'ld_library_path_lib')
[1.570s] INFO:colcon.colcon_core.shell:Creating environment hook '/home/eating/work/install/interface/share/interface/hook/ld_library_path_lib.ps1'
[1.571s] INFO:colcon.colcon_core.shell:Creating environment descriptor '/home/eating/work/install/interface/share/interface/hook/ld_library_path_lib.dsv'
[1.571s] INFO:colcon.colcon_core.shell:Creating environment hook '/home/eating/work/install/interface/share/interface/hook/ld_library_path_lib.sh'
[1.572s] Level 1:colcon.colcon_core.environment:checking '/home/eating/work/install/interface/bin'
[1.572s] Level 1:colcon.colcon_core.environment:checking '/home/eating/work/install/interface/lib/pkgconfig/interface.pc'
[1.572s] Level 1:colcon.colcon_core.environment:checking '/home/eating/work/install/interface/lib/python3.10/site-packages'
[1.572s] Level 1:colcon.colcon_core.environment:checking '/home/eating/work/install/interface/bin'
[1.573s] INFO:colcon.colcon_core.shell:Creating package script '/home/eating/work/install/interface/share/interface/package.ps1'
[1.573s] INFO:colcon.colcon_core.shell:Creating package descriptor '/home/eating/work/install/interface/share/interface/package.dsv'
[1.573s] INFO:colcon.colcon_core.shell:Creating package script '/home/eating/work/install/interface/share/interface/package.sh'
[1.574s] INFO:colcon.colcon_core.shell:Creating package script '/home/eating/work/install/interface/share/interface/package.bash'
[1.574s] INFO:colcon.colcon_core.shell:Creating package script '/home/eating/work/install/interface/share/interface/package.zsh'
[1.574s] Level 1:colcon.colcon_core.environment:create_file_with_runtime_dependencies(/home/eating/work/install/interface/share/colcon-core/packages/interface)
[1.575s] Level 1:colcon.colcon_core.environment:create_environment_scripts_only(interface)
[1.575s] Level 1:colcon.colcon_core.environment:checking '/home/eating/work/install/interface' for CMake module files
[1.575s] Level 1:colcon.colcon_core.environment:checking '/home/eating/work/install/interface' for CMake config files
[1.576s] Level 1:colcon.colcon_core.shell:create_environment_hook('interface', 'cmake_prefix_path')
[1.576s] INFO:colcon.colcon_core.shell:Creating environment hook '/home/eating/work/install/interface/share/interface/hook/cmake_prefix_path.ps1'
[1.577s] INFO:colcon.colcon_core.shell:Creating environment descriptor '/home/eating/work/install/interface/share/interface/hook/cmake_prefix_path.dsv'
[1.577s] INFO:colcon.colcon_core.shell:Creating environment hook '/home/eating/work/install/interface/share/interface/hook/cmake_prefix_path.sh'
[1.577s] Level 1:colcon.colcon_core.environment:checking '/home/eating/work/install/interface/lib'
[1.577s] Level 1:colcon.colcon_core.shell:create_environment_hook('interface', 'ld_library_path_lib')
[1.578s] INFO:colcon.colcon_core.shell:Creating environment hook '/home/eating/work/install/interface/share/interface/hook/ld_library_path_lib.ps1'
[1.578s] INFO:colcon.colcon_core.shell:Creating environment descriptor '/home/eating/work/install/interface/share/interface/hook/ld_library_path_lib.dsv'
[1.578s] INFO:colcon.colcon_core.shell:Creating environment hook '/home/eating/work/install/interface/share/interface/hook/ld_library_path_lib.sh'
[1.578s] Level 1:colcon.colcon_core.environment:checking '/home/eating/work/install/interface/bin'
[1.578s] Level 1:colcon.colcon_core.environment:checking '/home/eating/work/install/interface/lib/pkgconfig/interface.pc'
[1.579s] Level 1:colcon.colcon_core.environment:checking '/home/eating/work/install/interface/lib/python3.10/site-packages'
[1.579s] Level 1:colcon.colcon_core.environment:checking '/home/eating/work/install/interface/bin'
[1.579s] INFO:colcon.colcon_core.shell:Creating package script '/home/eating/work/install/interface/share/interface/package.ps1'
[1.580s] INFO:colcon.colcon_core.shell:Creating package descriptor '/home/eating/work/install/interface/share/interface/package.dsv'
[1.580s] INFO:colcon.colcon_core.shell:Creating package script '/home/eating/work/install/interface/share/interface/package.sh'
[1.580s] INFO:colcon.colcon_core.shell:Creating package script '/home/eating/work/install/interface/share/interface/package.bash'
[1.581s] INFO:colcon.colcon_core.shell:Creating package script '/home/eating/work/install/interface/share/interface/package.zsh'
[1.581s] Level 1:colcon.colcon_core.environment:create_file_with_runtime_dependencies(/home/eating/work/install/interface/share/colcon-core/packages/interface)
[1.584s] DEBUG:colcon.colcon_core.event_handler.log_command:Invoking command in '/home/eating/work/build/robot_arm_description': CMAKE_PREFIX_PATH=${CMAKE_PREFIX_PATH}:/home/eating/work/install/pallet_main:/home/eating/work/install/main_control:/home/eating/work/install/gui:/home/eating/work/install/docking_pkg:/opt/ros/humble /usr/bin/cmake --build /home/eating/work/build/robot_arm_description -- -j8 -l8
[1.585s] INFO:colcon.colcon_ros.task.ament_cmake.build:Building ROS package in '/home/eating/work/src/timda_bringup' with build type 'ament_cmake'
[1.586s] INFO:colcon.colcon_cmake.task.cmake.build:Building CMake package in '/home/eating/work/src/timda_bringup'
[1.586s] INFO:colcon.colcon_core.shell:Skip shell extension 'powershell' for command environment: Not usable outside of PowerShell
[1.586s] DEBUG:colcon.colcon_core.shell:Skip shell extension 'dsv' for command environment
[1.587s] DEBUG:colcon.colcon_core.event_handler.log_command:Invoking command in '/home/eating/work/build/suction_description': CMAKE_PREFIX_PATH=${CMAKE_PREFIX_PATH}:/home/eating/work/install/pallet_main:/home/eating/work/install/main_control:/home/eating/work/install/gui:/home/eating/work/install/docking_pkg:/opt/ros/humble /usr/bin/cmake --build /home/eating/work/build/suction_description -- -j8 -l8
[1.592s] DEBUG:colcon.colcon_core.event_handler.log_command:Invoked command in '/home/eating/work/build/mobile_description' returned '0': CMAKE_PREFIX_PATH=${CMAKE_PREFIX_PATH}:/home/eating/work/install/pallet_main:/home/eating/work/install/main_control:/home/eating/work/install/gui:/home/eating/work/install/docking_pkg:/opt/ros/humble /usr/bin/cmake --build /home/eating/work/build/mobile_description -- -j8 -l8
[1.594s] DEBUG:colcon.colcon_core.event_handler.log_command:Invoking command in '/home/eating/work/build/mobile_description': CMAKE_PREFIX_PATH=${CMAKE_PREFIX_PATH}:/home/eating/work/install/pallet_main:/home/eating/work/install/main_control:/home/eating/work/install/gui:/home/eating/work/install/docking_pkg:/opt/ros/humble /usr/bin/cmake --install /home/eating/work/build/mobile_description
[1.597s] DEBUG:colcon.colcon_core.event_handler.log_command:Invoking command in '/home/eating/work/build/timda_body_description': CMAKE_PREFIX_PATH=${CMAKE_PREFIX_PATH}:/home/eating/work/install/pallet_main:/home/eating/work/install/main_control:/home/eating/work/install/gui:/home/eating/work/install/docking_pkg:/opt/ros/humble /usr/bin/cmake --build /home/eating/work/build/timda_body_description -- -j8 -l8
[1.600s] DEBUG:colcon.colcon_core.event_handler.log_command:Invoking command in '/home/eating/work/src/docking/docking_pkg': PYTHONPATH=/home/eating/work/build/docking_pkg/prefix_override:/usr/lib/python3/dist-packages/colcon_core/task/python/colcon_distutils_commands:/home/eating/work/install/docking_pkg/lib/python3.10/site-packages:${PYTHONPATH} /usr/bin/python3 -W ignore:setup.py install is deprecated -W ignore:easy_install command is deprecated setup.py egg_info --egg-base ../../../build/docking_pkg build --build-base /home/eating/work/build/docking_pkg/build install --record /home/eating/work/build/docking_pkg/install.log --single-version-externally-managed install_data
[1.611s] DEBUG:colcon.colcon_core.event_handler.log_command:Invoking command in '/home/eating/work/build/timda_bringup': CMAKE_PREFIX_PATH=${CMAKE_PREFIX_PATH}:/home/eating/work/install/pallet_main:/home/eating/work/install/main_control:/home/eating/work/install/gui:/home/eating/work/install/docking_pkg:/opt/ros/humble /usr/bin/cmake --build /home/eating/work/build/timda_bringup -- -j8 -l8
[1.616s] Level 1:colcon.colcon_core.environment:create_environment_scripts_only(mobile_description)
[1.617s] Level 1:colcon.colcon_core.environment:checking '/home/eating/work/install/mobile_description' for CMake module files
[1.617s] DEBUG:colcon.colcon_core.event_handler.log_command:Invoked command in '/home/eating/work/build/mobile_description' returned '0': CMAKE_PREFIX_PATH=${CMAKE_PREFIX_PATH}:/home/eating/work/install/pallet_main:/home/eating/work/install/main_control:/home/eating/work/install/gui:/home/eating/work/install/docking_pkg:/opt/ros/humble /usr/bin/cmake --install /home/eating/work/build/mobile_description
[1.618s] Level 1:colcon.colcon_core.environment:checking '/home/eating/work/install/mobile_description' for CMake config files
[1.618s] Level 1:colcon.colcon_core.shell:create_environment_hook('mobile_description', 'cmake_prefix_path')
[1.619s] INFO:colcon.colcon_core.shell:Creating environment hook '/home/eating/work/install/mobile_description/share/mobile_description/hook/cmake_prefix_path.ps1'
[1.620s] INFO:colcon.colcon_core.shell:Creating environment descriptor '/home/eating/work/install/mobile_description/share/mobile_description/hook/cmake_prefix_path.dsv'
[1.620s] INFO:colcon.colcon_core.shell:Creating environment hook '/home/eating/work/install/mobile_description/share/mobile_description/hook/cmake_prefix_path.sh'
[1.621s] Level 1:colcon.colcon_core.environment:checking '/home/eating/work/install/mobile_description/bin'
[1.621s] Level 1:colcon.colcon_core.environment:checking '/home/eating/work/install/mobile_description/lib/pkgconfig/mobile_description.pc'
[1.622s] Level 1:colcon.colcon_core.environment:checking '/home/eating/work/install/mobile_description/lib/python3.10/site-packages'
[1.622s] Level 1:colcon.colcon_core.environment:checking '/home/eating/work/install/mobile_description/bin'
[1.623s] INFO:colcon.colcon_core.shell:Creating package script '/home/eating/work/install/mobile_description/share/mobile_description/package.ps1'
[1.623s] INFO:colcon.colcon_core.shell:Creating package descriptor '/home/eating/work/install/mobile_description/share/mobile_description/package.dsv'
[1.624s] INFO:colcon.colcon_core.shell:Creating package script '/home/eating/work/install/mobile_description/share/mobile_description/package.sh'
[1.625s] INFO:colcon.colcon_core.shell:Creating package script '/home/eating/work/install/mobile_description/share/mobile_description/package.bash'
[1.625s] INFO:colcon.colcon_core.shell:Creating package script '/home/eating/work/install/mobile_description/share/mobile_description/package.zsh'
[1.626s] Level 1:colcon.colcon_core.environment:create_file_with_runtime_dependencies(/home/eating/work/install/mobile_description/share/colcon-core/packages/mobile_description)
[1.627s] Level 1:colcon.colcon_core.environment:create_environment_scripts_only(mobile_description)
[1.627s] Level 1:colcon.colcon_core.environment:checking '/home/eating/work/install/mobile_description' for CMake module files
[1.628s] Level 1:colcon.colcon_core.environment:checking '/home/eating/work/install/mobile_description' for CMake config files
[1.628s] Level 1:colcon.colcon_core.shell:create_environment_hook('mobile_description', 'cmake_prefix_path')
[1.629s] INFO:colcon.colcon_core.shell:Creating environment hook '/home/eating/work/install/mobile_description/share/mobile_description/hook/cmake_prefix_path.ps1'
[1.630s] INFO:colcon.colcon_core.shell:Creating environment descriptor '/home/eating/work/install/mobile_description/share/mobile_description/hook/cmake_prefix_path.dsv'
[1.631s] INFO:colcon.colcon_core.shell:Creating environment hook '/home/eating/work/install/mobile_description/share/mobile_description/hook/cmake_prefix_path.sh'
[1.632s] Level 1:colcon.colcon_core.environment:checking '/home/eating/work/install/mobile_description/bin'
[1.632s] Level 1:colcon.colcon_core.environment:checking '/home/eating/work/install/mobile_description/lib/pkgconfig/mobile_description.pc'
[1.632s] Level 1:colcon.colcon_core.environment:checking '/home/eating/work/install/mobile_description/lib/python3.10/site-packages'
[1.633s] Level 1:colcon.colcon_core.environment:checking '/home/eating/work/install/mobile_description/bin'
[1.633s] INFO:colcon.colcon_core.shell:Creating package script '/home/eating/work/install/mobile_description/share/mobile_description/package.ps1'
[1.635s] INFO:colcon.colcon_core.shell:Creating package descriptor '/home/eating/work/install/mobile_description/share/mobile_description/package.dsv'
[1.636s] INFO:colcon.colcon_core.shell:Creating package script '/home/eating/work/install/mobile_description/share/mobile_description/package.sh'
[1.637s] INFO:colcon.colcon_core.shell:Creating package script '/home/eating/work/install/mobile_description/share/mobile_description/package.bash'
[1.638s] INFO:colcon.colcon_core.shell:Creating package script '/home/eating/work/install/mobile_description/share/mobile_description/package.zsh'
[1.638s] Level 1:colcon.colcon_core.environment:create_file_with_runtime_dependencies(/home/eating/work/install/mobile_description/share/colcon-core/packages/mobile_description)
[1.639s] INFO:colcon.colcon_ros.task.ament_cmake.build:Building ROS package in '/home/eating/work/src/timda_sim/timda_description' with build type 'ament_cmake'
[1.640s] INFO:colcon.colcon_cmake.task.cmake.build:Building CMake package in '/home/eating/work/src/timda_sim/timda_description'
[1.640s] INFO:colcon.colcon_core.shell:Skip shell extension 'powershell' for command environment: Not usable outside of PowerShell
[1.640s] DEBUG:colcon.colcon_core.shell:Skip shell extension 'dsv' for command environment
[1.650s] DEBUG:colcon.colcon_core.event_handler.log_command:Invoked command in '/home/eating/work/build/suction_description' returned '0': CMAKE_PREFIX_PATH=${CMAKE_PREFIX_PATH}:/home/eating/work/install/pallet_main:/home/eating/work/install/main_control:/home/eating/work/install/gui:/home/eating/work/install/docking_pkg:/opt/ros/humble /usr/bin/cmake --build /home/eating/work/build/suction_description -- -j8 -l8
[1.652s] DEBUG:colcon.colcon_core.event_handler.log_command:Invoking command in '/home/eating/work/build/suction_description': CMAKE_PREFIX_PATH=${CMAKE_PREFIX_PATH}:/home/eating/work/install/pallet_main:/home/eating/work/install/main_control:/home/eating/work/install/gui:/home/eating/work/install/docking_pkg:/opt/ros/humble /usr/bin/cmake --install /home/eating/work/build/suction_description
[1.653s] DEBUG:colcon.colcon_core.event_handler.log_command:Invoked command in '/home/eating/work/build/robot_arm_description' returned '0': CMAKE_PREFIX_PATH=${CMAKE_PREFIX_PATH}:/home/eating/work/install/pallet_main:/home/eating/work/install/main_control:/home/eating/work/install/gui:/home/eating/work/install/docking_pkg:/opt/ros/humble /usr/bin/cmake --build /home/eating/work/build/robot_arm_description -- -j8 -l8
[1.655s] DEBUG:colcon.colcon_core.event_handler.log_command:Invoking command in '/home/eating/work/build/robot_arm_description': CMAKE_PREFIX_PATH=${CMAKE_PREFIX_PATH}:/home/eating/work/install/pallet_main:/home/eating/work/install/main_control:/home/eating/work/install/gui:/home/eating/work/install/docking_pkg:/opt/ros/humble /usr/bin/cmake --install /home/eating/work/build/robot_arm_description
[1.656s] DEBUG:colcon.colcon_core.event_handler.log_command:Invoked command in '/home/eating/work/build/timda_body_description' returned '0': CMAKE_PREFIX_PATH=${CMAKE_PREFIX_PATH}:/home/eating/work/install/pallet_main:/home/eating/work/install/main_control:/home/eating/work/install/gui:/home/eating/work/install/docking_pkg:/opt/ros/humble /usr/bin/cmake --build /home/eating/work/build/timda_body_description -- -j8 -l8
[1.659s] DEBUG:colcon.colcon_core.event_handler.log_command:Invoking command in '/home/eating/work/build/timda_body_description': CMAKE_PREFIX_PATH=${CMAKE_PREFIX_PATH}:/home/eating/work/install/pallet_main:/home/eating/work/install/main_control:/home/eating/work/install/gui:/home/eating/work/install/docking_pkg:/opt/ros/humble /usr/bin/cmake --install /home/eating/work/build/timda_body_description
[1.670s] Level 1:colcon.colcon_core.environment:create_environment_scripts_only(robot_arm_description)
[1.671s] Level 1:colcon.colcon_core.environment:checking '/home/eating/work/install/robot_arm_description' for CMake module files
[1.671s] DEBUG:colcon.colcon_core.event_handler.log_command:Invoking command in '/home/eating/work/build/timda_description': CMAKE_PREFIX_PATH=${CMAKE_PREFIX_PATH}:/home/eating/work/install/pallet_main:/home/eating/work/install/main_control:/home/eating/work/install/gui:/home/eating/work/install/docking_pkg:/opt/ros/humble /usr/bin/cmake --build /home/eating/work/build/timda_description -- -j8 -l8
[1.677s] Level 1:colcon.colcon_core.environment:checking '/home/eating/work/install/robot_arm_description' for CMake config files
[1.679s] DEBUG:colcon.colcon_core.event_handler.log_command:Invoked command in '/home/eating/work/build/robot_arm_description' returned '0': CMAKE_PREFIX_PATH=${CMAKE_PREFIX_PATH}:/home/eating/work/install/pallet_main:/home/eating/work/install/main_control:/home/eating/work/install/gui:/home/eating/work/install/docking_pkg:/opt/ros/humble /usr/bin/cmake --install /home/eating/work/build/robot_arm_description
[1.680s] Level 1:colcon.colcon_core.shell:create_environment_hook('robot_arm_description', 'cmake_prefix_path')
[1.680s] INFO:colcon.colcon_core.shell:Creating environment hook '/home/eating/work/install/robot_arm_description/share/robot_arm_description/hook/cmake_prefix_path.ps1'
[1.681s] INFO:colcon.colcon_core.shell:Creating environment descriptor '/home/eating/work/install/robot_arm_description/share/robot_arm_description/hook/cmake_prefix_path.dsv'
[1.682s] INFO:colcon.colcon_core.shell:Creating environment hook '/home/eating/work/install/robot_arm_description/share/robot_arm_description/hook/cmake_prefix_path.sh'
[1.682s] Level 1:colcon.colcon_core.environment:checking '/home/eating/work/install/robot_arm_description/bin'
[1.682s] Level 1:colcon.colcon_core.environment:checking '/home/eating/work/install/robot_arm_description/lib/pkgconfig/robot_arm_description.pc'
[1.683s] Level 1:colcon.colcon_core.environment:checking '/home/eating/work/install/robot_arm_description/lib/python3.10/site-packages'
[1.683s] Level 1:colcon.colcon_core.environment:checking '/home/eating/work/install/robot_arm_description/bin'
[1.684s] INFO:colcon.colcon_core.shell:Creating package script '/home/eating/work/install/robot_arm_description/share/robot_arm_description/package.ps1'
[1.684s] INFO:colcon.colcon_core.shell:Creating package descriptor '/home/eating/work/install/robot_arm_description/share/robot_arm_description/package.dsv'
[1.685s] INFO:colcon.colcon_core.shell:Creating package script '/home/eating/work/install/robot_arm_description/share/robot_arm_description/package.sh'
[1.685s] INFO:colcon.colcon_core.shell:Creating package script '/home/eating/work/install/robot_arm_description/share/robot_arm_description/package.bash'
[1.686s] INFO:colcon.colcon_core.shell:Creating package script '/home/eating/work/install/robot_arm_description/share/robot_arm_description/package.zsh'
[1.686s] Level 1:colcon.colcon_core.environment:create_file_with_runtime_dependencies(/home/eating/work/install/robot_arm_description/share/colcon-core/packages/robot_arm_description)
[1.687s] Level 1:colcon.colcon_core.environment:create_environment_scripts_only(robot_arm_description)
[1.688s] Level 1:colcon.colcon_core.environment:checking '/home/eating/work/install/robot_arm_description' for CMake module files
[1.688s] Level 1:colcon.colcon_core.environment:checking '/home/eating/work/install/robot_arm_description' for CMake config files
[1.689s] Level 1:colcon.colcon_core.shell:create_environment_hook('robot_arm_description', 'cmake_prefix_path')
[1.689s] INFO:colcon.colcon_core.shell:Creating environment hook '/home/eating/work/install/robot_arm_description/share/robot_arm_description/hook/cmake_prefix_path.ps1'
[1.690s] INFO:colcon.colcon_core.shell:Creating environment descriptor '/home/eating/work/install/robot_arm_description/share/robot_arm_description/hook/cmake_prefix_path.dsv'
[1.690s] INFO:colcon.colcon_core.shell:Creating environment hook '/home/eating/work/install/robot_arm_description/share/robot_arm_description/hook/cmake_prefix_path.sh'
[1.691s] Level 1:colcon.colcon_core.environment:checking '/home/eating/work/install/robot_arm_description/bin'
[1.691s] Level 1:colcon.colcon_core.environment:checking '/home/eating/work/install/robot_arm_description/lib/pkgconfig/robot_arm_description.pc'
[1.691s] Level 1:colcon.colcon_core.environment:checking '/home/eating/work/install/robot_arm_description/lib/python3.10/site-packages'
[1.692s] Level 1:colcon.colcon_core.environment:checking '/home/eating/work/install/robot_arm_description/bin'
[1.692s] INFO:colcon.colcon_core.shell:Creating package script '/home/eating/work/install/robot_arm_description/share/robot_arm_description/package.ps1'
[1.693s] INFO:colcon.colcon_core.shell:Creating package descriptor '/home/eating/work/install/robot_arm_description/share/robot_arm_description/package.dsv'
[1.694s] INFO:colcon.colcon_core.shell:Creating package script '/home/eating/work/install/robot_arm_description/share/robot_arm_description/package.sh'
[1.694s] INFO:colcon.colcon_core.shell:Creating package script '/home/eating/work/install/robot_arm_description/share/robot_arm_description/package.bash'
[1.695s] INFO:colcon.colcon_core.shell:Creating package script '/home/eating/work/install/robot_arm_description/share/robot_arm_description/package.zsh'
[1.695s] Level 1:colcon.colcon_core.environment:create_file_with_runtime_dependencies(/home/eating/work/install/robot_arm_description/share/colcon-core/packages/robot_arm_description)
[1.697s] DEBUG:colcon.colcon_core.event_handler.log_command:Invoked command in '/home/eating/work/build/timda_bringup' returned '0': CMAKE_PREFIX_PATH=${CMAKE_PREFIX_PATH}:/home/eating/work/install/pallet_main:/home/eating/work/install/main_control:/home/eating/work/install/gui:/home/eating/work/install/docking_pkg:/opt/ros/humble /usr/bin/cmake --build /home/eating/work/build/timda_bringup -- -j8 -l8
[1.697s] DEBUG:colcon.colcon_core.event_handler.log_command:Invoking command in '/home/eating/work/build/timda_bringup': CMAKE_PREFIX_PATH=${CMAKE_PREFIX_PATH}:/home/eating/work/install/pallet_main:/home/eating/work/install/main_control:/home/eating/work/install/gui:/home/eating/work/install/docking_pkg:/opt/ros/humble /usr/bin/cmake --install /home/eating/work/build/timda_bringup
[1.698s] Level 1:colcon.colcon_core.environment:create_environment_scripts_only(suction_description)
[1.698s] Level 1:colcon.colcon_core.environment:checking '/home/eating/work/install/suction_description' for CMake module files
[1.699s] DEBUG:colcon.colcon_core.event_handler.log_command:Invoked command in '/home/eating/work/build/suction_description' returned '0': CMAKE_PREFIX_PATH=${CMAKE_PREFIX_PATH}:/home/eating/work/install/pallet_main:/home/eating/work/install/main_control:/home/eating/work/install/gui:/home/eating/work/install/docking_pkg:/opt/ros/humble /usr/bin/cmake --install /home/eating/work/build/suction_description
[1.700s] Level 1:colcon.colcon_core.environment:checking '/home/eating/work/install/suction_description' for CMake config files
[1.700s] Level 1:colcon.colcon_core.shell:create_environment_hook('suction_description', 'cmake_prefix_path')
[1.701s] INFO:colcon.colcon_core.shell:Creating environment hook '/home/eating/work/install/suction_description/share/suction_description/hook/cmake_prefix_path.ps1'
[1.701s] INFO:colcon.colcon_core.shell:Creating environment descriptor '/home/eating/work/install/suction_description/share/suction_description/hook/cmake_prefix_path.dsv'
[1.702s] INFO:colcon.colcon_core.shell:Creating environment hook '/home/eating/work/install/suction_description/share/suction_description/hook/cmake_prefix_path.sh'
[1.702s] Level 1:colcon.colcon_core.environment:checking '/home/eating/work/install/suction_description/bin'
[1.702s] Level 1:colcon.colcon_core.environment:checking '/home/eating/work/install/suction_description/lib/pkgconfig/suction_description.pc'
[1.703s] Level 1:colcon.colcon_core.environment:checking '/home/eating/work/install/suction_description/lib/python3.10/site-packages'
[1.703s] Level 1:colcon.colcon_core.environment:checking '/home/eating/work/install/suction_description/bin'
[1.704s] INFO:colcon.colcon_core.shell:Creating package script '/home/eating/work/install/suction_description/share/suction_description/package.ps1'
[1.704s] INFO:colcon.colcon_core.shell:Creating package descriptor '/home/eating/work/install/suction_description/share/suction_description/package.dsv'
[1.705s] INFO:colcon.colcon_core.shell:Creating package script '/home/eating/work/install/suction_description/share/suction_description/package.sh'
[1.706s] INFO:colcon.colcon_core.shell:Creating package script '/home/eating/work/install/suction_description/share/suction_description/package.bash'
[1.706s] INFO:colcon.colcon_core.shell:Creating package script '/home/eating/work/install/suction_description/share/suction_description/package.zsh'
[1.707s] Level 1:colcon.colcon_core.environment:create_file_with_runtime_dependencies(/home/eating/work/install/suction_description/share/colcon-core/packages/suction_description)
[1.707s] Level 1:colcon.colcon_core.environment:create_environment_scripts_only(suction_description)
[1.708s] Level 1:colcon.colcon_core.environment:checking '/home/eating/work/install/suction_description' for CMake module files
[1.708s] Level 1:colcon.colcon_core.environment:checking '/home/eating/work/install/suction_description' for CMake config files
[1.709s] Level 1:colcon.colcon_core.shell:create_environment_hook('suction_description', 'cmake_prefix_path')
[1.709s] INFO:colcon.colcon_core.shell:Creating environment hook '/home/eating/work/install/suction_description/share/suction_description/hook/cmake_prefix_path.ps1'
[1.710s] INFO:colcon.colcon_core.shell:Creating environment descriptor '/home/eating/work/install/suction_description/share/suction_description/hook/cmake_prefix_path.dsv'
[1.710s] INFO:colcon.colcon_core.shell:Creating environment hook '/home/eating/work/install/suction_description/share/suction_description/hook/cmake_prefix_path.sh'
[1.711s] Level 1:colcon.colcon_core.environment:checking '/home/eating/work/install/suction_description/bin'
[1.711s] Level 1:colcon.colcon_core.environment:checking '/home/eating/work/install/suction_description/lib/pkgconfig/suction_description.pc'
[1.711s] Level 1:colcon.colcon_core.environment:checking '/home/eating/work/install/suction_description/lib/python3.10/site-packages'
[1.712s] Level 1:colcon.colcon_core.environment:checking '/home/eating/work/install/suction_description/bin'
[1.712s] INFO:colcon.colcon_core.shell:Creating package script '/home/eating/work/install/suction_description/share/suction_description/package.ps1'
[1.713s] INFO:colcon.colcon_core.shell:Creating package descriptor '/home/eating/work/install/suction_description/share/suction_description/package.dsv'
[1.713s] INFO:colcon.colcon_core.shell:Creating package script '/home/eating/work/install/suction_description/share/suction_description/package.sh'
[1.714s] INFO:colcon.colcon_core.shell:Creating package script '/home/eating/work/install/suction_description/share/suction_description/package.bash'
[1.715s] INFO:colcon.colcon_core.shell:Creating package script '/home/eating/work/install/suction_description/share/suction_description/package.zsh'
[1.715s] Level 1:colcon.colcon_core.environment:create_file_with_runtime_dependencies(/home/eating/work/install/suction_description/share/colcon-core/packages/suction_description)
[1.716s] INFO:colcon.colcon_ros.task.ament_cmake.build:Building ROS package in '/home/eating/work/src/timda_sim/timda_gazebo' with build type 'ament_cmake'
[1.716s] INFO:colcon.colcon_cmake.task.cmake.build:Building CMake package in '/home/eating/work/src/timda_sim/timda_gazebo'
[1.717s] INFO:colcon.colcon_core.shell:Skip shell extension 'powershell' for command environment: Not usable outside of PowerShell
[1.717s] DEBUG:colcon.colcon_core.shell:Skip shell extension 'dsv' for command environment
[1.724s] INFO:colcon.colcon_ros.task.ament_python.build:Building ROS package in '/home/eating/work/src/gui/gui' with build type 'ament_python'
[1.724s] Level 1:colcon.colcon_core.shell:create_environment_hook('gui', 'ament_prefix_path')
[1.725s] INFO:colcon.colcon_core.shell:Creating environment hook '/home/eating/work/install/gui/share/gui/hook/ament_prefix_path.ps1'
[1.726s] INFO:colcon.colcon_core.shell:Creating environment descriptor '/home/eating/work/install/gui/share/gui/hook/ament_prefix_path.dsv'
[1.726s] INFO:colcon.colcon_core.shell:Creating environment hook '/home/eating/work/install/gui/share/gui/hook/ament_prefix_path.sh'
[1.727s] INFO:colcon.colcon_core.shell:Skip shell extension 'powershell' for command environment: Not usable outside of PowerShell
[1.727s] DEBUG:colcon.colcon_core.shell:Skip shell extension 'dsv' for command environment
[1.735s] Level 1:colcon.colcon_core.environment:create_environment_scripts_only(timda_body_description)
[1.735s] Level 1:colcon.colcon_core.environment:checking '/home/eating/work/install/timda_body_description' for CMake module files
[1.736s] DEBUG:colcon.colcon_core.event_handler.log_command:Invoked command in '/home/eating/work/build/timda_body_description' returned '0': CMAKE_PREFIX_PATH=${CMAKE_PREFIX_PATH}:/home/eating/work/install/pallet_main:/home/eating/work/install/main_control:/home/eating/work/install/gui:/home/eating/work/install/docking_pkg:/opt/ros/humble /usr/bin/cmake --install /home/eating/work/build/timda_body_description
[1.736s] Level 1:colcon.colcon_core.environment:checking '/home/eating/work/install/timda_body_description' for CMake config files
[1.736s] Level 1:colcon.colcon_core.shell:create_environment_hook('timda_body_description', 'cmake_prefix_path')
[1.737s] INFO:colcon.colcon_core.shell:Creating environment hook '/home/eating/work/install/timda_body_description/share/timda_body_description/hook/cmake_prefix_path.ps1'
[1.737s] INFO:colcon.colcon_core.shell:Creating environment descriptor '/home/eating/work/install/timda_body_description/share/timda_body_description/hook/cmake_prefix_path.dsv'
[1.738s] INFO:colcon.colcon_core.shell:Creating environment hook '/home/eating/work/install/timda_body_description/share/timda_body_description/hook/cmake_prefix_path.sh'
[1.739s] Level 1:colcon.colcon_core.environment:checking '/home/eating/work/install/timda_body_description/bin'
[1.739s] Level 1:colcon.colcon_core.environment:checking '/home/eating/work/install/timda_body_description/lib/pkgconfig/timda_body_description.pc'
[1.739s] Level 1:colcon.colcon_core.environment:checking '/home/eating/work/install/timda_body_description/lib/python3.10/site-packages'
[1.739s] Level 1:colcon.colcon_core.environment:checking '/home/eating/work/install/timda_body_description/bin'
[1.740s] INFO:colcon.colcon_core.shell:Creating package script '/home/eating/work/install/timda_body_description/share/timda_body_description/package.ps1'
[1.740s] INFO:colcon.colcon_core.shell:Creating package descriptor '/home/eating/work/install/timda_body_description/share/timda_body_description/package.dsv'
[1.741s] INFO:colcon.colcon_core.shell:Creating package script '/home/eating/work/install/timda_body_description/share/timda_body_description/package.sh'
[1.741s] INFO:colcon.colcon_core.shell:Creating package script '/home/eating/work/install/timda_body_description/share/timda_body_description/package.bash'
[1.742s] INFO:colcon.colcon_core.shell:Creating package script '/home/eating/work/install/timda_body_description/share/timda_body_description/package.zsh'
[1.742s] Level 1:colcon.colcon_core.environment:create_file_with_runtime_dependencies(/home/eating/work/install/timda_body_description/share/colcon-core/packages/timda_body_description)
[1.743s] Level 1:colcon.colcon_core.environment:create_environment_scripts_only(timda_body_description)
[1.743s] Level 1:colcon.colcon_core.environment:checking '/home/eating/work/install/timda_body_description' for CMake module files
[1.744s] Level 1:colcon.colcon_core.environment:checking '/home/eating/work/install/timda_body_description' for CMake config files
[1.744s] Level 1:colcon.colcon_core.shell:create_environment_hook('timda_body_description', 'cmake_prefix_path')
[1.745s] INFO:colcon.colcon_core.shell:Creating environment hook '/home/eating/work/install/timda_body_description/share/timda_body_description/hook/cmake_prefix_path.ps1'
[1.745s] INFO:colcon.colcon_core.shell:Creating environment descriptor '/home/eating/work/install/timda_body_description/share/timda_body_description/hook/cmake_prefix_path.dsv'
[1.746s] INFO:colcon.colcon_core.shell:Creating environment hook '/home/eating/work/install/timda_body_description/share/timda_body_description/hook/cmake_prefix_path.sh'
[1.747s] Level 1:colcon.colcon_core.environment:checking '/home/eating/work/install/timda_body_description/bin'
[1.747s] Level 1:colcon.colcon_core.environment:checking '/home/eating/work/install/timda_body_description/lib/pkgconfig/timda_body_description.pc'
[1.747s] Level 1:colcon.colcon_core.environment:checking '/home/eating/work/install/timda_body_description/lib/python3.10/site-packages'
[1.747s] Level 1:colcon.colcon_core.environment:checking '/home/eating/work/install/timda_body_description/bin'
[1.748s] INFO:colcon.colcon_core.shell:Creating package script '/home/eating/work/install/timda_body_description/share/timda_body_description/package.ps1'
[1.749s] INFO:colcon.colcon_core.shell:Creating package descriptor '/home/eating/work/install/timda_body_description/share/timda_body_description/package.dsv'
[1.749s] INFO:colcon.colcon_core.shell:Creating package script '/home/eating/work/install/timda_body_description/share/timda_body_description/package.sh'
[1.750s] INFO:colcon.colcon_core.shell:Creating package script '/home/eating/work/install/timda_body_description/share/timda_body_description/package.bash'
[1.750s] INFO:colcon.colcon_core.shell:Creating package script '/home/eating/work/install/timda_body_description/share/timda_body_description/package.zsh'
[1.751s] Level 1:colcon.colcon_core.environment:create_file_with_runtime_dependencies(/home/eating/work/install/timda_body_description/share/colcon-core/packages/timda_body_description)
[1.753s] INFO:colcon.colcon_ros.task.ament_python.build:Building ROS package in '/home/eating/work/src/main_control/main_control' with build type 'ament_python'
[1.753s] Level 1:colcon.colcon_core.shell:create_environment_hook('main_control', 'ament_prefix_path')
[1.754s] INFO:colcon.colcon_core.shell:Creating environment hook '/home/eating/work/install/main_control/share/main_control/hook/ament_prefix_path.ps1'
[1.755s] INFO:colcon.colcon_core.shell:Creating environment descriptor '/home/eating/work/install/main_control/share/main_control/hook/ament_prefix_path.dsv'
[1.756s] INFO:colcon.colcon_core.shell:Creating environment hook '/home/eating/work/install/main_control/share/main_control/hook/ament_prefix_path.sh'
[1.757s] INFO:colcon.colcon_core.shell:Skip shell extension 'powershell' for command environment: Not usable outside of PowerShell
[1.757s] DEBUG:colcon.colcon_core.shell:Skip shell extension 'dsv' for command environment
[1.767s] DEBUG:colcon.colcon_core.event_handler.log_command:Invoked command in '/home/eating/work/build/pallet_interfaces' returned '0': CMAKE_PREFIX_PATH=${CMAKE_PREFIX_PATH}:/home/eating/work/install/pallet_main:/home/eating/work/install/main_control:/home/eating/work/install/gui:/home/eating/work/install/docking_pkg:/opt/ros/humble /usr/bin/cmake --build /home/eating/work/build/pallet_interfaces -- -j8 -l8
[1.768s] DEBUG:colcon.colcon_core.event_handler.log_command:Invoking command in '/home/eating/work/build/pallet_interfaces': CMAKE_PREFIX_PATH=${CMAKE_PREFIX_PATH}:/home/eating/work/install/pallet_main:/home/eating/work/install/main_control:/home/eating/work/install/gui:/home/eating/work/install/docking_pkg:/opt/ros/humble /usr/bin/cmake --install /home/eating/work/build/pallet_interfaces
[1.769s] DEBUG:colcon.colcon_core.event_handler.log_command:Invoked command in '/home/eating/work/build/timda_description' returned '0': CMAKE_PREFIX_PATH=${CMAKE_PREFIX_PATH}:/home/eating/work/install/pallet_main:/home/eating/work/install/main_control:/home/eating/work/install/gui:/home/eating/work/install/docking_pkg:/opt/ros/humble /usr/bin/cmake --build /home/eating/work/build/timda_description -- -j8 -l8
[1.770s] Level 1:colcon.colcon_core.environment:create_environment_scripts_only(timda_bringup)
[1.770s] DEBUG:colcon.colcon_core.event_handler.log_command:Invoking command in '/home/eating/work/build/timda_description': CMAKE_PREFIX_PATH=${CMAKE_PREFIX_PATH}:/home/eating/work/install/pallet_main:/home/eating/work/install/main_control:/home/eating/work/install/gui:/home/eating/work/install/docking_pkg:/opt/ros/humble /usr/bin/cmake --install /home/eating/work/build/timda_description
[1.771s] Level 1:colcon.colcon_core.environment:checking '/home/eating/work/install/timda_bringup' for CMake module files
[1.771s] DEBUG:colcon.colcon_core.event_handler.log_command:Invoked command in '/home/eating/work/build/timda_bringup' returned '0': CMAKE_PREFIX_PATH=${CMAKE_PREFIX_PATH}:/home/eating/work/install/pallet_main:/home/eating/work/install/main_control:/home/eating/work/install/gui:/home/eating/work/install/docking_pkg:/opt/ros/humble /usr/bin/cmake --install /home/eating/work/build/timda_bringup
[1.772s] Level 1:colcon.colcon_core.environment:checking '/home/eating/work/install/timda_bringup' for CMake config files
[1.772s] Level 1:colcon.colcon_core.shell:create_environment_hook('timda_bringup', 'cmake_prefix_path')
[1.772s] INFO:colcon.colcon_core.shell:Creating environment hook '/home/eating/work/install/timda_bringup/share/timda_bringup/hook/cmake_prefix_path.ps1'
[1.773s] INFO:colcon.colcon_core.shell:Creating environment descriptor '/home/eating/work/install/timda_bringup/share/timda_bringup/hook/cmake_prefix_path.dsv'
[1.773s] INFO:colcon.colcon_core.shell:Creating environment hook '/home/eating/work/install/timda_bringup/share/timda_bringup/hook/cmake_prefix_path.sh'
[1.774s] Level 1:colcon.colcon_core.environment:checking '/home/eating/work/install/timda_bringup/bin'
[1.774s] Level 1:colcon.colcon_core.environment:checking '/home/eating/work/install/timda_bringup/lib/pkgconfig/timda_bringup.pc'
[1.775s] Level 1:colcon.colcon_core.environment:checking '/home/eating/work/install/timda_bringup/lib/python3.10/site-packages'
[1.775s] Level 1:colcon.colcon_core.environment:checking '/home/eating/work/install/timda_bringup/bin'
[1.775s] INFO:colcon.colcon_core.shell:Creating package script '/home/eating/work/install/timda_bringup/share/timda_bringup/package.ps1'
[1.776s] INFO:colcon.colcon_core.shell:Creating package descriptor '/home/eating/work/install/timda_bringup/share/timda_bringup/package.dsv'
[1.777s] INFO:colcon.colcon_core.shell:Creating package script '/home/eating/work/install/timda_bringup/share/timda_bringup/package.sh'
[1.777s] INFO:colcon.colcon_core.shell:Creating package script '/home/eating/work/install/timda_bringup/share/timda_bringup/package.bash'
[1.778s] INFO:colcon.colcon_core.shell:Creating package script '/home/eating/work/install/timda_bringup/share/timda_bringup/package.zsh'
[1.778s] Level 1:colcon.colcon_core.environment:create_file_with_runtime_dependencies(/home/eating/work/install/timda_bringup/share/colcon-core/packages/timda_bringup)
[1.779s] Level 1:colcon.colcon_core.environment:create_environment_scripts_only(timda_bringup)
[1.780s] Level 1:colcon.colcon_core.environment:checking '/home/eating/work/install/timda_bringup' for CMake module files
[1.780s] Level 1:colcon.colcon_core.environment:checking '/home/eating/work/install/timda_bringup' for CMake config files
[1.781s] Level 1:colcon.colcon_core.shell:create_environment_hook('timda_bringup', 'cmake_prefix_path')
[1.781s] INFO:colcon.colcon_core.shell:Creating environment hook '/home/eating/work/install/timda_bringup/share/timda_bringup/hook/cmake_prefix_path.ps1'
[1.782s] INFO:colcon.colcon_core.shell:Creating environment descriptor '/home/eating/work/install/timda_bringup/share/timda_bringup/hook/cmake_prefix_path.dsv'
[1.782s] INFO:colcon.colcon_core.shell:Creating environment hook '/home/eating/work/install/timda_bringup/share/timda_bringup/hook/cmake_prefix_path.sh'
[1.783s] Level 1:colcon.colcon_core.environment:checking '/home/eating/work/install/timda_bringup/bin'
[1.783s] Level 1:colcon.colcon_core.environment:checking '/home/eating/work/install/timda_bringup/lib/pkgconfig/timda_bringup.pc'
[1.783s] Level 1:colcon.colcon_core.environment:checking '/home/eating/work/install/timda_bringup/lib/python3.10/site-packages'
[1.784s] Level 1:colcon.colcon_core.environment:checking '/home/eating/work/install/timda_bringup/bin'
[1.784s] INFO:colcon.colcon_core.shell:Creating package script '/home/eating/work/install/timda_bringup/share/timda_bringup/package.ps1'
[1.785s] INFO:colcon.colcon_core.shell:Creating package descriptor '/home/eating/work/install/timda_bringup/share/timda_bringup/package.dsv'
[1.786s] INFO:colcon.colcon_core.shell:Creating package script '/home/eating/work/install/timda_bringup/share/timda_bringup/package.sh'
[1.786s] INFO:colcon.colcon_core.shell:Creating package script '/home/eating/work/install/timda_bringup/share/timda_bringup/package.bash'
[1.786s] INFO:colcon.colcon_core.shell:Creating package script '/home/eating/work/install/timda_bringup/share/timda_bringup/package.zsh'
[1.787s] Level 1:colcon.colcon_core.environment:create_file_with_runtime_dependencies(/home/eating/work/install/timda_bringup/share/colcon-core/packages/timda_bringup)
[1.788s] INFO:colcon.colcon_ros.task.ament_cmake.build:Building ROS package in '/home/eating/work/src/docking/realsense-ros/realsense2_camera' with build type 'ament_cmake'
[1.788s] INFO:colcon.colcon_cmake.task.cmake.build:Building CMake package in '/home/eating/work/src/docking/realsense-ros/realsense2_camera'
[1.788s] INFO:colcon.colcon_core.shell:Skip shell extension 'powershell' for command environment: Not usable outside of PowerShell
[1.788s] DEBUG:colcon.colcon_core.shell:Skip shell extension 'dsv' for command environment
[1.820s] DEBUG:colcon.colcon_core.event_handler.log_command:Invoking command in '/home/eating/work/build/timda_gazebo': CMAKE_PREFIX_PATH=${CMAKE_PREFIX_PATH}:/home/eating/work/install/pallet_main:/home/eating/work/install/main_control:/home/eating/work/install/gui:/home/eating/work/install/docking_pkg:/opt/ros/humble /usr/bin/cmake --build /home/eating/work/build/timda_gazebo -- -j8 -l8
[2.105s] INFO:colcon.colcon_core.task.python.build:Building Python package in '/home/eating/work/src/gui/gui'
[2.105s] INFO:colcon.colcon_core.shell:Skip shell extension 'powershell' for command environment: Not usable outside of PowerShell
[2.106s] DEBUG:colcon.colcon_core.shell:Skip shell extension 'dsv' for command environment
[2.370s] INFO:colcon.colcon_core.task.python.build:Building Python package in '/home/eating/work/src/main_control/main_control'
[2.370s] INFO:colcon.colcon_core.shell:Skip shell extension 'powershell' for command environment: Not usable outside of PowerShell
[2.370s] DEBUG:colcon.colcon_core.shell:Skip shell extension 'dsv' for command environment
[2.375s] Level 1:colcon.colcon_core.environment:create_environment_scripts_only(timda_description)
[2.375s] Level 1:colcon.colcon_core.environment:checking '/home/eating/work/install/timda_description' for CMake module files
[2.376s] DEBUG:colcon.colcon_core.event_handler.log_command:Invoked command in '/home/eating/work/build/timda_description' returned '0': CMAKE_PREFIX_PATH=${CMAKE_PREFIX_PATH}:/home/eating/work/install/pallet_main:/home/eating/work/install/main_control:/home/eating/work/install/gui:/home/eating/work/install/docking_pkg:/opt/ros/humble /usr/bin/cmake --install /home/eating/work/build/timda_description
[2.376s] Level 1:colcon.colcon_core.environment:checking '/home/eating/work/install/timda_description' for CMake config files
[2.376s] Level 1:colcon.colcon_core.shell:create_environment_hook('timda_description', 'cmake_prefix_path')
[2.377s] INFO:colcon.colcon_core.shell:Creating environment hook '/home/eating/work/install/timda_description/share/timda_description/hook/cmake_prefix_path.ps1'
[2.377s] INFO:colcon.colcon_core.shell:Creating environment descriptor '/home/eating/work/install/timda_description/share/timda_description/hook/cmake_prefix_path.dsv'
[2.377s] INFO:colcon.colcon_core.shell:Creating environment hook '/home/eating/work/install/timda_description/share/timda_description/hook/cmake_prefix_path.sh'
[2.378s] Level 1:colcon.colcon_core.environment:checking '/home/eating/work/install/timda_description/bin'
[2.378s] Level 1:colcon.colcon_core.environment:checking '/home/eating/work/install/timda_description/lib/pkgconfig/timda_description.pc'
[2.378s] Level 1:colcon.colcon_core.environment:checking '/home/eating/work/install/timda_description/lib/python3.10/site-packages'
[2.379s] Level 1:colcon.colcon_core.environment:checking '/home/eating/work/install/timda_description/bin'
[2.379s] INFO:colcon.colcon_core.shell:Creating package script '/home/eating/work/install/timda_description/share/timda_description/package.ps1'
[2.379s] INFO:colcon.colcon_core.shell:Creating package descriptor '/home/eating/work/install/timda_description/share/timda_description/package.dsv'
[2.380s] INFO:colcon.colcon_core.shell:Creating package script '/home/eating/work/install/timda_description/share/timda_description/package.sh'
[2.380s] INFO:colcon.colcon_core.shell:Creating package script '/home/eating/work/install/timda_description/share/timda_description/package.bash'
[2.381s] INFO:colcon.colcon_core.shell:Creating package script '/home/eating/work/install/timda_description/share/timda_description/package.zsh'
[2.381s] Level 1:colcon.colcon_core.environment:create_file_with_runtime_dependencies(/home/eating/work/install/timda_description/share/colcon-core/packages/timda_description)
[2.382s] Level 1:colcon.colcon_core.environment:create_environment_scripts_only(timda_description)
[2.382s] Level 1:colcon.colcon_core.environment:checking '/home/eating/work/install/timda_description' for CMake module files
[2.383s] Level 1:colcon.colcon_core.environment:checking '/home/eating/work/install/timda_description' for CMake config files
[2.383s] Level 1:colcon.colcon_core.shell:create_environment_hook('timda_description', 'cmake_prefix_path')
[2.383s] INFO:colcon.colcon_core.shell:Creating environment hook '/home/eating/work/install/timda_description/share/timda_description/hook/cmake_prefix_path.ps1'
[2.384s] INFO:colcon.colcon_core.shell:Creating environment descriptor '/home/eating/work/install/timda_description/share/timda_description/hook/cmake_prefix_path.dsv'
[2.384s] INFO:colcon.colcon_core.shell:Creating environment hook '/home/eating/work/install/timda_description/share/timda_description/hook/cmake_prefix_path.sh'
[2.385s] Level 1:colcon.colcon_core.environment:checking '/home/eating/work/install/timda_description/bin'
[2.385s] Level 1:colcon.colcon_core.environment:checking '/home/eating/work/install/timda_description/lib/pkgconfig/timda_description.pc'
[2.385s] Level 1:colcon.colcon_core.environment:checking '/home/eating/work/install/timda_description/lib/python3.10/site-packages'
[2.385s] Level 1:colcon.colcon_core.environment:checking '/home/eating/work/install/timda_description/bin'
[2.385s] INFO:colcon.colcon_core.shell:Creating package script '/home/eating/work/install/timda_description/share/timda_description/package.ps1'
[2.386s] INFO:colcon.colcon_core.shell:Creating package descriptor '/home/eating/work/install/timda_description/share/timda_description/package.dsv'
[2.386s] INFO:colcon.colcon_core.shell:Creating package script '/home/eating/work/install/timda_description/share/timda_description/package.sh'
[2.386s] INFO:colcon.colcon_core.shell:Creating package script '/home/eating/work/install/timda_description/share/timda_description/package.bash'
[2.387s] INFO:colcon.colcon_core.shell:Creating package script '/home/eating/work/install/timda_description/share/timda_description/package.zsh'
[2.387s] Level 1:colcon.colcon_core.environment:create_file_with_runtime_dependencies(/home/eating/work/install/timda_description/share/colcon-core/packages/timda_description)
[2.389s] INFO:colcon.colcon_ros.task.ament_cmake.build:Building ROS package in '/home/eating/work/src/docking/realsense-ros/realsense2_description' with build type 'ament_cmake'
[2.389s] INFO:colcon.colcon_cmake.task.cmake.build:Building CMake package in '/home/eating/work/src/docking/realsense-ros/realsense2_description'
[2.389s] INFO:colcon.colcon_core.shell:Skip shell extension 'powershell' for command environment: Not usable outside of PowerShell
[2.389s] DEBUG:colcon.colcon_core.shell:Skip shell extension 'dsv' for command environment
[2.393s] Level 1:colcon.colcon_core.environment:create_environment_scripts_only(pallet_interfaces)
[2.394s] Level 1:colcon.colcon_core.environment:checking '/home/eating/work/install/pallet_interfaces' for CMake module files
[2.394s] DEBUG:colcon.colcon_core.event_handler.log_command:Invoked command in '/home/eating/work/build/pallet_interfaces' returned '0': CMAKE_PREFIX_PATH=${CMAKE_PREFIX_PATH}:/home/eating/work/install/pallet_main:/home/eating/work/install/main_control:/home/eating/work/install/gui:/home/eating/work/install/docking_pkg:/opt/ros/humble /usr/bin/cmake --install /home/eating/work/build/pallet_interfaces
[2.395s] Level 1:colcon.colcon_core.environment:checking '/home/eating/work/install/pallet_interfaces' for CMake config files
[2.395s] Level 1:colcon.colcon_core.shell:create_environment_hook('pallet_interfaces', 'cmake_prefix_path')
[2.395s] INFO:colcon.colcon_core.shell:Creating environment hook '/home/eating/work/install/pallet_interfaces/share/pallet_interfaces/hook/cmake_prefix_path.ps1'
[2.396s] INFO:colcon.colcon_core.shell:Creating environment descriptor '/home/eating/work/install/pallet_interfaces/share/pallet_interfaces/hook/cmake_prefix_path.dsv'
[2.396s] INFO:colcon.colcon_core.shell:Creating environment hook '/home/eating/work/install/pallet_interfaces/share/pallet_interfaces/hook/cmake_prefix_path.sh'
[2.397s] Level 1:colcon.colcon_core.environment:checking '/home/eating/work/install/pallet_interfaces/lib'
[2.397s] Level 1:colcon.colcon_core.shell:create_environment_hook('pallet_interfaces', 'ld_library_path_lib')
[2.397s] INFO:colcon.colcon_core.shell:Creating environment hook '/home/eating/work/install/pallet_interfaces/share/pallet_interfaces/hook/ld_library_path_lib.ps1'
[2.397s] INFO:colcon.colcon_core.shell:Creating environment descriptor '/home/eating/work/install/pallet_interfaces/share/pallet_interfaces/hook/ld_library_path_lib.dsv'
[2.398s] INFO:colcon.colcon_core.shell:Creating environment hook '/home/eating/work/install/pallet_interfaces/share/pallet_interfaces/hook/ld_library_path_lib.sh'
[2.398s] Level 1:colcon.colcon_core.environment:checking '/home/eating/work/install/pallet_interfaces/bin'
[2.398s] Level 1:colcon.colcon_core.environment:checking '/home/eating/work/install/pallet_interfaces/lib/pkgconfig/pallet_interfaces.pc'
[2.398s] Level 1:colcon.colcon_core.environment:checking '/home/eating/work/install/pallet_interfaces/lib/python3.10/site-packages'
[2.398s] Level 1:colcon.colcon_core.environment:checking '/home/eating/work/install/pallet_interfaces/bin'
[2.399s] INFO:colcon.colcon_core.shell:Creating package script '/home/eating/work/install/pallet_interfaces/share/pallet_interfaces/package.ps1'
[2.399s] INFO:colcon.colcon_core.shell:Creating package descriptor '/home/eating/work/install/pallet_interfaces/share/pallet_interfaces/package.dsv'
[2.399s] INFO:colcon.colcon_core.shell:Creating package script '/home/eating/work/install/pallet_interfaces/share/pallet_interfaces/package.sh'
[2.400s] INFO:colcon.colcon_core.shell:Creating package script '/home/eating/work/install/pallet_interfaces/share/pallet_interfaces/package.bash'
[2.400s] INFO:colcon.colcon_core.shell:Creating package script '/home/eating/work/install/pallet_interfaces/share/pallet_interfaces/package.zsh'
[2.401s] Level 1:colcon.colcon_core.environment:create_file_with_runtime_dependencies(/home/eating/work/install/pallet_interfaces/share/colcon-core/packages/pallet_interfaces)
[2.401s] Level 1:colcon.colcon_core.environment:create_environment_scripts_only(pallet_interfaces)
[2.401s] Level 1:colcon.colcon_core.environment:checking '/home/eating/work/install/pallet_interfaces' for CMake module files
[2.402s] Level 1:colcon.colcon_core.environment:checking '/home/eating/work/install/pallet_interfaces' for CMake config files
[2.402s] Level 1:colcon.colcon_core.shell:create_environment_hook('pallet_interfaces', 'cmake_prefix_path')
[2.402s] INFO:colcon.colcon_core.shell:Creating environment hook '/home/eating/work/install/pallet_interfaces/share/pallet_interfaces/hook/cmake_prefix_path.ps1'
[2.403s] INFO:colcon.colcon_core.shell:Creating environment descriptor '/home/eating/work/install/pallet_interfaces/share/pallet_interfaces/hook/cmake_prefix_path.dsv'
[2.403s] INFO:colcon.colcon_core.shell:Creating environment hook '/home/eating/work/install/pallet_interfaces/share/pallet_interfaces/hook/cmake_prefix_path.sh'
[2.404s] Level 1:colcon.colcon_core.environment:checking '/home/eating/work/install/pallet_interfaces/lib'
[2.404s] Level 1:colcon.colcon_core.shell:create_environment_hook('pallet_interfaces', 'ld_library_path_lib')
[2.404s] INFO:colcon.colcon_core.shell:Creating environment hook '/home/eating/work/install/pallet_interfaces/share/pallet_interfaces/hook/ld_library_path_lib.ps1'
[2.404s] INFO:colcon.colcon_core.shell:Creating environment descriptor '/home/eating/work/install/pallet_interfaces/share/pallet_interfaces/hook/ld_library_path_lib.dsv'
[2.404s] INFO:colcon.colcon_core.shell:Creating environment hook '/home/eating/work/install/pallet_interfaces/share/pallet_interfaces/hook/ld_library_path_lib.sh'
[2.405s] Level 1:colcon.colcon_core.environment:checking '/home/eating/work/install/pallet_interfaces/bin'
[2.405s] Level 1:colcon.colcon_core.environment:checking '/home/eating/work/install/pallet_interfaces/lib/pkgconfig/pallet_interfaces.pc'
[2.405s] Level 1:colcon.colcon_core.environment:checking '/home/eating/work/install/pallet_interfaces/lib/python3.10/site-packages'
[2.405s] Level 1:colcon.colcon_core.environment:checking '/home/eating/work/install/pallet_interfaces/bin'
[2.405s] INFO:colcon.colcon_core.shell:Creating package script '/home/eating/work/install/pallet_interfaces/share/pallet_interfaces/package.ps1'
[2.406s] INFO:colcon.colcon_core.shell:Creating package descriptor '/home/eating/work/install/pallet_interfaces/share/pallet_interfaces/package.dsv'
[2.406s] INFO:colcon.colcon_core.shell:Creating package script '/home/eating/work/install/pallet_interfaces/share/pallet_interfaces/package.sh'
[2.407s] INFO:colcon.colcon_core.shell:Creating package script '/home/eating/work/install/pallet_interfaces/share/pallet_interfaces/package.bash'
[2.407s] INFO:colcon.colcon_core.shell:Creating package script '/home/eating/work/install/pallet_interfaces/share/pallet_interfaces/package.zsh'
[2.407s] Level 1:colcon.colcon_core.environment:create_file_with_runtime_dependencies(/home/eating/work/install/pallet_interfaces/share/colcon-core/packages/pallet_interfaces)
[2.411s] DEBUG:colcon.colcon_core.event_handler.log_command:Invoking command in '/home/eating/work/build/realsense2_camera': CMAKE_PREFIX_PATH=/home/eating/work/install/realsense2_camera_msgs:/home/eating/work/install/timda_gazebo:/home/eating/work/install/timda_description:/home/eating/work/install/timda_bringup:/home/eating/work/install/timda_body_description:/home/eating/work/install/suction_description:/home/eating/work/install/robot_arm_description:/home/eating/work/install/realsense2_description:/home/eating/work/install/realsense2_camera:/home/eating/work/install/pallet_interfaces:/home/eating/work/install/mobile_description:/home/eating/work/install/mecanum:/home/eating/work/install/linear_move:/home/eating/work/install/keyboard_control:/home/eating/work/install/ira_laser_tools:/home/eating/work/install/interface:/home/eating/work/install/gui_interface:/home/eating/work/install/pallet_main:/home/eating/work/install/main_control:/home/eating/work/install/gui:/home/eating/work/install/docking_pkg:/opt/ros/humble LD_LIBRARY_PATH=/home/eating/work/install/realsense2_camera_msgs/lib:/home/eating/work/install/realsense2_camera/lib:/home/eating/work/install/pallet_interfaces/lib:/home/eating/work/install/interface/lib:/home/eating/work/install/gui_interface/lib:/opt/ros/humble/opt/rviz_ogre_vendor/lib:/opt/ros/humble/lib/x86_64-linux-gnu:/opt/ros/humble/lib /usr/bin/cmake --build /home/eating/work/build/realsense2_camera -- -j8 -l8
[2.413s] Level 1:colcon.colcon_core.environment:checking '/home/eating/work/install/docking_pkg' for CMake module files
[2.413s] DEBUG:colcon.colcon_core.event_handler.log_command:Invoking command in '/home/eating/work/src/pallet/pallet_main': PYTHONPATH=/home/eating/work/build/pallet_main/prefix_override:/usr/lib/python3/dist-packages/colcon_core/task/python/colcon_distutils_commands:/home/eating/work/install/pallet_main/lib/python3.10/site-packages:${PYTHONPATH} /usr/bin/python3 -W ignore:setup.py install is deprecated -W ignore:easy_install command is deprecated setup.py egg_info --egg-base ../../../build/pallet_main build --build-base /home/eating/work/build/pallet_main/build install --record /home/eating/work/build/pallet_main/install.log --single-version-externally-managed install_data
[2.414s] DEBUG:colcon.colcon_core.event_handler.log_command:Invoked command in '/home/eating/work/build/timda_gazebo' returned '0': CMAKE_PREFIX_PATH=${CMAKE_PREFIX_PATH}:/home/eating/work/install/pallet_main:/home/eating/work/install/main_control:/home/eating/work/install/gui:/home/eating/work/install/docking_pkg:/opt/ros/humble /usr/bin/cmake --build /home/eating/work/build/timda_gazebo -- -j8 -l8
[2.414s] DEBUG:colcon.colcon_core.event_handler.log_command:Invoking command in '/home/eating/work/build/timda_gazebo': CMAKE_PREFIX_PATH=${CMAKE_PREFIX_PATH}:/home/eating/work/install/pallet_main:/home/eating/work/install/main_control:/home/eating/work/install/gui:/home/eating/work/install/docking_pkg:/opt/ros/humble /usr/bin/cmake --install /home/eating/work/build/timda_gazebo
[2.414s] Level 1:colcon.colcon_core.environment:checking '/home/eating/work/install/docking_pkg' for CMake config files
[2.415s] DEBUG:colcon.colcon_core.event_handler.log_command:Invoked command in '/home/eating/work/src/docking/docking_pkg' returned '0': PYTHONPATH=/home/eating/work/build/docking_pkg/prefix_override:/usr/lib/python3/dist-packages/colcon_core/task/python/colcon_distutils_commands:/home/eating/work/install/docking_pkg/lib/python3.10/site-packages:${PYTHONPATH} /usr/bin/python3 -W ignore:setup.py install is deprecated -W ignore:easy_install command is deprecated setup.py egg_info --egg-base ../../../build/docking_pkg build --build-base /home/eating/work/build/docking_pkg/build install --record /home/eating/work/build/docking_pkg/install.log --single-version-externally-managed install_data
[2.415s] Level 1:colcon.colcon_core.environment:checking '/home/eating/work/install/docking_pkg/lib'
[2.415s] Level 1:colcon.colcon_core.environment:checking '/home/eating/work/install/docking_pkg/bin'
[2.415s] Level 1:colcon.colcon_core.environment:checking '/home/eating/work/install/docking_pkg/lib/pkgconfig/docking_pkg.pc'
[2.416s] Level 1:colcon.colcon_core.environment:checking '/home/eating/work/install/docking_pkg/lib/python3.10/site-packages'
[2.416s] Level 1:colcon.colcon_core.shell:create_environment_hook('docking_pkg', 'pythonpath')
[2.416s] INFO:colcon.colcon_core.shell:Creating environment hook '/home/eating/work/install/docking_pkg/share/docking_pkg/hook/pythonpath.ps1'
[2.417s] INFO:colcon.colcon_core.shell:Creating environment descriptor '/home/eating/work/install/docking_pkg/share/docking_pkg/hook/pythonpath.dsv'
[2.417s] INFO:colcon.colcon_core.shell:Creating environment hook '/home/eating/work/install/docking_pkg/share/docking_pkg/hook/pythonpath.sh'
[2.417s] Level 1:colcon.colcon_core.environment:checking '/home/eating/work/install/docking_pkg/bin'
[2.418s] Level 1:colcon.colcon_core.environment:create_environment_scripts_only(docking_pkg)
[2.418s] INFO:colcon.colcon_core.shell:Creating package script '/home/eating/work/install/docking_pkg/share/docking_pkg/package.ps1'
[2.418s] INFO:colcon.colcon_core.shell:Creating package descriptor '/home/eating/work/install/docking_pkg/share/docking_pkg/package.dsv'
[2.419s] INFO:colcon.colcon_core.shell:Creating package script '/home/eating/work/install/docking_pkg/share/docking_pkg/package.sh'
[2.419s] INFO:colcon.colcon_core.shell:Creating package script '/home/eating/work/install/docking_pkg/share/docking_pkg/package.bash'
[2.420s] INFO:colcon.colcon_core.shell:Creating package script '/home/eating/work/install/docking_pkg/share/docking_pkg/package.zsh'
[2.420s] Level 1:colcon.colcon_core.environment:create_file_with_runtime_dependencies(/home/eating/work/install/docking_pkg/share/colcon-core/packages/docking_pkg)
[2.432s] Level 1:colcon.colcon_core.environment:create_environment_scripts_only(timda_gazebo)
[2.433s] Level 1:colcon.colcon_core.environment:checking '/home/eating/work/install/timda_gazebo' for CMake module files
[2.434s] DEBUG:colcon.colcon_core.event_handler.log_command:Invoking command in '/home/eating/work/build/realsense2_description': CMAKE_PREFIX_PATH=/home/eating/work/install/realsense2_camera_msgs:/home/eating/work/install/timda_gazebo:/home/eating/work/install/timda_description:/home/eating/work/install/timda_bringup:/home/eating/work/install/timda_body_description:/home/eating/work/install/suction_description:/home/eating/work/install/robot_arm_description:/home/eating/work/install/realsense2_description:/home/eating/work/install/realsense2_camera:/home/eating/work/install/pallet_interfaces:/home/eating/work/install/mobile_description:/home/eating/work/install/mecanum:/home/eating/work/install/linear_move:/home/eating/work/install/keyboard_control:/home/eating/work/install/ira_laser_tools:/home/eating/work/install/interface:/home/eating/work/install/gui_interface:/home/eating/work/install/pallet_main:/home/eating/work/install/main_control:/home/eating/work/install/gui:/home/eating/work/install/docking_pkg:/opt/ros/humble LD_LIBRARY_PATH=/home/eating/work/install/realsense2_camera_msgs/lib:/home/eating/work/install/realsense2_camera/lib:/home/eating/work/install/pallet_interfaces/lib:/home/eating/work/install/interface/lib:/home/eating/work/install/gui_interface/lib:/opt/ros/humble/opt/rviz_ogre_vendor/lib:/opt/ros/humble/lib/x86_64-linux-gnu:/opt/ros/humble/lib /usr/bin/cmake --build /home/eating/work/build/realsense2_description -- -j8 -l8
[2.434s] DEBUG:colcon.colcon_core.event_handler.log_command:Invoked command in '/home/eating/work/build/timda_gazebo' returned '0': CMAKE_PREFIX_PATH=${CMAKE_PREFIX_PATH}:/home/eating/work/install/pallet_main:/home/eating/work/install/main_control:/home/eating/work/install/gui:/home/eating/work/install/docking_pkg:/opt/ros/humble /usr/bin/cmake --install /home/eating/work/build/timda_gazebo
[2.435s] Level 1:colcon.colcon_core.environment:checking '/home/eating/work/install/timda_gazebo' for CMake config files
[2.435s] Level 1:colcon.colcon_core.shell:create_environment_hook('timda_gazebo', 'cmake_prefix_path')
[2.436s] INFO:colcon.colcon_core.shell:Creating environment hook '/home/eating/work/install/timda_gazebo/share/timda_gazebo/hook/cmake_prefix_path.ps1'
[2.436s] INFO:colcon.colcon_core.shell:Creating environment descriptor '/home/eating/work/install/timda_gazebo/share/timda_gazebo/hook/cmake_prefix_path.dsv'
[2.437s] INFO:colcon.colcon_core.shell:Creating environment hook '/home/eating/work/install/timda_gazebo/share/timda_gazebo/hook/cmake_prefix_path.sh'
[2.438s] Level 1:colcon.colcon_core.environment:checking '/home/eating/work/install/timda_gazebo/bin'
[2.438s] Level 1:colcon.colcon_core.environment:checking '/home/eating/work/install/timda_gazebo/lib/pkgconfig/timda_gazebo.pc'
[2.438s] Level 1:colcon.colcon_core.environment:checking '/home/eating/work/install/timda_gazebo/lib/python3.10/site-packages'
[2.438s] Level 1:colcon.colcon_core.environment:checking '/home/eating/work/install/timda_gazebo/bin'
[2.440s] INFO:colcon.colcon_core.shell:Creating package script '/home/eating/work/install/timda_gazebo/share/timda_gazebo/package.ps1'
[2.440s] INFO:colcon.colcon_core.shell:Creating package descriptor '/home/eating/work/install/timda_gazebo/share/timda_gazebo/package.dsv'
[2.441s] INFO:colcon.colcon_core.shell:Creating package script '/home/eating/work/install/timda_gazebo/share/timda_gazebo/package.sh'
[2.442s] INFO:colcon.colcon_core.shell:Creating package script '/home/eating/work/install/timda_gazebo/share/timda_gazebo/package.bash'
[2.442s] INFO:colcon.colcon_core.shell:Creating package script '/home/eating/work/install/timda_gazebo/share/timda_gazebo/package.zsh'
[2.443s] Level 1:colcon.colcon_core.environment:create_file_with_runtime_dependencies(/home/eating/work/install/timda_gazebo/share/colcon-core/packages/timda_gazebo)
[2.444s] Level 1:colcon.colcon_core.environment:create_environment_scripts_only(timda_gazebo)
[2.444s] Level 1:colcon.colcon_core.environment:checking '/home/eating/work/install/timda_gazebo' for CMake module files
[2.445s] Level 1:colcon.colcon_core.environment:checking '/home/eating/work/install/timda_gazebo' for CMake config files
[2.445s] Level 1:colcon.colcon_core.shell:create_environment_hook('timda_gazebo', 'cmake_prefix_path')
[2.445s] INFO:colcon.colcon_core.shell:Creating environment hook '/home/eating/work/install/timda_gazebo/share/timda_gazebo/hook/cmake_prefix_path.ps1'
[2.446s] INFO:colcon.colcon_core.shell:Creating environment descriptor '/home/eating/work/install/timda_gazebo/share/timda_gazebo/hook/cmake_prefix_path.dsv'
[2.447s] INFO:colcon.colcon_core.shell:Creating environment hook '/home/eating/work/install/timda_gazebo/share/timda_gazebo/hook/cmake_prefix_path.sh'
[2.447s] Level 1:colcon.colcon_core.environment:checking '/home/eating/work/install/timda_gazebo/bin'
[2.448s] Level 1:colcon.colcon_core.environment:checking '/home/eating/work/install/timda_gazebo/lib/pkgconfig/timda_gazebo.pc'
[2.448s] Level 1:colcon.colcon_core.environment:checking '/home/eating/work/install/timda_gazebo/lib/python3.10/site-packages'
[2.448s] Level 1:colcon.colcon_core.environment:checking '/home/eating/work/install/timda_gazebo/bin'
[2.449s] INFO:colcon.colcon_core.shell:Creating package script '/home/eating/work/install/timda_gazebo/share/timda_gazebo/package.ps1'
[2.450s] INFO:colcon.colcon_core.shell:Creating package descriptor '/home/eating/work/install/timda_gazebo/share/timda_gazebo/package.dsv'
[2.451s] INFO:colcon.colcon_core.shell:Creating package script '/home/eating/work/install/timda_gazebo/share/timda_gazebo/package.sh'
[2.451s] INFO:colcon.colcon_core.shell:Creating package script '/home/eating/work/install/timda_gazebo/share/timda_gazebo/package.bash'
[2.452s] INFO:colcon.colcon_core.shell:Creating package script '/home/eating/work/install/timda_gazebo/share/timda_gazebo/package.zsh'
[2.453s] Level 1:colcon.colcon_core.environment:create_file_with_runtime_dependencies(/home/eating/work/install/timda_gazebo/share/colcon-core/packages/timda_gazebo)
[2.488s] DEBUG:colcon.colcon_core.event_handler.log_command:Invoked command in '/home/eating/work/build/realsense2_description' returned '0': CMAKE_PREFIX_PATH=/home/eating/work/install/realsense2_camera_msgs:/home/eating/work/install/timda_gazebo:/home/eating/work/install/timda_description:/home/eating/work/install/timda_bringup:/home/eating/work/install/timda_body_description:/home/eating/work/install/suction_description:/home/eating/work/install/robot_arm_description:/home/eating/work/install/realsense2_description:/home/eating/work/install/realsense2_camera:/home/eating/work/install/pallet_interfaces:/home/eating/work/install/mobile_description:/home/eating/work/install/mecanum:/home/eating/work/install/linear_move:/home/eating/work/install/keyboard_control:/home/eating/work/install/ira_laser_tools:/home/eating/work/install/interface:/home/eating/work/install/gui_interface:/home/eating/work/install/pallet_main:/home/eating/work/install/main_control:/home/eating/work/install/gui:/home/eating/work/install/docking_pkg:/opt/ros/humble LD_LIBRARY_PATH=/home/eating/work/install/realsense2_camera_msgs/lib:/home/eating/work/install/realsense2_camera/lib:/home/eating/work/install/pallet_interfaces/lib:/home/eating/work/install/interface/lib:/home/eating/work/install/gui_interface/lib:/opt/ros/humble/opt/rviz_ogre_vendor/lib:/opt/ros/humble/lib/x86_64-linux-gnu:/opt/ros/humble/lib /usr/bin/cmake --build /home/eating/work/build/realsense2_description -- -j8 -l8
[2.488s] DEBUG:colcon.colcon_core.event_handler.log_command:Invoking command in '/home/eating/work/build/realsense2_description': CMAKE_PREFIX_PATH=/home/eating/work/install/realsense2_camera_msgs:/home/eating/work/install/timda_gazebo:/home/eating/work/install/timda_description:/home/eating/work/install/timda_bringup:/home/eating/work/install/timda_body_description:/home/eating/work/install/suction_description:/home/eating/work/install/robot_arm_description:/home/eating/work/install/realsense2_description:/home/eating/work/install/realsense2_camera:/home/eating/work/install/pallet_interfaces:/home/eating/work/install/mobile_description:/home/eating/work/install/mecanum:/home/eating/work/install/linear_move:/home/eating/work/install/keyboard_control:/home/eating/work/install/ira_laser_tools:/home/eating/work/install/interface:/home/eating/work/install/gui_interface:/home/eating/work/install/pallet_main:/home/eating/work/install/main_control:/home/eating/work/install/gui:/home/eating/work/install/docking_pkg:/opt/ros/humble LD_LIBRARY_PATH=/home/eating/work/install/realsense2_camera_msgs/lib:/home/eating/work/install/realsense2_camera/lib:/home/eating/work/install/pallet_interfaces/lib:/home/eating/work/install/interface/lib:/home/eating/work/install/gui_interface/lib:/opt/ros/humble/opt/rviz_ogre_vendor/lib:/opt/ros/humble/lib/x86_64-linux-gnu:/opt/ros/humble/lib /usr/bin/cmake --install /home/eating/work/build/realsense2_description
[2.503s] Level 1:colcon.colcon_core.environment:create_environment_scripts_only(realsense2_description)
[2.503s] Level 1:colcon.colcon_core.environment:checking '/home/eating/work/install/realsense2_description' for CMake module files
[2.504s] Level 1:colcon.colcon_core.environment:checking '/home/eating/work/install/realsense2_description' for CMake config files
[2.505s] Level 1:colcon.colcon_core.shell:create_environment_hook('realsense2_description', 'cmake_prefix_path')
[2.505s] INFO:colcon.colcon_core.shell:Creating environment hook '/home/eating/work/install/realsense2_description/share/realsense2_description/hook/cmake_prefix_path.ps1'
[2.506s] DEBUG:colcon.colcon_core.event_handler.log_command:Invoked command in '/home/eating/work/build/realsense2_description' returned '0': CMAKE_PREFIX_PATH=/home/eating/work/install/realsense2_camera_msgs:/home/eating/work/install/timda_gazebo:/home/eating/work/install/timda_description:/home/eating/work/install/timda_bringup:/home/eating/work/install/timda_body_description:/home/eating/work/install/suction_description:/home/eating/work/install/robot_arm_description:/home/eating/work/install/realsense2_description:/home/eating/work/install/realsense2_camera:/home/eating/work/install/pallet_interfaces:/home/eating/work/install/mobile_description:/home/eating/work/install/mecanum:/home/eating/work/install/linear_move:/home/eating/work/install/keyboard_control:/home/eating/work/install/ira_laser_tools:/home/eating/work/install/interface:/home/eating/work/install/gui_interface:/home/eating/work/install/pallet_main:/home/eating/work/install/main_control:/home/eating/work/install/gui:/home/eating/work/install/docking_pkg:/opt/ros/humble LD_LIBRARY_PATH=/home/eating/work/install/realsense2_camera_msgs/lib:/home/eating/work/install/realsense2_camera/lib:/home/eating/work/install/pallet_interfaces/lib:/home/eating/work/install/interface/lib:/home/eating/work/install/gui_interface/lib:/opt/ros/humble/opt/rviz_ogre_vendor/lib:/opt/ros/humble/lib/x86_64-linux-gnu:/opt/ros/humble/lib /usr/bin/cmake --install /home/eating/work/build/realsense2_description
[2.506s] INFO:colcon.colcon_core.shell:Creating environment descriptor '/home/eating/work/install/realsense2_description/share/realsense2_description/hook/cmake_prefix_path.dsv'
[2.507s] INFO:colcon.colcon_core.shell:Creating environment hook '/home/eating/work/install/realsense2_description/share/realsense2_description/hook/cmake_prefix_path.sh'
[2.507s] Level 1:colcon.colcon_core.environment:checking '/home/eating/work/install/realsense2_description/bin'
[2.507s] Level 1:colcon.colcon_core.environment:checking '/home/eating/work/install/realsense2_description/lib/pkgconfig/realsense2_description.pc'
[2.508s] Level 1:colcon.colcon_core.environment:checking '/home/eating/work/install/realsense2_description/lib/python3.10/site-packages'
[2.508s] Level 1:colcon.colcon_core.environment:checking '/home/eating/work/install/realsense2_description/bin'
[2.509s] INFO:colcon.colcon_core.shell:Creating package script '/home/eating/work/install/realsense2_description/share/realsense2_description/package.ps1'
[2.510s] INFO:colcon.colcon_core.shell:Creating package descriptor '/home/eating/work/install/realsense2_description/share/realsense2_description/package.dsv'
[2.511s] INFO:colcon.colcon_core.shell:Creating package script '/home/eating/work/install/realsense2_description/share/realsense2_description/package.sh'
[2.511s] INFO:colcon.colcon_core.shell:Creating package script '/home/eating/work/install/realsense2_description/share/realsense2_description/package.bash'
[2.512s] INFO:colcon.colcon_core.shell:Creating package script '/home/eating/work/install/realsense2_description/share/realsense2_description/package.zsh'
[2.512s] Level 1:colcon.colcon_core.environment:create_file_with_runtime_dependencies(/home/eating/work/install/realsense2_description/share/colcon-core/packages/realsense2_description)
[2.513s] Level 1:colcon.colcon_core.environment:create_environment_scripts_only(realsense2_description)
[2.513s] Level 1:colcon.colcon_core.environment:checking '/home/eating/work/install/realsense2_description' for CMake module files
[2.514s] Level 1:colcon.colcon_core.environment:checking '/home/eating/work/install/realsense2_description' for CMake config files
[2.514s] Level 1:colcon.colcon_core.shell:create_environment_hook('realsense2_description', 'cmake_prefix_path')
[2.515s] INFO:colcon.colcon_core.shell:Creating environment hook '/home/eating/work/install/realsense2_description/share/realsense2_description/hook/cmake_prefix_path.ps1'
[2.515s] INFO:colcon.colcon_core.shell:Creating environment descriptor '/home/eating/work/install/realsense2_description/share/realsense2_description/hook/cmake_prefix_path.dsv'
[2.516s] INFO:colcon.colcon_core.shell:Creating environment hook '/home/eating/work/install/realsense2_description/share/realsense2_description/hook/cmake_prefix_path.sh'
[2.517s] Level 1:colcon.colcon_core.environment:checking '/home/eating/work/install/realsense2_description/bin'
[2.517s] Level 1:colcon.colcon_core.environment:checking '/home/eating/work/install/realsense2_description/lib/pkgconfig/realsense2_description.pc'
[2.517s] Level 1:colcon.colcon_core.environment:checking '/home/eating/work/install/realsense2_description/lib/python3.10/site-packages'
[2.517s] Level 1:colcon.colcon_core.environment:checking '/home/eating/work/install/realsense2_description/bin'
[2.518s] INFO:colcon.colcon_core.shell:Creating package script '/home/eating/work/install/realsense2_description/share/realsense2_description/package.ps1'
[2.519s] INFO:colcon.colcon_core.shell:Creating package descriptor '/home/eating/work/install/realsense2_description/share/realsense2_description/package.dsv'
[2.519s] INFO:colcon.colcon_core.shell:Creating package script '/home/eating/work/install/realsense2_description/share/realsense2_description/package.sh'
[2.520s] INFO:colcon.colcon_core.shell:Creating package script '/home/eating/work/install/realsense2_description/share/realsense2_description/package.bash'
[2.520s] INFO:colcon.colcon_core.shell:Creating package script '/home/eating/work/install/realsense2_description/share/realsense2_description/package.zsh'
[2.521s] Level 1:colcon.colcon_core.environment:create_file_with_runtime_dependencies(/home/eating/work/install/realsense2_description/share/colcon-core/packages/realsense2_description)
[2.523s] DEBUG:colcon.colcon_core.event_handler.log_command:Invoked command in '/home/eating/work/build/realsense2_camera' returned '0': CMAKE_PREFIX_PATH=/home/eating/work/install/realsense2_camera_msgs:/home/eating/work/install/timda_gazebo:/home/eating/work/install/timda_description:/home/eating/work/install/timda_bringup:/home/eating/work/install/timda_body_description:/home/eating/work/install/suction_description:/home/eating/work/install/robot_arm_description:/home/eating/work/install/realsense2_description:/home/eating/work/install/realsense2_camera:/home/eating/work/install/pallet_interfaces:/home/eating/work/install/mobile_description:/home/eating/work/install/mecanum:/home/eating/work/install/linear_move:/home/eating/work/install/keyboard_control:/home/eating/work/install/ira_laser_tools:/home/eating/work/install/interface:/home/eating/work/install/gui_interface:/home/eating/work/install/pallet_main:/home/eating/work/install/main_control:/home/eating/work/install/gui:/home/eating/work/install/docking_pkg:/opt/ros/humble LD_LIBRARY_PATH=/home/eating/work/install/realsense2_camera_msgs/lib:/home/eating/work/install/realsense2_camera/lib:/home/eating/work/install/pallet_interfaces/lib:/home/eating/work/install/interface/lib:/home/eating/work/install/gui_interface/lib:/opt/ros/humble/opt/rviz_ogre_vendor/lib:/opt/ros/humble/lib/x86_64-linux-gnu:/opt/ros/humble/lib /usr/bin/cmake --build /home/eating/work/build/realsense2_camera -- -j8 -l8
[2.525s] DEBUG:colcon.colcon_core.event_handler.log_command:Invoking command in '/home/eating/work/build/realsense2_camera': CMAKE_PREFIX_PATH=/home/eating/work/install/realsense2_camera_msgs:/home/eating/work/install/timda_gazebo:/home/eating/work/install/timda_description:/home/eating/work/install/timda_bringup:/home/eating/work/install/timda_body_description:/home/eating/work/install/suction_description:/home/eating/work/install/robot_arm_description:/home/eating/work/install/realsense2_description:/home/eating/work/install/realsense2_camera:/home/eating/work/install/pallet_interfaces:/home/eating/work/install/mobile_description:/home/eating/work/install/mecanum:/home/eating/work/install/linear_move:/home/eating/work/install/keyboard_control:/home/eating/work/install/ira_laser_tools:/home/eating/work/install/interface:/home/eating/work/install/gui_interface:/home/eating/work/install/pallet_main:/home/eating/work/install/main_control:/home/eating/work/install/gui:/home/eating/work/install/docking_pkg:/opt/ros/humble LD_LIBRARY_PATH=/home/eating/work/install/realsense2_camera_msgs/lib:/home/eating/work/install/realsense2_camera/lib:/home/eating/work/install/pallet_interfaces/lib:/home/eating/work/install/interface/lib:/home/eating/work/install/gui_interface/lib:/opt/ros/humble/opt/rviz_ogre_vendor/lib:/opt/ros/humble/lib/x86_64-linux-gnu:/opt/ros/humble/lib /usr/bin/cmake --install /home/eating/work/build/realsense2_camera
[2.536s] Level 1:colcon.colcon_core.environment:create_environment_scripts_only(realsense2_camera)
[2.537s] Level 1:colcon.colcon_core.environment:checking '/home/eating/work/install/realsense2_camera' for CMake module files
[2.539s] Level 1:colcon.colcon_core.environment:checking '/home/eating/work/install/realsense2_camera' for CMake config files
[2.543s] DEBUG:colcon.colcon_core.event_handler.log_command:Invoked command in '/home/eating/work/build/realsense2_camera' returned '0': CMAKE_PREFIX_PATH=/home/eating/work/install/realsense2_camera_msgs:/home/eating/work/install/timda_gazebo:/home/eating/work/install/timda_description:/home/eating/work/install/timda_bringup:/home/eating/work/install/timda_body_description:/home/eating/work/install/suction_description:/home/eating/work/install/robot_arm_description:/home/eating/work/install/realsense2_description:/home/eating/work/install/realsense2_camera:/home/eating/work/install/pallet_interfaces:/home/eating/work/install/mobile_description:/home/eating/work/install/mecanum:/home/eating/work/install/linear_move:/home/eating/work/install/keyboard_control:/home/eating/work/install/ira_laser_tools:/home/eating/work/install/interface:/home/eating/work/install/gui_interface:/home/eating/work/install/pallet_main:/home/eating/work/install/main_control:/home/eating/work/install/gui:/home/eating/work/install/docking_pkg:/opt/ros/humble LD_LIBRARY_PATH=/home/eating/work/install/realsense2_camera_msgs/lib:/home/eating/work/install/realsense2_camera/lib:/home/eating/work/install/pallet_interfaces/lib:/home/eating/work/install/interface/lib:/home/eating/work/install/gui_interface/lib:/opt/ros/humble/opt/rviz_ogre_vendor/lib:/opt/ros/humble/lib/x86_64-linux-gnu:/opt/ros/humble/lib /usr/bin/cmake --install /home/eating/work/build/realsense2_camera
[2.543s] Level 1:colcon.colcon_core.shell:create_environment_hook('realsense2_camera', 'cmake_prefix_path')
[2.544s] INFO:colcon.colcon_core.shell:Creating environment hook '/home/eating/work/install/realsense2_camera/share/realsense2_camera/hook/cmake_prefix_path.ps1'
[2.545s] INFO:colcon.colcon_core.shell:Creating environment descriptor '/home/eating/work/install/realsense2_camera/share/realsense2_camera/hook/cmake_prefix_path.dsv'
[2.545s] INFO:colcon.colcon_core.shell:Creating environment hook '/home/eating/work/install/realsense2_camera/share/realsense2_camera/hook/cmake_prefix_path.sh'
[2.546s] Level 1:colcon.colcon_core.environment:checking '/home/eating/work/install/realsense2_camera/lib'
[2.546s] Level 1:colcon.colcon_core.shell:create_environment_hook('realsense2_camera', 'ld_library_path_lib')
[2.546s] INFO:colcon.colcon_core.shell:Creating environment hook '/home/eating/work/install/realsense2_camera/share/realsense2_camera/hook/ld_library_path_lib.ps1'
[2.547s] INFO:colcon.colcon_core.shell:Creating environment descriptor '/home/eating/work/install/realsense2_camera/share/realsense2_camera/hook/ld_library_path_lib.dsv'
[2.548s] INFO:colcon.colcon_core.shell:Creating environment hook '/home/eating/work/install/realsense2_camera/share/realsense2_camera/hook/ld_library_path_lib.sh'
[2.548s] Level 1:colcon.colcon_core.environment:checking '/home/eating/work/install/realsense2_camera/bin'
[2.548s] Level 1:colcon.colcon_core.environment:checking '/home/eating/work/install/realsense2_camera/lib/pkgconfig/realsense2_camera.pc'
[2.549s] Level 1:colcon.colcon_core.environment:checking '/home/eating/work/install/realsense2_camera/lib/python3.10/site-packages'
[2.549s] Level 1:colcon.colcon_core.environment:checking '/home/eating/work/install/realsense2_camera/bin'
[2.550s] INFO:colcon.colcon_core.shell:Creating package script '/home/eating/work/install/realsense2_camera/share/realsense2_camera/package.ps1'
[2.550s] INFO:colcon.colcon_core.shell:Creating package descriptor '/home/eating/work/install/realsense2_camera/share/realsense2_camera/package.dsv'
[2.551s] INFO:colcon.colcon_core.shell:Creating package script '/home/eating/work/install/realsense2_camera/share/realsense2_camera/package.sh'
[2.552s] INFO:colcon.colcon_core.shell:Creating package script '/home/eating/work/install/realsense2_camera/share/realsense2_camera/package.bash'
[2.552s] INFO:colcon.colcon_core.shell:Creating package script '/home/eating/work/install/realsense2_camera/share/realsense2_camera/package.zsh'
[2.553s] Level 1:colcon.colcon_core.environment:create_file_with_runtime_dependencies(/home/eating/work/install/realsense2_camera/share/colcon-core/packages/realsense2_camera)
[2.553s] Level 1:colcon.colcon_core.environment:create_environment_scripts_only(realsense2_camera)
[2.554s] Level 1:colcon.colcon_core.environment:checking '/home/eating/work/install/realsense2_camera' for CMake module files
[2.554s] Level 1:colcon.colcon_core.environment:checking '/home/eating/work/install/realsense2_camera' for CMake config files
[2.555s] Level 1:colcon.colcon_core.shell:create_environment_hook('realsense2_camera', 'cmake_prefix_path')
[2.556s] INFO:colcon.colcon_core.shell:Creating environment hook '/home/eating/work/install/realsense2_camera/share/realsense2_camera/hook/cmake_prefix_path.ps1'
[2.556s] INFO:colcon.colcon_core.shell:Creating environment descriptor '/home/eating/work/install/realsense2_camera/share/realsense2_camera/hook/cmake_prefix_path.dsv'
[2.557s] INFO:colcon.colcon_core.shell:Creating environment hook '/home/eating/work/install/realsense2_camera/share/realsense2_camera/hook/cmake_prefix_path.sh'
[2.557s] Level 1:colcon.colcon_core.environment:checking '/home/eating/work/install/realsense2_camera/lib'
[2.557s] Level 1:colcon.colcon_core.shell:create_environment_hook('realsense2_camera', 'ld_library_path_lib')
[2.558s] INFO:colcon.colcon_core.shell:Creating environment hook '/home/eating/work/install/realsense2_camera/share/realsense2_camera/hook/ld_library_path_lib.ps1'
[2.559s] INFO:colcon.colcon_core.shell:Creating environment descriptor '/home/eating/work/install/realsense2_camera/share/realsense2_camera/hook/ld_library_path_lib.dsv'
[2.559s] INFO:colcon.colcon_core.shell:Creating environment hook '/home/eating/work/install/realsense2_camera/share/realsense2_camera/hook/ld_library_path_lib.sh'
[2.560s] Level 1:colcon.colcon_core.environment:checking '/home/eating/work/install/realsense2_camera/bin'
[2.560s] Level 1:colcon.colcon_core.environment:checking '/home/eating/work/install/realsense2_camera/lib/pkgconfig/realsense2_camera.pc'
[2.560s] Level 1:colcon.colcon_core.environment:checking '/home/eating/work/install/realsense2_camera/lib/python3.10/site-packages'
[2.560s] Level 1:colcon.colcon_core.environment:checking '/home/eating/work/install/realsense2_camera/bin'
[2.561s] INFO:colcon.colcon_core.shell:Creating package script '/home/eating/work/install/realsense2_camera/share/realsense2_camera/package.ps1'
[2.562s] INFO:colcon.colcon_core.shell:Creating package descriptor '/home/eating/work/install/realsense2_camera/share/realsense2_camera/package.dsv'
[2.563s] INFO:colcon.colcon_core.shell:Creating package script '/home/eating/work/install/realsense2_camera/share/realsense2_camera/package.sh'
[2.563s] INFO:colcon.colcon_core.shell:Creating package script '/home/eating/work/install/realsense2_camera/share/realsense2_camera/package.bash'
[2.564s] INFO:colcon.colcon_core.shell:Creating package script '/home/eating/work/install/realsense2_camera/share/realsense2_camera/package.zsh'
[2.564s] Level 1:colcon.colcon_core.environment:create_file_with_runtime_dependencies(/home/eating/work/install/realsense2_camera/share/colcon-core/packages/realsense2_camera)
[2.770s] Level 1:colcon.colcon_core.environment:checking '/home/eating/work/install/pallet_main' for CMake module files
[2.771s] DEBUG:colcon.colcon_core.event_handler.log_command:Invoked command in '/home/eating/work/src/pallet/pallet_main' returned '0': PYTHONPATH=/home/eating/work/build/pallet_main/prefix_override:/usr/lib/python3/dist-packages/colcon_core/task/python/colcon_distutils_commands:/home/eating/work/install/pallet_main/lib/python3.10/site-packages:${PYTHONPATH} /usr/bin/python3 -W ignore:setup.py install is deprecated -W ignore:easy_install command is deprecated setup.py egg_info --egg-base ../../../build/pallet_main build --build-base /home/eating/work/build/pallet_main/build install --record /home/eating/work/build/pallet_main/install.log --single-version-externally-managed install_data
[2.771s] Level 1:colcon.colcon_core.environment:checking '/home/eating/work/install/pallet_main' for CMake config files
[2.771s] Level 1:colcon.colcon_core.environment:checking '/home/eating/work/install/pallet_main/lib'
[2.771s] Level 1:colcon.colcon_core.environment:checking '/home/eating/work/install/pallet_main/bin'
[2.772s] Level 1:colcon.colcon_core.environment:checking '/home/eating/work/install/pallet_main/lib/pkgconfig/pallet_main.pc'
[2.772s] Level 1:colcon.colcon_core.environment:checking '/home/eating/work/install/pallet_main/lib/python3.10/site-packages'
[2.772s] Level 1:colcon.colcon_core.shell:create_environment_hook('pallet_main', 'pythonpath')
[2.772s] INFO:colcon.colcon_core.shell:Creating environment hook '/home/eating/work/install/pallet_main/share/pallet_main/hook/pythonpath.ps1'
[2.773s] INFO:colcon.colcon_core.shell:Creating environment descriptor '/home/eating/work/install/pallet_main/share/pallet_main/hook/pythonpath.dsv'
[2.773s] INFO:colcon.colcon_core.shell:Creating environment hook '/home/eating/work/install/pallet_main/share/pallet_main/hook/pythonpath.sh'
[2.773s] Level 1:colcon.colcon_core.environment:checking '/home/eating/work/install/pallet_main/bin'
[2.773s] Level 1:colcon.colcon_core.environment:create_environment_scripts_only(pallet_main)
[2.774s] INFO:colcon.colcon_core.shell:Creating package script '/home/eating/work/install/pallet_main/share/pallet_main/package.ps1'
[2.774s] INFO:colcon.colcon_core.shell:Creating package descriptor '/home/eating/work/install/pallet_main/share/pallet_main/package.dsv'
[2.774s] INFO:colcon.colcon_core.shell:Creating package script '/home/eating/work/install/pallet_main/share/pallet_main/package.sh'
[2.775s] INFO:colcon.colcon_core.shell:Creating package script '/home/eating/work/install/pallet_main/share/pallet_main/package.bash'
[2.775s] INFO:colcon.colcon_core.shell:Creating package script '/home/eating/work/install/pallet_main/share/pallet_main/package.zsh'
[2.775s] Level 1:colcon.colcon_core.environment:create_file_with_runtime_dependencies(/home/eating/work/install/pallet_main/share/colcon-core/packages/pallet_main)
[2.846s] DEBUG:colcon.colcon_core.event_handler.log_command:Invoking command in '/home/eating/work/src/main_control/main_control': CMAKE_PREFIX_PATH=/home/eating/work/install/interface:/home/eating/work/install/gui_interface:/home/eating/work/install/timda_gazebo:/home/eating/work/install/timda_description:/home/eating/work/install/timda_bringup:/home/eating/work/install/timda_body_description:/home/eating/work/install/suction_description:/home/eating/work/install/robot_arm_description:/home/eating/work/install/realsense2_description:/home/eating/work/install/realsense2_camera:/home/eating/work/install/realsense2_camera_msgs:/home/eating/work/install/pallet_interfaces:/home/eating/work/install/mobile_description:/home/eating/work/install/mecanum:/home/eating/work/install/linear_move:/home/eating/work/install/keyboard_control:/home/eating/work/install/ira_laser_tools LD_LIBRARY_PATH=/home/eating/work/install/interface/lib:/home/eating/work/install/gui_interface/lib:/home/eating/work/install/realsense2_camera/lib:/home/eating/work/install/realsense2_camera_msgs/lib:/home/eating/work/install/pallet_interfaces/lib:/opt/ros/humble/opt/rviz_ogre_vendor/lib:/opt/ros/humble/lib/x86_64-linux-gnu:/opt/ros/humble/lib PYTHONPATH=/home/eating/work/build/main_control/prefix_override:/usr/lib/python3/dist-packages/colcon_core/task/python/colcon_distutils_commands:/home/eating/work/install/main_control/lib/python3.10/site-packages:${PYTHONPATH} /usr/bin/python3 -W ignore:setup.py install is deprecated -W ignore:easy_install command is deprecated setup.py egg_info --egg-base ../../../build/main_control build --build-base /home/eating/work/build/main_control/build install --record /home/eating/work/build/main_control/install.log --single-version-externally-managed install_data
[2.860s] DEBUG:colcon.colcon_core.event_handler.log_command:Invoking command in '/home/eating/work/src/gui/gui': CMAKE_PREFIX_PATH=/home/eating/work/install/gui_interface:/home/eating/work/install/timda_gazebo:/home/eating/work/install/timda_description:/home/eating/work/install/timda_bringup:/home/eating/work/install/timda_body_description:/home/eating/work/install/suction_description:/home/eating/work/install/robot_arm_description:/home/eating/work/install/realsense2_description:/home/eating/work/install/realsense2_camera:/home/eating/work/install/realsense2_camera_msgs:/home/eating/work/install/pallet_interfaces:/home/eating/work/install/mobile_description:/home/eating/work/install/mecanum:/home/eating/work/install/linear_move:/home/eating/work/install/keyboard_control:/home/eating/work/install/ira_laser_tools:/home/eating/work/install/interface LD_LIBRARY_PATH=/home/eating/work/install/gui_interface/lib:/home/eating/work/install/realsense2_camera/lib:/home/eating/work/install/realsense2_camera_msgs/lib:/home/eating/work/install/pallet_interfaces/lib:/home/eating/work/install/interface/lib:/opt/ros/humble/opt/rviz_ogre_vendor/lib:/opt/ros/humble/lib/x86_64-linux-gnu:/opt/ros/humble/lib PYTHONPATH=/home/eating/work/build/gui/prefix_override:/usr/lib/python3/dist-packages/colcon_core/task/python/colcon_distutils_commands:/home/eating/work/install/gui/lib/python3.10/site-packages:${PYTHONPATH} /usr/bin/python3 -W ignore:setup.py install is deprecated -W ignore:easy_install command is deprecated setup.py egg_info --egg-base ../../../build/gui build --build-base /home/eating/work/build/gui/build install --record /home/eating/work/build/gui/install.log --single-version-externally-managed install_data
[3.151s] Level 1:colcon.colcon_core.environment:checking '/home/eating/work/install/main_control' for CMake module files
[3.152s] DEBUG:colcon.colcon_core.event_handler.log_command:Invoked command in '/home/eating/work/src/main_control/main_control' returned '0': CMAKE_PREFIX_PATH=/home/eating/work/install/interface:/home/eating/work/install/gui_interface:/home/eating/work/install/timda_gazebo:/home/eating/work/install/timda_description:/home/eating/work/install/timda_bringup:/home/eating/work/install/timda_body_description:/home/eating/work/install/suction_description:/home/eating/work/install/robot_arm_description:/home/eating/work/install/realsense2_description:/home/eating/work/install/realsense2_camera:/home/eating/work/install/realsense2_camera_msgs:/home/eating/work/install/pallet_interfaces:/home/eating/work/install/mobile_description:/home/eating/work/install/mecanum:/home/eating/work/install/linear_move:/home/eating/work/install/keyboard_control:/home/eating/work/install/ira_laser_tools LD_LIBRARY_PATH=/home/eating/work/install/interface/lib:/home/eating/work/install/gui_interface/lib:/home/eating/work/install/realsense2_camera/lib:/home/eating/work/install/realsense2_camera_msgs/lib:/home/eating/work/install/pallet_interfaces/lib:/opt/ros/humble/opt/rviz_ogre_vendor/lib:/opt/ros/humble/lib/x86_64-linux-gnu:/opt/ros/humble/lib PYTHONPATH=/home/eating/work/build/main_control/prefix_override:/usr/lib/python3/dist-packages/colcon_core/task/python/colcon_distutils_commands:/home/eating/work/install/main_control/lib/python3.10/site-packages:${PYTHONPATH} /usr/bin/python3 -W ignore:setup.py install is deprecated -W ignore:easy_install command is deprecated setup.py egg_info --egg-base ../../../build/main_control build --build-base /home/eating/work/build/main_control/build install --record /home/eating/work/build/main_control/install.log --single-version-externally-managed install_data
[3.152s] Level 1:colcon.colcon_core.environment:checking '/home/eating/work/install/main_control' for CMake config files
[3.153s] Level 1:colcon.colcon_core.environment:checking '/home/eating/work/install/main_control/lib'
[3.153s] Level 1:colcon.colcon_core.environment:checking '/home/eating/work/install/main_control/bin'
[3.153s] Level 1:colcon.colcon_core.environment:checking '/home/eating/work/install/main_control/lib/pkgconfig/main_control.pc'
[3.153s] Level 1:colcon.colcon_core.environment:checking '/home/eating/work/install/main_control/lib/python3.10/site-packages'
[3.153s] Level 1:colcon.colcon_core.shell:create_environment_hook('main_control', 'pythonpath')
[3.153s] INFO:colcon.colcon_core.shell:Creating environment hook '/home/eating/work/install/main_control/share/main_control/hook/pythonpath.ps1'
[3.154s] INFO:colcon.colcon_core.shell:Creating environment descriptor '/home/eating/work/install/main_control/share/main_control/hook/pythonpath.dsv'
[3.154s] INFO:colcon.colcon_core.shell:Creating environment hook '/home/eating/work/install/main_control/share/main_control/hook/pythonpath.sh'
[3.155s] Level 1:colcon.colcon_core.environment:checking '/home/eating/work/install/main_control/bin'
[3.155s] Level 1:colcon.colcon_core.environment:create_environment_scripts_only(main_control)
[3.155s] INFO:colcon.colcon_core.shell:Creating package script '/home/eating/work/install/main_control/share/main_control/package.ps1'
[3.156s] INFO:colcon.colcon_core.shell:Creating package descriptor '/home/eating/work/install/main_control/share/main_control/package.dsv'
[3.156s] INFO:colcon.colcon_core.shell:Creating package script '/home/eating/work/install/main_control/share/main_control/package.sh'
[3.157s] INFO:colcon.colcon_core.shell:Creating package script '/home/eating/work/install/main_control/share/main_control/package.bash'
[3.157s] INFO:colcon.colcon_core.shell:Creating package script '/home/eating/work/install/main_control/share/main_control/package.zsh'
[3.157s] Level 1:colcon.colcon_core.environment:create_file_with_runtime_dependencies(/home/eating/work/install/main_control/share/colcon-core/packages/main_control)
[3.176s] Level 1:colcon.colcon_core.environment:checking '/home/eating/work/install/gui' for CMake module files
[3.176s] DEBUG:colcon.colcon_core.event_handler.log_command:Invoked command in '/home/eating/work/src/gui/gui' returned '0': CMAKE_PREFIX_PATH=/home/eating/work/install/gui_interface:/home/eating/work/install/timda_gazebo:/home/eating/work/install/timda_description:/home/eating/work/install/timda_bringup:/home/eating/work/install/timda_body_description:/home/eating/work/install/suction_description:/home/eating/work/install/robot_arm_description:/home/eating/work/install/realsense2_description:/home/eating/work/install/realsense2_camera:/home/eating/work/install/realsense2_camera_msgs:/home/eating/work/install/pallet_interfaces:/home/eating/work/install/mobile_description:/home/eating/work/install/mecanum:/home/eating/work/install/linear_move:/home/eating/work/install/keyboard_control:/home/eating/work/install/ira_laser_tools:/home/eating/work/install/interface LD_LIBRARY_PATH=/home/eating/work/install/gui_interface/lib:/home/eating/work/install/realsense2_camera/lib:/home/eating/work/install/realsense2_camera_msgs/lib:/home/eating/work/install/pallet_interfaces/lib:/home/eating/work/install/interface/lib:/opt/ros/humble/opt/rviz_ogre_vendor/lib:/opt/ros/humble/lib/x86_64-linux-gnu:/opt/ros/humble/lib PYTHONPATH=/home/eating/work/build/gui/prefix_override:/usr/lib/python3/dist-packages/colcon_core/task/python/colcon_distutils_commands:/home/eating/work/install/gui/lib/python3.10/site-packages:${PYTHONPATH} /usr/bin/python3 -W ignore:setup.py install is deprecated -W ignore:easy_install command is deprecated setup.py egg_info --egg-base ../../../build/gui build --build-base /home/eating/work/build/gui/build install --record /home/eating/work/build/gui/install.log --single-version-externally-managed install_data
[3.177s] Level 1:colcon.colcon_core.environment:checking '/home/eating/work/install/gui' for CMake config files
[3.177s] Level 1:colcon.colcon_core.environment:checking '/home/eating/work/install/gui/lib'
[3.177s] Level 1:colcon.colcon_core.environment:checking '/home/eating/work/install/gui/bin'
[3.177s] Level 1:colcon.colcon_core.environment:checking '/home/eating/work/install/gui/lib/pkgconfig/gui.pc'
[3.178s] Level 1:colcon.colcon_core.environment:checking '/home/eating/work/install/gui/lib/python3.10/site-packages'
[3.178s] Level 1:colcon.colcon_core.shell:create_environment_hook('gui', 'pythonpath')
[3.178s] INFO:colcon.colcon_core.shell:Creating environment hook '/home/eating/work/install/gui/share/gui/hook/pythonpath.ps1'
[3.178s] INFO:colcon.colcon_core.shell:Creating environment descriptor '/home/eating/work/install/gui/share/gui/hook/pythonpath.dsv'
[3.178s] INFO:colcon.colcon_core.shell:Creating environment hook '/home/eating/work/install/gui/share/gui/hook/pythonpath.sh'
[3.179s] Level 1:colcon.colcon_core.environment:checking '/home/eating/work/install/gui/bin'
[3.179s] Level 1:colcon.colcon_core.environment:create_environment_scripts_only(gui)
[3.179s] INFO:colcon.colcon_core.shell:Creating package script '/home/eating/work/install/gui/share/gui/package.ps1'
[3.180s] INFO:colcon.colcon_core.shell:Creating package descriptor '/home/eating/work/install/gui/share/gui/package.dsv'
[3.180s] INFO:colcon.colcon_core.shell:Creating package script '/home/eating/work/install/gui/share/gui/package.sh'
[3.180s] INFO:colcon.colcon_core.shell:Creating package script '/home/eating/work/install/gui/share/gui/package.bash'
[3.181s] INFO:colcon.colcon_core.shell:Creating package script '/home/eating/work/install/gui/share/gui/package.zsh'
[3.181s] Level 1:colcon.colcon_core.environment:create_file_with_runtime_dependencies(/home/eating/work/install/gui/share/colcon-core/packages/gui)
[3.181s] DEBUG:colcon.colcon_parallel_executor.executor.parallel:closing loop
[3.182s] DEBUG:colcon.colcon_parallel_executor.executor.parallel:loop closed
[3.182s] DEBUG:colcon.colcon_parallel_executor.executor.parallel:run_until_complete finished with '0'
[3.182s] DEBUG:colcon.colcon_core.event_reactor:joining thread
[3.187s] INFO:colcon.colcon_core.plugin_system:Skipping extension 'colcon_notification.desktop_notification.notify_send': Could not find 'notify-send'
[3.187s] INFO:colcon.colcon_core.plugin_system:Skipping extension 'colcon_notification.desktop_notification.terminal_notifier': Not used on non-Darwin systems
[3.187s] INFO:colcon.colcon_core.plugin_system:Skipping extension 'colcon_notification.desktop_notification.win32': Not used on non-Windows systems
[3.187s] INFO:colcon.colcon_notification.desktop_notification:Sending desktop notification using 'notify2'
[3.190s] DEBUG:colcon.colcon_notification.desktop_notification.notify2:Failed to initialize notify2: org.freedesktop.DBus.Error.Spawn.ExecFailed: /usr/bin/dbus-launch terminated abnormally without any error message
[3.190s] DEBUG:colcon.colcon_core.event_reactor:joined thread
[3.190s] INFO:colcon.colcon_core.shell:Creating prefix script '/home/eating/work/install/local_setup.ps1'
[3.192s] INFO:colcon.colcon_core.shell:Creating prefix util module '/home/eating/work/install/_local_setup_util_ps1.py'
[3.193s] INFO:colcon.colcon_core.shell:Creating prefix chain script '/home/eating/work/install/setup.ps1'
[3.195s] INFO:colcon.colcon_core.shell:Creating prefix script '/home/eating/work/install/local_setup.sh'
[3.196s] INFO:colcon.colcon_core.shell:Creating prefix util module '/home/eating/work/install/_local_setup_util_sh.py'
[3.196s] INFO:colcon.colcon_core.shell:Creating prefix chain script '/home/eating/work/install/setup.sh'
[3.199s] INFO:colcon.colcon_core.shell:Creating prefix script '/home/eating/work/install/local_setup.bash'
[3.199s] INFO:colcon.colcon_core.shell:Creating prefix chain script '/home/eating/work/install/setup.bash'
[3.201s] INFO:colcon.colcon_core.shell:Creating prefix script '/home/eating/work/install/local_setup.zsh'
[3.202s] INFO:colcon.colcon_core.shell:Creating prefix chain script '/home/eating/work/install/setup.zsh'
