[0.099s] DEBUG:colcon:Command line arguments: ['/usr/bin/colcon', 'build']
[0.099s] DEBUG:colcon:Parsed command line arguments: Namespace(log_base=None, log_level=None, verb_name='build', build_base='build', install_base='install', merge_install=False, symlink_install=False, test_result_base=None, continue_on_error=False, executor='parallel', parallel_workers=8, event_handlers=None, ignore_user_meta=False, metas=['./colcon.meta'], base_paths=['.'], packages_ignore=None, packages_ignore_regex=None, paths=None, packages_up_to=None, packages_up_to_regex=None, packages_above=None, packages_above_and_dependencies=None, packages_above_depth=None, packages_select_by_dep=None, packages_skip_by_dep=None, packages_skip_up_to=None, packages_select_build_failed=False, packages_skip_build_finished=False, packages_select_test_failures=False, packages_skip_test_passed=False, packages_select=None, packages_skip=None, packages_select_regex=None, packages_skip_regex=None, packages_start=None, packages_end=None, allow_overriding=[], cmake_args=None, cmake_target=None, cmake_target_skip_unavailable=False, cmake_clean_cache=False, cmake_clean_first=False, cmake_force_configure=False, ament_cmake_args=None, catkin_cmake_args=None, catkin_skip_building_tests=False, verb_parser=<colcon_defaults.argument_parser.defaults.DefaultArgumentsDecorator object at 0x7f749e114b80>, verb_extension=<colcon_core.verb.build.BuildVerb object at 0x7f749e211f30>, main=<bound method BuildVerb.main of <colcon_core.verb.build.BuildVerb object at 0x7f749e211f30>>)
[0.272s] Level 1:colcon.colcon_core.package_discovery:discover_packages(colcon_meta) check parameters
[0.272s] Level 1:colcon.colcon_core.package_discovery:discover_packages(recursive) check parameters
[0.272s] Level 1:colcon.colcon_core.package_discovery:discover_packages(ignore) check parameters
[0.272s] Level 1:colcon.colcon_core.package_discovery:discover_packages(path) check parameters
[0.272s] Level 1:colcon.colcon_core.package_discovery:discover_packages(colcon_meta) discover
[0.272s] Level 1:colcon.colcon_core.package_discovery:discover_packages(recursive) discover
[0.272s] INFO:colcon.colcon_core.package_discovery:Crawling recursively for packages in '/home/eating/work'
[0.273s] Level 1:colcon.colcon_core.package_identification:_identify(.) by extensions ['ignore', 'ignore_ament_install']
[0.273s] Level 1:colcon.colcon_core.package_identification:_identify(.) by extension 'ignore'
[0.273s] Level 1:colcon.colcon_core.package_identification:_identify(.) by extension 'ignore_ament_install'
[0.273s] Level 1:colcon.colcon_core.package_identification:_identify(.) by extensions ['colcon_pkg']
[0.273s] Level 1:colcon.colcon_core.package_identification:_identify(.) by extension 'colcon_pkg'
[0.273s] Level 1:colcon.colcon_core.package_identification:_identify(.) by extensions ['colcon_meta']
[0.273s] Level 1:colcon.colcon_core.package_identification:_identify(.) by extension 'colcon_meta'
[0.273s] Level 1:colcon.colcon_core.package_identification:_identify(.) by extensions ['ros']
[0.273s] Level 1:colcon.colcon_core.package_identification:_identify(.) by extension 'ros'
[0.282s] Level 1:colcon.colcon_core.package_identification:_identify(.) by extensions ['cmake', 'python']
[0.282s] Level 1:colcon.colcon_core.package_identification:_identify(.) by extension 'cmake'
[0.283s] Level 1:colcon.colcon_core.package_identification:_identify(.) by extension 'python'
[0.283s] Level 1:colcon.colcon_core.package_identification:_identify(.) by extensions ['python_setup_py']
[0.283s] Level 1:colcon.colcon_core.package_identification:_identify(.) by extension 'python_setup_py'
[0.283s] Level 1:colcon.colcon_core.package_identification:_identify(build) by extensions ['ignore', 'ignore_ament_install']
[0.283s] Level 1:colcon.colcon_core.package_identification:_identify(build) by extension 'ignore'
[0.283s] Level 1:colcon.colcon_core.package_identification:_identify(build) ignored
[0.283s] Level 1:colcon.colcon_core.package_identification:_identify(docker_all) by extensions ['ignore', 'ignore_ament_install']
[0.283s] Level 1:colcon.colcon_core.package_identification:_identify(docker_all) by extension 'ignore'
[0.283s] Level 1:colcon.colcon_core.package_identification:_identify(docker_all) by extension 'ignore_ament_install'
[0.283s] Level 1:colcon.colcon_core.package_identification:_identify(docker_all) by extensions ['colcon_pkg']
[0.283s] Level 1:colcon.colcon_core.package_identification:_identify(docker_all) by extension 'colcon_pkg'
[0.283s] Level 1:colcon.colcon_core.package_identification:_identify(docker_all) by extensions ['colcon_meta']
[0.283s] Level 1:colcon.colcon_core.package_identification:_identify(docker_all) by extension 'colcon_meta'
[0.283s] Level 1:colcon.colcon_core.package_identification:_identify(docker_all) by extensions ['ros']
[0.283s] Level 1:colcon.colcon_core.package_identification:_identify(docker_all) by extension 'ros'
[0.283s] Level 1:colcon.colcon_core.package_identification:_identify(docker_all) by extensions ['cmake', 'python']
[0.283s] Level 1:colcon.colcon_core.package_identification:_identify(docker_all) by extension 'cmake'
[0.283s] Level 1:colcon.colcon_core.package_identification:_identify(docker_all) by extension 'python'
[0.283s] Level 1:colcon.colcon_core.package_identification:_identify(docker_all) by extensions ['python_setup_py']
[0.283s] Level 1:colcon.colcon_core.package_identification:_identify(docker_all) by extension 'python_setup_py'
[0.284s] Level 1:colcon.colcon_core.package_identification:_identify(docker_all/docker_ros2) by extensions ['ignore', 'ignore_ament_install']
[0.284s] Level 1:colcon.colcon_core.package_identification:_identify(docker_all/docker_ros2) by extension 'ignore'
[0.284s] Level 1:colcon.colcon_core.package_identification:_identify(docker_all/docker_ros2) by extension 'ignore_ament_install'
[0.284s] Level 1:colcon.colcon_core.package_identification:_identify(docker_all/docker_ros2) by extensions ['colcon_pkg']
[0.284s] Level 1:colcon.colcon_core.package_identification:_identify(docker_all/docker_ros2) by extension 'colcon_pkg'
[0.284s] Level 1:colcon.colcon_core.package_identification:_identify(docker_all/docker_ros2) by extensions ['colcon_meta']
[0.284s] Level 1:colcon.colcon_core.package_identification:_identify(docker_all/docker_ros2) by extension 'colcon_meta'
[0.284s] Level 1:colcon.colcon_core.package_identification:_identify(docker_all/docker_ros2) by extensions ['ros']
[0.284s] Level 1:colcon.colcon_core.package_identification:_identify(docker_all/docker_ros2) by extension 'ros'
[0.284s] Level 1:colcon.colcon_core.package_identification:_identify(docker_all/docker_ros2) by extensions ['cmake', 'python']
[0.284s] Level 1:colcon.colcon_core.package_identification:_identify(docker_all/docker_ros2) by extension 'cmake'
[0.284s] Level 1:colcon.colcon_core.package_identification:_identify(docker_all/docker_ros2) by extension 'python'
[0.284s] Level 1:colcon.colcon_core.package_identification:_identify(docker_all/docker_ros2) by extensions ['python_setup_py']
[0.284s] Level 1:colcon.colcon_core.package_identification:_identify(docker_all/docker_ros2) by extension 'python_setup_py'
[0.284s] Level 1:colcon.colcon_core.package_identification:_identify(docker_all/docker_ros2/compose) by extensions ['ignore', 'ignore_ament_install']
[0.284s] Level 1:colcon.colcon_core.package_identification:_identify(docker_all/docker_ros2/compose) by extension 'ignore'
[0.284s] Level 1:colcon.colcon_core.package_identification:_identify(docker_all/docker_ros2/compose) by extension 'ignore_ament_install'
[0.285s] Level 1:colcon.colcon_core.package_identification:_identify(docker_all/docker_ros2/compose) by extensions ['colcon_pkg']
[0.285s] Level 1:colcon.colcon_core.package_identification:_identify(docker_all/docker_ros2/compose) by extension 'colcon_pkg'
[0.285s] Level 1:colcon.colcon_core.package_identification:_identify(docker_all/docker_ros2/compose) by extensions ['colcon_meta']
[0.285s] Level 1:colcon.colcon_core.package_identification:_identify(docker_all/docker_ros2/compose) by extension 'colcon_meta'
[0.285s] Level 1:colcon.colcon_core.package_identification:_identify(docker_all/docker_ros2/compose) by extensions ['ros']
[0.285s] Level 1:colcon.colcon_core.package_identification:_identify(docker_all/docker_ros2/compose) by extension 'ros'
[0.285s] Level 1:colcon.colcon_core.package_identification:_identify(docker_all/docker_ros2/compose) by extensions ['cmake', 'python']
[0.285s] Level 1:colcon.colcon_core.package_identification:_identify(docker_all/docker_ros2/compose) by extension 'cmake'
[0.285s] Level 1:colcon.colcon_core.package_identification:_identify(docker_all/docker_ros2/compose) by extension 'python'
[0.285s] Level 1:colcon.colcon_core.package_identification:_identify(docker_all/docker_ros2/compose) by extensions ['python_setup_py']
[0.285s] Level 1:colcon.colcon_core.package_identification:_identify(docker_all/docker_ros2/compose) by extension 'python_setup_py'
[0.285s] Level 1:colcon.colcon_core.package_identification:_identify(docker_all/docker_ros2/compose/config) by extensions ['ignore', 'ignore_ament_install']
[0.285s] Level 1:colcon.colcon_core.package_identification:_identify(docker_all/docker_ros2/compose/config) by extension 'ignore'
[0.285s] Level 1:colcon.colcon_core.package_identification:_identify(docker_all/docker_ros2/compose/config) by extension 'ignore_ament_install'
[0.285s] Level 1:colcon.colcon_core.package_identification:_identify(docker_all/docker_ros2/compose/config) by extensions ['colcon_pkg']
[0.285s] Level 1:colcon.colcon_core.package_identification:_identify(docker_all/docker_ros2/compose/config) by extension 'colcon_pkg'
[0.285s] Level 1:colcon.colcon_core.package_identification:_identify(docker_all/docker_ros2/compose/config) by extensions ['colcon_meta']
[0.285s] Level 1:colcon.colcon_core.package_identification:_identify(docker_all/docker_ros2/compose/config) by extension 'colcon_meta'
[0.285s] Level 1:colcon.colcon_core.package_identification:_identify(docker_all/docker_ros2/compose/config) by extensions ['ros']
[0.285s] Level 1:colcon.colcon_core.package_identification:_identify(docker_all/docker_ros2/compose/config) by extension 'ros'
[0.286s] Level 1:colcon.colcon_core.package_identification:_identify(docker_all/docker_ros2/compose/config) by extensions ['cmake', 'python']
[0.286s] Level 1:colcon.colcon_core.package_identification:_identify(docker_all/docker_ros2/compose/config) by extension 'cmake'
[0.286s] Level 1:colcon.colcon_core.package_identification:_identify(docker_all/docker_ros2/compose/config) by extension 'python'
[0.286s] Level 1:colcon.colcon_core.package_identification:_identify(docker_all/docker_ros2/compose/config) by extensions ['python_setup_py']
[0.286s] Level 1:colcon.colcon_core.package_identification:_identify(docker_all/docker_ros2/compose/config) by extension 'python_setup_py'
[0.286s] Level 1:colcon.colcon_core.package_identification:_identify(docker_all/docker_ros2/compose/config/pip) by extensions ['ignore', 'ignore_ament_install']
[0.286s] Level 1:colcon.colcon_core.package_identification:_identify(docker_all/docker_ros2/compose/config/pip) by extension 'ignore'
[0.286s] Level 1:colcon.colcon_core.package_identification:_identify(docker_all/docker_ros2/compose/config/pip) by extension 'ignore_ament_install'
[0.286s] Level 1:colcon.colcon_core.package_identification:_identify(docker_all/docker_ros2/compose/config/pip) by extensions ['colcon_pkg']
[0.286s] Level 1:colcon.colcon_core.package_identification:_identify(docker_all/docker_ros2/compose/config/pip) by extension 'colcon_pkg'
[0.286s] Level 1:colcon.colcon_core.package_identification:_identify(docker_all/docker_ros2/compose/config/pip) by extensions ['colcon_meta']
[0.286s] Level 1:colcon.colcon_core.package_identification:_identify(docker_all/docker_ros2/compose/config/pip) by extension 'colcon_meta'
[0.286s] Level 1:colcon.colcon_core.package_identification:_identify(docker_all/docker_ros2/compose/config/pip) by extensions ['ros']
[0.286s] Level 1:colcon.colcon_core.package_identification:_identify(docker_all/docker_ros2/compose/config/pip) by extension 'ros'
[0.286s] Level 1:colcon.colcon_core.package_identification:_identify(docker_all/docker_ros2/compose/config/pip) by extensions ['cmake', 'python']
[0.286s] Level 1:colcon.colcon_core.package_identification:_identify(docker_all/docker_ros2/compose/config/pip) by extension 'cmake'
[0.286s] Level 1:colcon.colcon_core.package_identification:_identify(docker_all/docker_ros2/compose/config/pip) by extension 'python'
[0.286s] Level 1:colcon.colcon_core.package_identification:_identify(docker_all/docker_ros2/compose/config/pip) by extensions ['python_setup_py']
[0.286s] Level 1:colcon.colcon_core.package_identification:_identify(docker_all/docker_ros2/compose/config/pip) by extension 'python_setup_py'
[0.287s] Level 1:colcon.colcon_core.package_identification:_identify(docker_all/docker_ros2/compose/config/shell) by extensions ['ignore', 'ignore_ament_install']
[0.287s] Level 1:colcon.colcon_core.package_identification:_identify(docker_all/docker_ros2/compose/config/shell) by extension 'ignore'
[0.287s] Level 1:colcon.colcon_core.package_identification:_identify(docker_all/docker_ros2/compose/config/shell) by extension 'ignore_ament_install'
[0.287s] Level 1:colcon.colcon_core.package_identification:_identify(docker_all/docker_ros2/compose/config/shell) by extensions ['colcon_pkg']
[0.287s] Level 1:colcon.colcon_core.package_identification:_identify(docker_all/docker_ros2/compose/config/shell) by extension 'colcon_pkg'
[0.287s] Level 1:colcon.colcon_core.package_identification:_identify(docker_all/docker_ros2/compose/config/shell) by extensions ['colcon_meta']
[0.287s] Level 1:colcon.colcon_core.package_identification:_identify(docker_all/docker_ros2/compose/config/shell) by extension 'colcon_meta'
[0.287s] Level 1:colcon.colcon_core.package_identification:_identify(docker_all/docker_ros2/compose/config/shell) by extensions ['ros']
[0.287s] Level 1:colcon.colcon_core.package_identification:_identify(docker_all/docker_ros2/compose/config/shell) by extension 'ros'
[0.287s] Level 1:colcon.colcon_core.package_identification:_identify(docker_all/docker_ros2/compose/config/shell) by extensions ['cmake', 'python']
[0.287s] Level 1:colcon.colcon_core.package_identification:_identify(docker_all/docker_ros2/compose/config/shell) by extension 'cmake'
[0.287s] Level 1:colcon.colcon_core.package_identification:_identify(docker_all/docker_ros2/compose/config/shell) by extension 'python'
[0.287s] Level 1:colcon.colcon_core.package_identification:_identify(docker_all/docker_ros2/compose/config/shell) by extensions ['python_setup_py']
[0.287s] Level 1:colcon.colcon_core.package_identification:_identify(docker_all/docker_ros2/compose/config/shell) by extension 'python_setup_py'
[0.287s] Level 1:colcon.colcon_core.package_identification:_identify(docker_all/docker_ros2/compose/config/shell/terminator) by extensions ['ignore', 'ignore_ament_install']
[0.287s] Level 1:colcon.colcon_core.package_identification:_identify(docker_all/docker_ros2/compose/config/shell/terminator) by extension 'ignore'
[0.287s] Level 1:colcon.colcon_core.package_identification:_identify(docker_all/docker_ros2/compose/config/shell/terminator) by extension 'ignore_ament_install'
[0.287s] Level 1:colcon.colcon_core.package_identification:_identify(docker_all/docker_ros2/compose/config/shell/terminator) by extensions ['colcon_pkg']
[0.287s] Level 1:colcon.colcon_core.package_identification:_identify(docker_all/docker_ros2/compose/config/shell/terminator) by extension 'colcon_pkg'
[0.288s] Level 1:colcon.colcon_core.package_identification:_identify(docker_all/docker_ros2/compose/config/shell/terminator) by extensions ['colcon_meta']
[0.288s] Level 1:colcon.colcon_core.package_identification:_identify(docker_all/docker_ros2/compose/config/shell/terminator) by extension 'colcon_meta'
[0.288s] Level 1:colcon.colcon_core.package_identification:_identify(docker_all/docker_ros2/compose/config/shell/terminator) by extensions ['ros']
[0.288s] Level 1:colcon.colcon_core.package_identification:_identify(docker_all/docker_ros2/compose/config/shell/terminator) by extension 'ros'
[0.288s] Level 1:colcon.colcon_core.package_identification:_identify(docker_all/docker_ros2/compose/config/shell/terminator) by extensions ['cmake', 'python']
[0.288s] Level 1:colcon.colcon_core.package_identification:_identify(docker_all/docker_ros2/compose/config/shell/terminator) by extension 'cmake'
[0.288s] Level 1:colcon.colcon_core.package_identification:_identify(docker_all/docker_ros2/compose/config/shell/terminator) by extension 'python'
[0.288s] Level 1:colcon.colcon_core.package_identification:_identify(docker_all/docker_ros2/compose/config/shell/terminator) by extensions ['python_setup_py']
[0.288s] Level 1:colcon.colcon_core.package_identification:_identify(docker_all/docker_ros2/compose/config/shell/terminator) by extension 'python_setup_py'
[0.288s] Level 1:colcon.colcon_core.package_identification:_identify(docker_all/docker_ros2/compose/config/shell/tmux) by extensions ['ignore', 'ignore_ament_install']
[0.288s] Level 1:colcon.colcon_core.package_identification:_identify(docker_all/docker_ros2/compose/config/shell/tmux) by extension 'ignore'
[0.288s] Level 1:colcon.colcon_core.package_identification:_identify(docker_all/docker_ros2/compose/config/shell/tmux) by extension 'ignore_ament_install'
[0.288s] Level 1:colcon.colcon_core.package_identification:_identify(docker_all/docker_ros2/compose/config/shell/tmux) by extensions ['colcon_pkg']
[0.288s] Level 1:colcon.colcon_core.package_identification:_identify(docker_all/docker_ros2/compose/config/shell/tmux) by extension 'colcon_pkg'
[0.288s] Level 1:colcon.colcon_core.package_identification:_identify(docker_all/docker_ros2/compose/config/shell/tmux) by extensions ['colcon_meta']
[0.288s] Level 1:colcon.colcon_core.package_identification:_identify(docker_all/docker_ros2/compose/config/shell/tmux) by extension 'colcon_meta'
[0.288s] Level 1:colcon.colcon_core.package_identification:_identify(docker_all/docker_ros2/compose/config/shell/tmux) by extensions ['ros']
[0.288s] Level 1:colcon.colcon_core.package_identification:_identify(docker_all/docker_ros2/compose/config/shell/tmux) by extension 'ros'
[0.288s] Level 1:colcon.colcon_core.package_identification:_identify(docker_all/docker_ros2/compose/config/shell/tmux) by extensions ['cmake', 'python']
[0.289s] Level 1:colcon.colcon_core.package_identification:_identify(docker_all/docker_ros2/compose/config/shell/tmux) by extension 'cmake'
[0.289s] Level 1:colcon.colcon_core.package_identification:_identify(docker_all/docker_ros2/compose/config/shell/tmux) by extension 'python'
[0.289s] Level 1:colcon.colcon_core.package_identification:_identify(docker_all/docker_ros2/compose/config/shell/tmux) by extensions ['python_setup_py']
[0.289s] Level 1:colcon.colcon_core.package_identification:_identify(docker_all/docker_ros2/compose/config/shell/tmux) by extension 'python_setup_py'
[0.289s] Level 1:colcon.colcon_core.package_identification:_identify(docker_all/docker_ros2/config) by extensions ['ignore', 'ignore_ament_install']
[0.289s] Level 1:colcon.colcon_core.package_identification:_identify(docker_all/docker_ros2/config) by extension 'ignore'
[0.289s] Level 1:colcon.colcon_core.package_identification:_identify(docker_all/docker_ros2/config) by extension 'ignore_ament_install'
[0.289s] Level 1:colcon.colcon_core.package_identification:_identify(docker_all/docker_ros2/config) by extensions ['colcon_pkg']
[0.289s] Level 1:colcon.colcon_core.package_identification:_identify(docker_all/docker_ros2/config) by extension 'colcon_pkg'
[0.289s] Level 1:colcon.colcon_core.package_identification:_identify(docker_all/docker_ros2/config) by extensions ['colcon_meta']
[0.289s] Level 1:colcon.colcon_core.package_identification:_identify(docker_all/docker_ros2/config) by extension 'colcon_meta'
[0.289s] Level 1:colcon.colcon_core.package_identification:_identify(docker_all/docker_ros2/config) by extensions ['ros']
[0.289s] Level 1:colcon.colcon_core.package_identification:_identify(docker_all/docker_ros2/config) by extension 'ros'
[0.289s] Level 1:colcon.colcon_core.package_identification:_identify(docker_all/docker_ros2/config) by extensions ['cmake', 'python']
[0.289s] Level 1:colcon.colcon_core.package_identification:_identify(docker_all/docker_ros2/config) by extension 'cmake'
[0.289s] Level 1:colcon.colcon_core.package_identification:_identify(docker_all/docker_ros2/config) by extension 'python'
[0.289s] Level 1:colcon.colcon_core.package_identification:_identify(docker_all/docker_ros2/config) by extensions ['python_setup_py']
[0.289s] Level 1:colcon.colcon_core.package_identification:_identify(docker_all/docker_ros2/config) by extension 'python_setup_py'
[0.289s] Level 1:colcon.colcon_core.package_identification:_identify(docker_all/docker_ros2/config/pip) by extensions ['ignore', 'ignore_ament_install']
[0.290s] Level 1:colcon.colcon_core.package_identification:_identify(docker_all/docker_ros2/config/pip) by extension 'ignore'
[0.290s] Level 1:colcon.colcon_core.package_identification:_identify(docker_all/docker_ros2/config/pip) by extension 'ignore_ament_install'
[0.290s] Level 1:colcon.colcon_core.package_identification:_identify(docker_all/docker_ros2/config/pip) by extensions ['colcon_pkg']
[0.290s] Level 1:colcon.colcon_core.package_identification:_identify(docker_all/docker_ros2/config/pip) by extension 'colcon_pkg'
[0.290s] Level 1:colcon.colcon_core.package_identification:_identify(docker_all/docker_ros2/config/pip) by extensions ['colcon_meta']
[0.290s] Level 1:colcon.colcon_core.package_identification:_identify(docker_all/docker_ros2/config/pip) by extension 'colcon_meta'
[0.290s] Level 1:colcon.colcon_core.package_identification:_identify(docker_all/docker_ros2/config/pip) by extensions ['ros']
[0.290s] Level 1:colcon.colcon_core.package_identification:_identify(docker_all/docker_ros2/config/pip) by extension 'ros'
[0.290s] Level 1:colcon.colcon_core.package_identification:_identify(docker_all/docker_ros2/config/pip) by extensions ['cmake', 'python']
[0.290s] Level 1:colcon.colcon_core.package_identification:_identify(docker_all/docker_ros2/config/pip) by extension 'cmake'
[0.290s] Level 1:colcon.colcon_core.package_identification:_identify(docker_all/docker_ros2/config/pip) by extension 'python'
[0.290s] Level 1:colcon.colcon_core.package_identification:_identify(docker_all/docker_ros2/config/pip) by extensions ['python_setup_py']
[0.290s] Level 1:colcon.colcon_core.package_identification:_identify(docker_all/docker_ros2/config/pip) by extension 'python_setup_py'
[0.290s] Level 1:colcon.colcon_core.package_identification:_identify(docker_all/docker_ros2/config/shell) by extensions ['ignore', 'ignore_ament_install']
[0.290s] Level 1:colcon.colcon_core.package_identification:_identify(docker_all/docker_ros2/config/shell) by extension 'ignore'
[0.290s] Level 1:colcon.colcon_core.package_identification:_identify(docker_all/docker_ros2/config/shell) by extension 'ignore_ament_install'
[0.290s] Level 1:colcon.colcon_core.package_identification:_identify(docker_all/docker_ros2/config/shell) by extensions ['colcon_pkg']
[0.290s] Level 1:colcon.colcon_core.package_identification:_identify(docker_all/docker_ros2/config/shell) by extension 'colcon_pkg'
[0.290s] Level 1:colcon.colcon_core.package_identification:_identify(docker_all/docker_ros2/config/shell) by extensions ['colcon_meta']
[0.290s] Level 1:colcon.colcon_core.package_identification:_identify(docker_all/docker_ros2/config/shell) by extension 'colcon_meta'
[0.291s] Level 1:colcon.colcon_core.package_identification:_identify(docker_all/docker_ros2/config/shell) by extensions ['ros']
[0.291s] Level 1:colcon.colcon_core.package_identification:_identify(docker_all/docker_ros2/config/shell) by extension 'ros'
[0.291s] Level 1:colcon.colcon_core.package_identification:_identify(docker_all/docker_ros2/config/shell) by extensions ['cmake', 'python']
[0.291s] Level 1:colcon.colcon_core.package_identification:_identify(docker_all/docker_ros2/config/shell) by extension 'cmake'
[0.291s] Level 1:colcon.colcon_core.package_identification:_identify(docker_all/docker_ros2/config/shell) by extension 'python'
[0.291s] Level 1:colcon.colcon_core.package_identification:_identify(docker_all/docker_ros2/config/shell) by extensions ['python_setup_py']
[0.291s] Level 1:colcon.colcon_core.package_identification:_identify(docker_all/docker_ros2/config/shell) by extension 'python_setup_py'
[0.291s] Level 1:colcon.colcon_core.package_identification:_identify(docker_all/docker_ros2/config/shell/terminator) by extensions ['ignore', 'ignore_ament_install']
[0.291s] Level 1:colcon.colcon_core.package_identification:_identify(docker_all/docker_ros2/config/shell/terminator) by extension 'ignore'
[0.291s] Level 1:colcon.colcon_core.package_identification:_identify(docker_all/docker_ros2/config/shell/terminator) by extension 'ignore_ament_install'
[0.291s] Level 1:colcon.colcon_core.package_identification:_identify(docker_all/docker_ros2/config/shell/terminator) by extensions ['colcon_pkg']
[0.291s] Level 1:colcon.colcon_core.package_identification:_identify(docker_all/docker_ros2/config/shell/terminator) by extension 'colcon_pkg'
[0.291s] Level 1:colcon.colcon_core.package_identification:_identify(docker_all/docker_ros2/config/shell/terminator) by extensions ['colcon_meta']
[0.291s] Level 1:colcon.colcon_core.package_identification:_identify(docker_all/docker_ros2/config/shell/terminator) by extension 'colcon_meta'
[0.291s] Level 1:colcon.colcon_core.package_identification:_identify(docker_all/docker_ros2/config/shell/terminator) by extensions ['ros']
[0.291s] Level 1:colcon.colcon_core.package_identification:_identify(docker_all/docker_ros2/config/shell/terminator) by extension 'ros'
[0.291s] Level 1:colcon.colcon_core.package_identification:_identify(docker_all/docker_ros2/config/shell/terminator) by extensions ['cmake', 'python']
[0.291s] Level 1:colcon.colcon_core.package_identification:_identify(docker_all/docker_ros2/config/shell/terminator) by extension 'cmake'
[0.291s] Level 1:colcon.colcon_core.package_identification:_identify(docker_all/docker_ros2/config/shell/terminator) by extension 'python'
[0.291s] Level 1:colcon.colcon_core.package_identification:_identify(docker_all/docker_ros2/config/shell/terminator) by extensions ['python_setup_py']
[0.292s] Level 1:colcon.colcon_core.package_identification:_identify(docker_all/docker_ros2/config/shell/terminator) by extension 'python_setup_py'
[0.292s] Level 1:colcon.colcon_core.package_identification:_identify(docker_all/docker_ros2/config/shell/tmux) by extensions ['ignore', 'ignore_ament_install']
[0.292s] Level 1:colcon.colcon_core.package_identification:_identify(docker_all/docker_ros2/config/shell/tmux) by extension 'ignore'
[0.292s] Level 1:colcon.colcon_core.package_identification:_identify(docker_all/docker_ros2/config/shell/tmux) by extension 'ignore_ament_install'
[0.292s] Level 1:colcon.colcon_core.package_identification:_identify(docker_all/docker_ros2/config/shell/tmux) by extensions ['colcon_pkg']
[0.292s] Level 1:colcon.colcon_core.package_identification:_identify(docker_all/docker_ros2/config/shell/tmux) by extension 'colcon_pkg'
[0.292s] Level 1:colcon.colcon_core.package_identification:_identify(docker_all/docker_ros2/config/shell/tmux) by extensions ['colcon_meta']
[0.292s] Level 1:colcon.colcon_core.package_identification:_identify(docker_all/docker_ros2/config/shell/tmux) by extension 'colcon_meta'
[0.292s] Level 1:colcon.colcon_core.package_identification:_identify(docker_all/docker_ros2/config/shell/tmux) by extensions ['ros']
[0.292s] Level 1:colcon.colcon_core.package_identification:_identify(docker_all/docker_ros2/config/shell/tmux) by extension 'ros'
[0.292s] Level 1:colcon.colcon_core.package_identification:_identify(docker_all/docker_ros2/config/shell/tmux) by extensions ['cmake', 'python']
[0.292s] Level 1:colcon.colcon_core.package_identification:_identify(docker_all/docker_ros2/config/shell/tmux) by extension 'cmake'
[0.292s] Level 1:colcon.colcon_core.package_identification:_identify(docker_all/docker_ros2/config/shell/tmux) by extension 'python'
[0.292s] Level 1:colcon.colcon_core.package_identification:_identify(docker_all/docker_ros2/config/shell/tmux) by extensions ['python_setup_py']
[0.292s] Level 1:colcon.colcon_core.package_identification:_identify(docker_all/docker_ros2/config/shell/tmux) by extension 'python_setup_py'
[0.292s] Level 1:colcon.colcon_core.package_identification:_identify(install) by extensions ['ignore', 'ignore_ament_install']
[0.292s] Level 1:colcon.colcon_core.package_identification:_identify(install) by extension 'ignore'
[0.292s] Level 1:colcon.colcon_core.package_identification:_identify(install) ignored
[0.292s] Level 1:colcon.colcon_core.package_identification:_identify(libmodbus) by extensions ['ignore', 'ignore_ament_install']
[0.293s] Level 1:colcon.colcon_core.package_identification:_identify(libmodbus) by extension 'ignore'
[0.293s] Level 1:colcon.colcon_core.package_identification:_identify(libmodbus) by extension 'ignore_ament_install'
[0.293s] Level 1:colcon.colcon_core.package_identification:_identify(libmodbus) by extensions ['colcon_pkg']
[0.293s] Level 1:colcon.colcon_core.package_identification:_identify(libmodbus) by extension 'colcon_pkg'
[0.293s] Level 1:colcon.colcon_core.package_identification:_identify(libmodbus) by extensions ['colcon_meta']
[0.293s] Level 1:colcon.colcon_core.package_identification:_identify(libmodbus) by extension 'colcon_meta'
[0.293s] Level 1:colcon.colcon_core.package_identification:_identify(libmodbus) by extensions ['ros']
[0.293s] Level 1:colcon.colcon_core.package_identification:_identify(libmodbus) by extension 'ros'
[0.293s] Level 1:colcon.colcon_core.package_identification:_identify(libmodbus) by extensions ['cmake', 'python']
[0.293s] Level 1:colcon.colcon_core.package_identification:_identify(libmodbus) by extension 'cmake'
[0.293s] Level 1:colcon.colcon_core.package_identification:_identify(libmodbus) by extension 'python'
[0.293s] Level 1:colcon.colcon_core.package_identification:_identify(libmodbus) by extensions ['python_setup_py']
[0.293s] Level 1:colcon.colcon_core.package_identification:_identify(libmodbus) by extension 'python_setup_py'
[0.293s] Level 1:colcon.colcon_core.package_identification:_identify(libmodbus/build) by extensions ['ignore', 'ignore_ament_install']
[0.293s] Level 1:colcon.colcon_core.package_identification:_identify(libmodbus/build) by extension 'ignore'
[0.293s] Level 1:colcon.colcon_core.package_identification:_identify(libmodbus/build) ignored
[0.293s] Level 1:colcon.colcon_core.package_identification:_identify(libmodbus/doc) by extensions ['ignore', 'ignore_ament_install']
[0.293s] Level 1:colcon.colcon_core.package_identification:_identify(libmodbus/doc) by extension 'ignore'
[0.293s] Level 1:colcon.colcon_core.package_identification:_identify(libmodbus/doc) by extension 'ignore_ament_install'
[0.293s] Level 1:colcon.colcon_core.package_identification:_identify(libmodbus/doc) by extensions ['colcon_pkg']
[0.294s] Level 1:colcon.colcon_core.package_identification:_identify(libmodbus/doc) by extension 'colcon_pkg'
[0.294s] Level 1:colcon.colcon_core.package_identification:_identify(libmodbus/doc) by extensions ['colcon_meta']
[0.294s] Level 1:colcon.colcon_core.package_identification:_identify(libmodbus/doc) by extension 'colcon_meta'
[0.294s] Level 1:colcon.colcon_core.package_identification:_identify(libmodbus/doc) by extensions ['ros']
[0.294s] Level 1:colcon.colcon_core.package_identification:_identify(libmodbus/doc) by extension 'ros'
[0.294s] Level 1:colcon.colcon_core.package_identification:_identify(libmodbus/doc) by extensions ['cmake', 'python']
[0.294s] Level 1:colcon.colcon_core.package_identification:_identify(libmodbus/doc) by extension 'cmake'
[0.294s] Level 1:colcon.colcon_core.package_identification:_identify(libmodbus/doc) by extension 'python'
[0.294s] Level 1:colcon.colcon_core.package_identification:_identify(libmodbus/doc) by extensions ['python_setup_py']
[0.294s] Level 1:colcon.colcon_core.package_identification:_identify(libmodbus/doc) by extension 'python_setup_py'
[0.294s] Level 1:colcon.colcon_core.package_identification:_identify(libmodbus/install) by extensions ['ignore', 'ignore_ament_install']
[0.294s] Level 1:colcon.colcon_core.package_identification:_identify(libmodbus/install) by extension 'ignore'
[0.294s] Level 1:colcon.colcon_core.package_identification:_identify(libmodbus/install) ignored
[0.294s] Level 1:colcon.colcon_core.package_identification:_identify(libmodbus/log) by extensions ['ignore', 'ignore_ament_install']
[0.294s] Level 1:colcon.colcon_core.package_identification:_identify(libmodbus/log) by extension 'ignore'
[0.294s] Level 1:colcon.colcon_core.package_identification:_identify(libmodbus/log) ignored
[0.294s] Level 1:colcon.colcon_core.package_identification:_identify(libmodbus/m4) by extensions ['ignore', 'ignore_ament_install']
[0.294s] Level 1:colcon.colcon_core.package_identification:_identify(libmodbus/m4) by extension 'ignore'
[0.294s] Level 1:colcon.colcon_core.package_identification:_identify(libmodbus/m4) by extension 'ignore_ament_install'
[0.294s] Level 1:colcon.colcon_core.package_identification:_identify(libmodbus/m4) by extensions ['colcon_pkg']
[0.294s] Level 1:colcon.colcon_core.package_identification:_identify(libmodbus/m4) by extension 'colcon_pkg'
[0.295s] Level 1:colcon.colcon_core.package_identification:_identify(libmodbus/m4) by extensions ['colcon_meta']
[0.295s] Level 1:colcon.colcon_core.package_identification:_identify(libmodbus/m4) by extension 'colcon_meta'
[0.295s] Level 1:colcon.colcon_core.package_identification:_identify(libmodbus/m4) by extensions ['ros']
[0.295s] Level 1:colcon.colcon_core.package_identification:_identify(libmodbus/m4) by extension 'ros'
[0.295s] Level 1:colcon.colcon_core.package_identification:_identify(libmodbus/m4) by extensions ['cmake', 'python']
[0.295s] Level 1:colcon.colcon_core.package_identification:_identify(libmodbus/m4) by extension 'cmake'
[0.295s] Level 1:colcon.colcon_core.package_identification:_identify(libmodbus/m4) by extension 'python'
[0.295s] Level 1:colcon.colcon_core.package_identification:_identify(libmodbus/m4) by extensions ['python_setup_py']
[0.295s] Level 1:colcon.colcon_core.package_identification:_identify(libmodbus/m4) by extension 'python_setup_py'
[0.295s] Level 1:colcon.colcon_core.package_identification:_identify(libmodbus/src) by extensions ['ignore', 'ignore_ament_install']
[0.295s] Level 1:colcon.colcon_core.package_identification:_identify(libmodbus/src) by extension 'ignore'
[0.295s] Level 1:colcon.colcon_core.package_identification:_identify(libmodbus/src) by extension 'ignore_ament_install'
[0.295s] Level 1:colcon.colcon_core.package_identification:_identify(libmodbus/src) by extensions ['colcon_pkg']
[0.295s] Level 1:colcon.colcon_core.package_identification:_identify(libmodbus/src) by extension 'colcon_pkg'
[0.295s] Level 1:colcon.colcon_core.package_identification:_identify(libmodbus/src) by extensions ['colcon_meta']
[0.295s] Level 1:colcon.colcon_core.package_identification:_identify(libmodbus/src) by extension 'colcon_meta'
[0.295s] Level 1:colcon.colcon_core.package_identification:_identify(libmodbus/src) by extensions ['ros']
[0.295s] Level 1:colcon.colcon_core.package_identification:_identify(libmodbus/src) by extension 'ros'
[0.295s] Level 1:colcon.colcon_core.package_identification:_identify(libmodbus/src) by extensions ['cmake', 'python']
[0.295s] Level 1:colcon.colcon_core.package_identification:_identify(libmodbus/src) by extension 'cmake'
[0.295s] Level 1:colcon.colcon_core.package_identification:_identify(libmodbus/src) by extension 'python'
[0.295s] Level 1:colcon.colcon_core.package_identification:_identify(libmodbus/src) by extensions ['python_setup_py']
[0.295s] Level 1:colcon.colcon_core.package_identification:_identify(libmodbus/src) by extension 'python_setup_py'
[0.296s] Level 1:colcon.colcon_core.package_identification:_identify(libmodbus/src/win32) by extensions ['ignore', 'ignore_ament_install']
[0.296s] Level 1:colcon.colcon_core.package_identification:_identify(libmodbus/src/win32) by extension 'ignore'
[0.296s] Level 1:colcon.colcon_core.package_identification:_identify(libmodbus/src/win32) by extension 'ignore_ament_install'
[0.296s] Level 1:colcon.colcon_core.package_identification:_identify(libmodbus/src/win32) by extensions ['colcon_pkg']
[0.296s] Level 1:colcon.colcon_core.package_identification:_identify(libmodbus/src/win32) by extension 'colcon_pkg'
[0.296s] Level 1:colcon.colcon_core.package_identification:_identify(libmodbus/src/win32) by extensions ['colcon_meta']
[0.296s] Level 1:colcon.colcon_core.package_identification:_identify(libmodbus/src/win32) by extension 'colcon_meta'
[0.296s] Level 1:colcon.colcon_core.package_identification:_identify(libmodbus/src/win32) by extensions ['ros']
[0.296s] Level 1:colcon.colcon_core.package_identification:_identify(libmodbus/src/win32) by extension 'ros'
[0.296s] Level 1:colcon.colcon_core.package_identification:_identify(libmodbus/src/win32) by extensions ['cmake', 'python']
[0.296s] Level 1:colcon.colcon_core.package_identification:_identify(libmodbus/src/win32) by extension 'cmake'
[0.296s] Level 1:colcon.colcon_core.package_identification:_identify(libmodbus/src/win32) by extension 'python'
[0.296s] Level 1:colcon.colcon_core.package_identification:_identify(libmodbus/src/win32) by extensions ['python_setup_py']
[0.296s] Level 1:colcon.colcon_core.package_identification:_identify(libmodbus/src/win32) by extension 'python_setup_py'
[0.296s] Level 1:colcon.colcon_core.package_identification:_identify(libmodbus/tests) by extensions ['ignore', 'ignore_ament_install']
[0.296s] Level 1:colcon.colcon_core.package_identification:_identify(libmodbus/tests) by extension 'ignore'
[0.296s] Level 1:colcon.colcon_core.package_identification:_identify(libmodbus/tests) by extension 'ignore_ament_install'
[0.296s] Level 1:colcon.colcon_core.package_identification:_identify(libmodbus/tests) by extensions ['colcon_pkg']
[0.296s] Level 1:colcon.colcon_core.package_identification:_identify(libmodbus/tests) by extension 'colcon_pkg'
[0.296s] Level 1:colcon.colcon_core.package_identification:_identify(libmodbus/tests) by extensions ['colcon_meta']
[0.296s] Level 1:colcon.colcon_core.package_identification:_identify(libmodbus/tests) by extension 'colcon_meta'
[0.296s] Level 1:colcon.colcon_core.package_identification:_identify(libmodbus/tests) by extensions ['ros']
[0.296s] Level 1:colcon.colcon_core.package_identification:_identify(libmodbus/tests) by extension 'ros'
[0.297s] Level 1:colcon.colcon_core.package_identification:_identify(libmodbus/tests) by extensions ['cmake', 'python']
[0.297s] Level 1:colcon.colcon_core.package_identification:_identify(libmodbus/tests) by extension 'cmake'
[0.297s] Level 1:colcon.colcon_core.package_identification:_identify(libmodbus/tests) by extension 'python'
[0.297s] Level 1:colcon.colcon_core.package_identification:_identify(libmodbus/tests) by extensions ['python_setup_py']
[0.297s] Level 1:colcon.colcon_core.package_identification:_identify(libmodbus/tests) by extension 'python_setup_py'
[0.297s] Level 1:colcon.colcon_core.package_identification:_identify(log) by extensions ['ignore', 'ignore_ament_install']
[0.297s] Level 1:colcon.colcon_core.package_identification:_identify(log) by extension 'ignore'
[0.297s] Level 1:colcon.colcon_core.package_identification:_identify(log) ignored
[0.297s] Level 1:colcon.colcon_core.package_identification:_identify(src) by extensions ['ignore', 'ignore_ament_install']
[0.297s] Level 1:colcon.colcon_core.package_identification:_identify(src) by extension 'ignore'
[0.297s] Level 1:colcon.colcon_core.package_identification:_identify(src) by extension 'ignore_ament_install'
[0.297s] Level 1:colcon.colcon_core.package_identification:_identify(src) by extensions ['colcon_pkg']
[0.297s] Level 1:colcon.colcon_core.package_identification:_identify(src) by extension 'colcon_pkg'
[0.297s] Level 1:colcon.colcon_core.package_identification:_identify(src) by extensions ['colcon_meta']
[0.297s] Level 1:colcon.colcon_core.package_identification:_identify(src) by extension 'colcon_meta'
[0.297s] Level 1:colcon.colcon_core.package_identification:_identify(src) by extensions ['ros']
[0.297s] Level 1:colcon.colcon_core.package_identification:_identify(src) by extension 'ros'
[0.297s] Level 1:colcon.colcon_core.package_identification:_identify(src) by extensions ['cmake', 'python']
[0.297s] Level 1:colcon.colcon_core.package_identification:_identify(src) by extension 'cmake'
[0.297s] Level 1:colcon.colcon_core.package_identification:_identify(src) by extension 'python'
[0.297s] Level 1:colcon.colcon_core.package_identification:_identify(src) by extensions ['python_setup_py']
[0.297s] Level 1:colcon.colcon_core.package_identification:_identify(src) by extension 'python_setup_py'
[0.298s] Level 1:colcon.colcon_core.package_identification:_identify(src/docking) by extensions ['ignore', 'ignore_ament_install']
[0.298s] Level 1:colcon.colcon_core.package_identification:_identify(src/docking) by extension 'ignore'
[0.298s] Level 1:colcon.colcon_core.package_identification:_identify(src/docking) by extension 'ignore_ament_install'
[0.298s] Level 1:colcon.colcon_core.package_identification:_identify(src/docking) by extensions ['colcon_pkg']
[0.298s] Level 1:colcon.colcon_core.package_identification:_identify(src/docking) by extension 'colcon_pkg'
[0.298s] Level 1:colcon.colcon_core.package_identification:_identify(src/docking) by extensions ['colcon_meta']
[0.298s] Level 1:colcon.colcon_core.package_identification:_identify(src/docking) by extension 'colcon_meta'
[0.298s] Level 1:colcon.colcon_core.package_identification:_identify(src/docking) by extensions ['ros']
[0.298s] Level 1:colcon.colcon_core.package_identification:_identify(src/docking) by extension 'ros'
[0.298s] Level 1:colcon.colcon_core.package_identification:_identify(src/docking) by extensions ['cmake', 'python']
[0.298s] Level 1:colcon.colcon_core.package_identification:_identify(src/docking) by extension 'cmake'
[0.298s] Level 1:colcon.colcon_core.package_identification:_identify(src/docking) by extension 'python'
[0.298s] Level 1:colcon.colcon_core.package_identification:_identify(src/docking) by extensions ['python_setup_py']
[0.298s] Level 1:colcon.colcon_core.package_identification:_identify(src/docking) by extension 'python_setup_py'
[0.298s] Level 1:colcon.colcon_core.package_identification:_identify(src/docking/docking_pkg) by extensions ['ignore', 'ignore_ament_install']
[0.298s] Level 1:colcon.colcon_core.package_identification:_identify(src/docking/docking_pkg) by extension 'ignore'
[0.298s] Level 1:colcon.colcon_core.package_identification:_identify(src/docking/docking_pkg) by extension 'ignore_ament_install'
[0.298s] Level 1:colcon.colcon_core.package_identification:_identify(src/docking/docking_pkg) by extensions ['colcon_pkg']
[0.298s] Level 1:colcon.colcon_core.package_identification:_identify(src/docking/docking_pkg) by extension 'colcon_pkg'
[0.298s] Level 1:colcon.colcon_core.package_identification:_identify(src/docking/docking_pkg) by extensions ['colcon_meta']
[0.298s] Level 1:colcon.colcon_core.package_identification:_identify(src/docking/docking_pkg) by extension 'colcon_meta'
[0.298s] Level 1:colcon.colcon_core.package_identification:_identify(src/docking/docking_pkg) by extensions ['ros']
[0.298s] Level 1:colcon.colcon_core.package_identification:_identify(src/docking/docking_pkg) by extension 'ros'
[0.300s] DEBUG:colcon.colcon_core.package_identification:Package 'src/docking/docking_pkg' with type 'ros.ament_python' and name 'docking_pkg'
[0.301s] Level 1:colcon.colcon_core.package_identification:_identify(src/docking/realsense-ros) by extensions ['ignore', 'ignore_ament_install']
[0.301s] Level 1:colcon.colcon_core.package_identification:_identify(src/docking/realsense-ros) by extension 'ignore'
[0.301s] Level 1:colcon.colcon_core.package_identification:_identify(src/docking/realsense-ros) by extension 'ignore_ament_install'
[0.301s] Level 1:colcon.colcon_core.package_identification:_identify(src/docking/realsense-ros) by extensions ['colcon_pkg']
[0.301s] Level 1:colcon.colcon_core.package_identification:_identify(src/docking/realsense-ros) by extension 'colcon_pkg'
[0.301s] Level 1:colcon.colcon_core.package_identification:_identify(src/docking/realsense-ros) by extensions ['colcon_meta']
[0.301s] Level 1:colcon.colcon_core.package_identification:_identify(src/docking/realsense-ros) by extension 'colcon_meta'
[0.301s] Level 1:colcon.colcon_core.package_identification:_identify(src/docking/realsense-ros) by extensions ['ros']
[0.301s] Level 1:colcon.colcon_core.package_identification:_identify(src/docking/realsense-ros) by extension 'ros'
[0.301s] Level 1:colcon.colcon_core.package_identification:_identify(src/docking/realsense-ros) by extensions ['cmake', 'python']
[0.301s] Level 1:colcon.colcon_core.package_identification:_identify(src/docking/realsense-ros) by extension 'cmake'
[0.301s] Level 1:colcon.colcon_core.package_identification:_identify(src/docking/realsense-ros) by extension 'python'
[0.301s] Level 1:colcon.colcon_core.package_identification:_identify(src/docking/realsense-ros) by extensions ['python_setup_py']
[0.301s] Level 1:colcon.colcon_core.package_identification:_identify(src/docking/realsense-ros) by extension 'python_setup_py'
[0.301s] Level 1:colcon.colcon_core.package_identification:_identify(src/docking/realsense-ros/realsense2_camera) by extensions ['ignore', 'ignore_ament_install']
[0.301s] Level 1:colcon.colcon_core.package_identification:_identify(src/docking/realsense-ros/realsense2_camera) by extension 'ignore'
[0.301s] Level 1:colcon.colcon_core.package_identification:_identify(src/docking/realsense-ros/realsense2_camera) by extension 'ignore_ament_install'
[0.301s] Level 1:colcon.colcon_core.package_identification:_identify(src/docking/realsense-ros/realsense2_camera) by extensions ['colcon_pkg']
[0.301s] Level 1:colcon.colcon_core.package_identification:_identify(src/docking/realsense-ros/realsense2_camera) by extension 'colcon_pkg'
[0.301s] Level 1:colcon.colcon_core.package_identification:_identify(src/docking/realsense-ros/realsense2_camera) by extensions ['colcon_meta']
[0.301s] Level 1:colcon.colcon_core.package_identification:_identify(src/docking/realsense-ros/realsense2_camera) by extension 'colcon_meta'
[0.302s] Level 1:colcon.colcon_core.package_identification:_identify(src/docking/realsense-ros/realsense2_camera) by extensions ['ros']
[0.302s] Level 1:colcon.colcon_core.package_identification:_identify(src/docking/realsense-ros/realsense2_camera) by extension 'ros'
[0.316s] DEBUG:colcon.colcon_core.package_identification:Package 'src/docking/realsense-ros/realsense2_camera' with type 'ros.ament_cmake' and name 'realsense2_camera'
[0.316s] Level 1:colcon.colcon_core.package_identification:_identify(src/docking/realsense-ros/realsense2_camera_msgs) by extensions ['ignore', 'ignore_ament_install']
[0.316s] Level 1:colcon.colcon_core.package_identification:_identify(src/docking/realsense-ros/realsense2_camera_msgs) by extension 'ignore'
[0.317s] Level 1:colcon.colcon_core.package_identification:_identify(src/docking/realsense-ros/realsense2_camera_msgs) by extension 'ignore_ament_install'
[0.317s] Level 1:colcon.colcon_core.package_identification:_identify(src/docking/realsense-ros/realsense2_camera_msgs) by extensions ['colcon_pkg']
[0.317s] Level 1:colcon.colcon_core.package_identification:_identify(src/docking/realsense-ros/realsense2_camera_msgs) by extension 'colcon_pkg'
[0.317s] Level 1:colcon.colcon_core.package_identification:_identify(src/docking/realsense-ros/realsense2_camera_msgs) by extensions ['colcon_meta']
[0.317s] Level 1:colcon.colcon_core.package_identification:_identify(src/docking/realsense-ros/realsense2_camera_msgs) by extension 'colcon_meta'
[0.317s] Level 1:colcon.colcon_core.package_identification:_identify(src/docking/realsense-ros/realsense2_camera_msgs) by extensions ['ros']
[0.317s] Level 1:colcon.colcon_core.package_identification:_identify(src/docking/realsense-ros/realsense2_camera_msgs) by extension 'ros'
[0.317s] DEBUG:colcon.colcon_core.package_identification:Package 'src/docking/realsense-ros/realsense2_camera_msgs' with type 'ros.ament_cmake' and name 'realsense2_camera_msgs'
[0.317s] Level 1:colcon.colcon_core.package_identification:_identify(src/docking/realsense-ros/realsense2_description) by extensions ['ignore', 'ignore_ament_install']
[0.317s] Level 1:colcon.colcon_core.package_identification:_identify(src/docking/realsense-ros/realsense2_description) by extension 'ignore'
[0.318s] Level 1:colcon.colcon_core.package_identification:_identify(src/docking/realsense-ros/realsense2_description) by extension 'ignore_ament_install'
[0.318s] Level 1:colcon.colcon_core.package_identification:_identify(src/docking/realsense-ros/realsense2_description) by extensions ['colcon_pkg']
[0.318s] Level 1:colcon.colcon_core.package_identification:_identify(src/docking/realsense-ros/realsense2_description) by extension 'colcon_pkg'
[0.318s] Level 1:colcon.colcon_core.package_identification:_identify(src/docking/realsense-ros/realsense2_description) by extensions ['colcon_meta']
[0.318s] Level 1:colcon.colcon_core.package_identification:_identify(src/docking/realsense-ros/realsense2_description) by extension 'colcon_meta'
[0.318s] Level 1:colcon.colcon_core.package_identification:_identify(src/docking/realsense-ros/realsense2_description) by extensions ['ros']
[0.318s] Level 1:colcon.colcon_core.package_identification:_identify(src/docking/realsense-ros/realsense2_description) by extension 'ros'
[0.318s] DEBUG:colcon.colcon_core.package_identification:Package 'src/docking/realsense-ros/realsense2_description' with type 'ros.ament_cmake' and name 'realsense2_description'
[0.318s] Level 1:colcon.colcon_core.package_identification:_identify(src/docking/realsense-ros/scripts) by extensions ['ignore', 'ignore_ament_install']
[0.319s] Level 1:colcon.colcon_core.package_identification:_identify(src/docking/realsense-ros/scripts) by extension 'ignore'
[0.319s] Level 1:colcon.colcon_core.package_identification:_identify(src/docking/realsense-ros/scripts) by extension 'ignore_ament_install'
[0.319s] Level 1:colcon.colcon_core.package_identification:_identify(src/docking/realsense-ros/scripts) by extensions ['colcon_pkg']
[0.319s] Level 1:colcon.colcon_core.package_identification:_identify(src/docking/realsense-ros/scripts) by extension 'colcon_pkg'
[0.319s] Level 1:colcon.colcon_core.package_identification:_identify(src/docking/realsense-ros/scripts) by extensions ['colcon_meta']
[0.319s] Level 1:colcon.colcon_core.package_identification:_identify(src/docking/realsense-ros/scripts) by extension 'colcon_meta'
[0.319s] Level 1:colcon.colcon_core.package_identification:_identify(src/docking/realsense-ros/scripts) by extensions ['ros']
[0.319s] Level 1:colcon.colcon_core.package_identification:_identify(src/docking/realsense-ros/scripts) by extension 'ros'
[0.319s] Level 1:colcon.colcon_core.package_identification:_identify(src/docking/realsense-ros/scripts) by extensions ['cmake', 'python']
[0.319s] Level 1:colcon.colcon_core.package_identification:_identify(src/docking/realsense-ros/scripts) by extension 'cmake'
[0.319s] Level 1:colcon.colcon_core.package_identification:_identify(src/docking/realsense-ros/scripts) by extension 'python'
[0.319s] Level 1:colcon.colcon_core.package_identification:_identify(src/docking/realsense-ros/scripts) by extensions ['python_setup_py']
[0.319s] Level 1:colcon.colcon_core.package_identification:_identify(src/docking/realsense-ros/scripts) by extension 'python_setup_py'
[0.319s] Level 1:colcon.colcon_core.package_identification:_identify(src/gui) by extensions ['ignore', 'ignore_ament_install']
[0.319s] Level 1:colcon.colcon_core.package_identification:_identify(src/gui) by extension 'ignore'
[0.319s] Level 1:colcon.colcon_core.package_identification:_identify(src/gui) by extension 'ignore_ament_install'
[0.319s] Level 1:colcon.colcon_core.package_identification:_identify(src/gui) by extensions ['colcon_pkg']
[0.319s] Level 1:colcon.colcon_core.package_identification:_identify(src/gui) by extension 'colcon_pkg'
[0.319s] Level 1:colcon.colcon_core.package_identification:_identify(src/gui) by extensions ['colcon_meta']
[0.319s] Level 1:colcon.colcon_core.package_identification:_identify(src/gui) by extension 'colcon_meta'
[0.319s] Level 1:colcon.colcon_core.package_identification:_identify(src/gui) by extensions ['ros']
[0.319s] Level 1:colcon.colcon_core.package_identification:_identify(src/gui) by extension 'ros'
[0.320s] Level 1:colcon.colcon_core.package_identification:_identify(src/gui) by extensions ['cmake', 'python']
[0.320s] Level 1:colcon.colcon_core.package_identification:_identify(src/gui) by extension 'cmake'
[0.320s] Level 1:colcon.colcon_core.package_identification:_identify(src/gui) by extension 'python'
[0.320s] Level 1:colcon.colcon_core.package_identification:_identify(src/gui) by extensions ['python_setup_py']
[0.320s] Level 1:colcon.colcon_core.package_identification:_identify(src/gui) by extension 'python_setup_py'
[0.320s] Level 1:colcon.colcon_core.package_identification:_identify(src/gui/gui) by extensions ['ignore', 'ignore_ament_install']
[0.320s] Level 1:colcon.colcon_core.package_identification:_identify(src/gui/gui) by extension 'ignore'
[0.320s] Level 1:colcon.colcon_core.package_identification:_identify(src/gui/gui) by extension 'ignore_ament_install'
[0.320s] Level 1:colcon.colcon_core.package_identification:_identify(src/gui/gui) by extensions ['colcon_pkg']
[0.320s] Level 1:colcon.colcon_core.package_identification:_identify(src/gui/gui) by extension 'colcon_pkg'
[0.320s] Level 1:colcon.colcon_core.package_identification:_identify(src/gui/gui) by extensions ['colcon_meta']
[0.320s] Level 1:colcon.colcon_core.package_identification:_identify(src/gui/gui) by extension 'colcon_meta'
[0.320s] Level 1:colcon.colcon_core.package_identification:_identify(src/gui/gui) by extensions ['ros']
[0.320s] Level 1:colcon.colcon_core.package_identification:_identify(src/gui/gui) by extension 'ros'
[0.321s] DEBUG:colcon.colcon_core.package_identification:Package 'src/gui/gui' with type 'ros.ament_python' and name 'gui'
[0.321s] Level 1:colcon.colcon_core.package_identification:_identify(src/gui/gui_interface) by extensions ['ignore', 'ignore_ament_install']
[0.321s] Level 1:colcon.colcon_core.package_identification:_identify(src/gui/gui_interface) by extension 'ignore'
[0.321s] Level 1:colcon.colcon_core.package_identification:_identify(src/gui/gui_interface) by extension 'ignore_ament_install'
[0.321s] Level 1:colcon.colcon_core.package_identification:_identify(src/gui/gui_interface) by extensions ['colcon_pkg']
[0.321s] Level 1:colcon.colcon_core.package_identification:_identify(src/gui/gui_interface) by extension 'colcon_pkg'
[0.321s] Level 1:colcon.colcon_core.package_identification:_identify(src/gui/gui_interface) by extensions ['colcon_meta']
[0.321s] Level 1:colcon.colcon_core.package_identification:_identify(src/gui/gui_interface) by extension 'colcon_meta'
[0.321s] Level 1:colcon.colcon_core.package_identification:_identify(src/gui/gui_interface) by extensions ['ros']
[0.321s] Level 1:colcon.colcon_core.package_identification:_identify(src/gui/gui_interface) by extension 'ros'
[0.321s] DEBUG:colcon.colcon_core.package_identification:Package 'src/gui/gui_interface' with type 'ros.ament_cmake' and name 'gui_interface'
[0.321s] Level 1:colcon.colcon_core.package_identification:_identify(src/interface) by extensions ['ignore', 'ignore_ament_install']
[0.322s] Level 1:colcon.colcon_core.package_identification:_identify(src/interface) by extension 'ignore'
[0.322s] Level 1:colcon.colcon_core.package_identification:_identify(src/interface) by extension 'ignore_ament_install'
[0.322s] Level 1:colcon.colcon_core.package_identification:_identify(src/interface) by extensions ['colcon_pkg']
[0.322s] Level 1:colcon.colcon_core.package_identification:_identify(src/interface) by extension 'colcon_pkg'
[0.322s] Level 1:colcon.colcon_core.package_identification:_identify(src/interface) by extensions ['colcon_meta']
[0.322s] Level 1:colcon.colcon_core.package_identification:_identify(src/interface) by extension 'colcon_meta'
[0.322s] Level 1:colcon.colcon_core.package_identification:_identify(src/interface) by extensions ['ros']
[0.322s] Level 1:colcon.colcon_core.package_identification:_identify(src/interface) by extension 'ros'
[0.322s] DEBUG:colcon.colcon_core.package_identification:Package 'src/interface' with type 'ros.ament_cmake' and name 'interface'
[0.322s] Level 1:colcon.colcon_core.package_identification:_identify(src/ira_laser_tools) by extensions ['ignore', 'ignore_ament_install']
[0.322s] Level 1:colcon.colcon_core.package_identification:_identify(src/ira_laser_tools) by extension 'ignore'
[0.322s] Level 1:colcon.colcon_core.package_identification:_identify(src/ira_laser_tools) by extension 'ignore_ament_install'
[0.322s] Level 1:colcon.colcon_core.package_identification:_identify(src/ira_laser_tools) by extensions ['colcon_pkg']
[0.322s] Level 1:colcon.colcon_core.package_identification:_identify(src/ira_laser_tools) by extension 'colcon_pkg'
[0.323s] Level 1:colcon.colcon_core.package_identification:_identify(src/ira_laser_tools) by extensions ['colcon_meta']
[0.323s] Level 1:colcon.colcon_core.package_identification:_identify(src/ira_laser_tools) by extension 'colcon_meta'
[0.323s] Level 1:colcon.colcon_core.package_identification:_identify(src/ira_laser_tools) by extensions ['ros']
[0.323s] Level 1:colcon.colcon_core.package_identification:_identify(src/ira_laser_tools) by extension 'ros'
[0.324s] DEBUG:colcon.colcon_core.package_identification:Package 'src/ira_laser_tools' with type 'ros.ament_cmake' and name 'ira_laser_tools'
[0.324s] Level 1:colcon.colcon_core.package_identification:_identify(src/keyboard_control) by extensions ['ignore', 'ignore_ament_install']
[0.324s] Level 1:colcon.colcon_core.package_identification:_identify(src/keyboard_control) by extension 'ignore'
[0.324s] Level 1:colcon.colcon_core.package_identification:_identify(src/keyboard_control) by extension 'ignore_ament_install'
[0.324s] Level 1:colcon.colcon_core.package_identification:_identify(src/keyboard_control) by extensions ['colcon_pkg']
[0.324s] Level 1:colcon.colcon_core.package_identification:_identify(src/keyboard_control) by extension 'colcon_pkg'
[0.324s] Level 1:colcon.colcon_core.package_identification:_identify(src/keyboard_control) by extensions ['colcon_meta']
[0.324s] Level 1:colcon.colcon_core.package_identification:_identify(src/keyboard_control) by extension 'colcon_meta'
[0.324s] Level 1:colcon.colcon_core.package_identification:_identify(src/keyboard_control) by extensions ['ros']
[0.324s] Level 1:colcon.colcon_core.package_identification:_identify(src/keyboard_control) by extension 'ros'
[0.325s] DEBUG:colcon.colcon_core.package_identification:Package 'src/keyboard_control' with type 'ros.ament_cmake' and name 'keyboard_control'
[0.325s] Level 1:colcon.colcon_core.package_identification:_identify(src/linear_move) by extensions ['ignore', 'ignore_ament_install']
[0.325s] Level 1:colcon.colcon_core.package_identification:_identify(src/linear_move) by extension 'ignore'
[0.325s] Level 1:colcon.colcon_core.package_identification:_identify(src/linear_move) by extension 'ignore_ament_install'
[0.325s] Level 1:colcon.colcon_core.package_identification:_identify(src/linear_move) by extensions ['colcon_pkg']
[0.325s] Level 1:colcon.colcon_core.package_identification:_identify(src/linear_move) by extension 'colcon_pkg'
[0.325s] Level 1:colcon.colcon_core.package_identification:_identify(src/linear_move) by extensions ['colcon_meta']
[0.325s] Level 1:colcon.colcon_core.package_identification:_identify(src/linear_move) by extension 'colcon_meta'
[0.325s] Level 1:colcon.colcon_core.package_identification:_identify(src/linear_move) by extensions ['ros']
[0.325s] Level 1:colcon.colcon_core.package_identification:_identify(src/linear_move) by extension 'ros'
[0.326s] DEBUG:colcon.colcon_core.package_identification:Package 'src/linear_move' with type 'ros.ament_cmake' and name 'linear_move'
[0.326s] Level 1:colcon.colcon_core.package_identification:_identify(src/main_control) by extensions ['ignore', 'ignore_ament_install']
[0.326s] Level 1:colcon.colcon_core.package_identification:_identify(src/main_control) by extension 'ignore'
[0.326s] Level 1:colcon.colcon_core.package_identification:_identify(src/main_control) by extension 'ignore_ament_install'
[0.326s] Level 1:colcon.colcon_core.package_identification:_identify(src/main_control) by extensions ['colcon_pkg']
[0.326s] Level 1:colcon.colcon_core.package_identification:_identify(src/main_control) by extension 'colcon_pkg'
[0.326s] Level 1:colcon.colcon_core.package_identification:_identify(src/main_control) by extensions ['colcon_meta']
[0.326s] Level 1:colcon.colcon_core.package_identification:_identify(src/main_control) by extension 'colcon_meta'
[0.326s] Level 1:colcon.colcon_core.package_identification:_identify(src/main_control) by extensions ['ros']
[0.326s] Level 1:colcon.colcon_core.package_identification:_identify(src/main_control) by extension 'ros'
[0.326s] Level 1:colcon.colcon_core.package_identification:_identify(src/main_control) by extensions ['cmake', 'python']
[0.326s] Level 1:colcon.colcon_core.package_identification:_identify(src/main_control) by extension 'cmake'
[0.326s] Level 1:colcon.colcon_core.package_identification:_identify(src/main_control) by extension 'python'
[0.326s] Level 1:colcon.colcon_core.package_identification:_identify(src/main_control) by extensions ['python_setup_py']
[0.326s] Level 1:colcon.colcon_core.package_identification:_identify(src/main_control) by extension 'python_setup_py'
[0.326s] Level 1:colcon.colcon_core.package_identification:_identify(src/main_control/main_control) by extensions ['ignore', 'ignore_ament_install']
[0.326s] Level 1:colcon.colcon_core.package_identification:_identify(src/main_control/main_control) by extension 'ignore'
[0.327s] Level 1:colcon.colcon_core.package_identification:_identify(src/main_control/main_control) by extension 'ignore_ament_install'
[0.327s] Level 1:colcon.colcon_core.package_identification:_identify(src/main_control/main_control) by extensions ['colcon_pkg']
[0.327s] Level 1:colcon.colcon_core.package_identification:_identify(src/main_control/main_control) by extension 'colcon_pkg'
[0.327s] Level 1:colcon.colcon_core.package_identification:_identify(src/main_control/main_control) by extensions ['colcon_meta']
[0.327s] Level 1:colcon.colcon_core.package_identification:_identify(src/main_control/main_control) by extension 'colcon_meta'
[0.327s] Level 1:colcon.colcon_core.package_identification:_identify(src/main_control/main_control) by extensions ['ros']
[0.327s] Level 1:colcon.colcon_core.package_identification:_identify(src/main_control/main_control) by extension 'ros'
[0.327s] DEBUG:colcon.colcon_core.package_identification:Package 'src/main_control/main_control' with type 'ros.ament_python' and name 'main_control'
[0.327s] Level 1:colcon.colcon_core.package_identification:_identify(src/mecanum) by extensions ['ignore', 'ignore_ament_install']
[0.327s] Level 1:colcon.colcon_core.package_identification:_identify(src/mecanum) by extension 'ignore'
[0.327s] Level 1:colcon.colcon_core.package_identification:_identify(src/mecanum) by extension 'ignore_ament_install'
[0.327s] Level 1:colcon.colcon_core.package_identification:_identify(src/mecanum) by extensions ['colcon_pkg']
[0.327s] Level 1:colcon.colcon_core.package_identification:_identify(src/mecanum) by extension 'colcon_pkg'
[0.327s] Level 1:colcon.colcon_core.package_identification:_identify(src/mecanum) by extensions ['colcon_meta']
[0.327s] Level 1:colcon.colcon_core.package_identification:_identify(src/mecanum) by extension 'colcon_meta'
[0.328s] Level 1:colcon.colcon_core.package_identification:_identify(src/mecanum) by extensions ['ros']
[0.328s] Level 1:colcon.colcon_core.package_identification:_identify(src/mecanum) by extension 'ros'
[0.328s] DEBUG:colcon.colcon_core.package_identification:Package 'src/mecanum' with type 'ros.ament_cmake' and name 'mecanum'
[0.328s] Level 1:colcon.colcon_core.package_identification:_identify(src/pallet) by extensions ['ignore', 'ignore_ament_install']
[0.328s] Level 1:colcon.colcon_core.package_identification:_identify(src/pallet) by extension 'ignore'
[0.328s] Level 1:colcon.colcon_core.package_identification:_identify(src/pallet) by extension 'ignore_ament_install'
[0.328s] Level 1:colcon.colcon_core.package_identification:_identify(src/pallet) by extensions ['colcon_pkg']
[0.328s] Level 1:colcon.colcon_core.package_identification:_identify(src/pallet) by extension 'colcon_pkg'
[0.328s] Level 1:colcon.colcon_core.package_identification:_identify(src/pallet) by extensions ['colcon_meta']
[0.328s] Level 1:colcon.colcon_core.package_identification:_identify(src/pallet) by extension 'colcon_meta'
[0.329s] Level 1:colcon.colcon_core.package_identification:_identify(src/pallet) by extensions ['ros']
[0.329s] Level 1:colcon.colcon_core.package_identification:_identify(src/pallet) by extension 'ros'
[0.329s] Level 1:colcon.colcon_core.package_identification:_identify(src/pallet) by extensions ['cmake', 'python']
[0.329s] Level 1:colcon.colcon_core.package_identification:_identify(src/pallet) by extension 'cmake'
[0.329s] Level 1:colcon.colcon_core.package_identification:_identify(src/pallet) by extension 'python'
[0.329s] Level 1:colcon.colcon_core.package_identification:_identify(src/pallet) by extensions ['python_setup_py']
[0.329s] Level 1:colcon.colcon_core.package_identification:_identify(src/pallet) by extension 'python_setup_py'
[0.329s] Level 1:colcon.colcon_core.package_identification:_identify(src/pallet/pallet_interfaces) by extensions ['ignore', 'ignore_ament_install']
[0.329s] Level 1:colcon.colcon_core.package_identification:_identify(src/pallet/pallet_interfaces) by extension 'ignore'
[0.329s] Level 1:colcon.colcon_core.package_identification:_identify(src/pallet/pallet_interfaces) by extension 'ignore_ament_install'
[0.329s] Level 1:colcon.colcon_core.package_identification:_identify(src/pallet/pallet_interfaces) by extensions ['colcon_pkg']
[0.329s] Level 1:colcon.colcon_core.package_identification:_identify(src/pallet/pallet_interfaces) by extension 'colcon_pkg'
[0.329s] Level 1:colcon.colcon_core.package_identification:_identify(src/pallet/pallet_interfaces) by extensions ['colcon_meta']
[0.329s] Level 1:colcon.colcon_core.package_identification:_identify(src/pallet/pallet_interfaces) by extension 'colcon_meta'
[0.329s] Level 1:colcon.colcon_core.package_identification:_identify(src/pallet/pallet_interfaces) by extensions ['ros']
[0.329s] Level 1:colcon.colcon_core.package_identification:_identify(src/pallet/pallet_interfaces) by extension 'ros'
[0.330s] DEBUG:colcon.colcon_core.package_identification:Package 'src/pallet/pallet_interfaces' with type 'ros.ament_cmake' and name 'pallet_interfaces'
[0.330s] Level 1:colcon.colcon_core.package_identification:_identify(src/pallet/pallet_main) by extensions ['ignore', 'ignore_ament_install']
[0.330s] Level 1:colcon.colcon_core.package_identification:_identify(src/pallet/pallet_main) by extension 'ignore'
[0.330s] Level 1:colcon.colcon_core.package_identification:_identify(src/pallet/pallet_main) by extension 'ignore_ament_install'
[0.330s] Level 1:colcon.colcon_core.package_identification:_identify(src/pallet/pallet_main) by extensions ['colcon_pkg']
[0.330s] Level 1:colcon.colcon_core.package_identification:_identify(src/pallet/pallet_main) by extension 'colcon_pkg'
[0.330s] Level 1:colcon.colcon_core.package_identification:_identify(src/pallet/pallet_main) by extensions ['colcon_meta']
[0.330s] Level 1:colcon.colcon_core.package_identification:_identify(src/pallet/pallet_main) by extension 'colcon_meta'
[0.330s] Level 1:colcon.colcon_core.package_identification:_identify(src/pallet/pallet_main) by extensions ['ros']
[0.330s] Level 1:colcon.colcon_core.package_identification:_identify(src/pallet/pallet_main) by extension 'ros'
[0.331s] DEBUG:colcon.colcon_core.package_identification:Package 'src/pallet/pallet_main' with type 'ros.ament_python' and name 'pallet_main'
[0.331s] Level 1:colcon.colcon_core.package_identification:_identify(src/timda_bringup) by extensions ['ignore', 'ignore_ament_install']
[0.331s] Level 1:colcon.colcon_core.package_identification:_identify(src/timda_bringup) by extension 'ignore'
[0.331s] Level 1:colcon.colcon_core.package_identification:_identify(src/timda_bringup) by extension 'ignore_ament_install'
[0.331s] Level 1:colcon.colcon_core.package_identification:_identify(src/timda_bringup) by extensions ['colcon_pkg']
[0.331s] Level 1:colcon.colcon_core.package_identification:_identify(src/timda_bringup) by extension 'colcon_pkg'
[0.331s] Level 1:colcon.colcon_core.package_identification:_identify(src/timda_bringup) by extensions ['colcon_meta']
[0.331s] Level 1:colcon.colcon_core.package_identification:_identify(src/timda_bringup) by extension 'colcon_meta'
[0.331s] Level 1:colcon.colcon_core.package_identification:_identify(src/timda_bringup) by extensions ['ros']
[0.331s] Level 1:colcon.colcon_core.package_identification:_identify(src/timda_bringup) by extension 'ros'
[0.331s] DEBUG:colcon.colcon_core.package_identification:Package 'src/timda_bringup' with type 'ros.ament_cmake' and name 'timda_bringup'
[0.331s] Level 1:colcon.colcon_core.package_identification:_identify(src/timda_sim) by extensions ['ignore', 'ignore_ament_install']
[0.332s] Level 1:colcon.colcon_core.package_identification:_identify(src/timda_sim) by extension 'ignore'
[0.332s] Level 1:colcon.colcon_core.package_identification:_identify(src/timda_sim) by extension 'ignore_ament_install'
[0.332s] Level 1:colcon.colcon_core.package_identification:_identify(src/timda_sim) by extensions ['colcon_pkg']
[0.332s] Level 1:colcon.colcon_core.package_identification:_identify(src/timda_sim) by extension 'colcon_pkg'
[0.332s] Level 1:colcon.colcon_core.package_identification:_identify(src/timda_sim) by extensions ['colcon_meta']
[0.332s] Level 1:colcon.colcon_core.package_identification:_identify(src/timda_sim) by extension 'colcon_meta'
[0.332s] Level 1:colcon.colcon_core.package_identification:_identify(src/timda_sim) by extensions ['ros']
[0.332s] Level 1:colcon.colcon_core.package_identification:_identify(src/timda_sim) by extension 'ros'
[0.332s] Level 1:colcon.colcon_core.package_identification:_identify(src/timda_sim) by extensions ['cmake', 'python']
[0.332s] Level 1:colcon.colcon_core.package_identification:_identify(src/timda_sim) by extension 'cmake'
[0.332s] Level 1:colcon.colcon_core.package_identification:_identify(src/timda_sim) by extension 'python'
[0.332s] Level 1:colcon.colcon_core.package_identification:_identify(src/timda_sim) by extensions ['python_setup_py']
[0.332s] Level 1:colcon.colcon_core.package_identification:_identify(src/timda_sim) by extension 'python_setup_py'
[0.332s] Level 1:colcon.colcon_core.package_identification:_identify(src/timda_sim/mobile_description) by extensions ['ignore', 'ignore_ament_install']
[0.332s] Level 1:colcon.colcon_core.package_identification:_identify(src/timda_sim/mobile_description) by extension 'ignore'
[0.332s] Level 1:colcon.colcon_core.package_identification:_identify(src/timda_sim/mobile_description) by extension 'ignore_ament_install'
[0.332s] Level 1:colcon.colcon_core.package_identification:_identify(src/timda_sim/mobile_description) by extensions ['colcon_pkg']
[0.332s] Level 1:colcon.colcon_core.package_identification:_identify(src/timda_sim/mobile_description) by extension 'colcon_pkg'
[0.332s] Level 1:colcon.colcon_core.package_identification:_identify(src/timda_sim/mobile_description) by extensions ['colcon_meta']
[0.332s] Level 1:colcon.colcon_core.package_identification:_identify(src/timda_sim/mobile_description) by extension 'colcon_meta'
[0.332s] Level 1:colcon.colcon_core.package_identification:_identify(src/timda_sim/mobile_description) by extensions ['ros']
[0.332s] Level 1:colcon.colcon_core.package_identification:_identify(src/timda_sim/mobile_description) by extension 'ros'
[0.333s] DEBUG:colcon.colcon_core.package_identification:Package 'src/timda_sim/mobile_description' with type 'ros.ament_cmake' and name 'mobile_description'
[0.333s] Level 1:colcon.colcon_core.package_identification:_identify(src/timda_sim/robot_arm_description) by extensions ['ignore', 'ignore_ament_install']
[0.333s] Level 1:colcon.colcon_core.package_identification:_identify(src/timda_sim/robot_arm_description) by extension 'ignore'
[0.333s] Level 1:colcon.colcon_core.package_identification:_identify(src/timda_sim/robot_arm_description) by extension 'ignore_ament_install'
[0.333s] Level 1:colcon.colcon_core.package_identification:_identify(src/timda_sim/robot_arm_description) by extensions ['colcon_pkg']
[0.333s] Level 1:colcon.colcon_core.package_identification:_identify(src/timda_sim/robot_arm_description) by extension 'colcon_pkg'
[0.333s] Level 1:colcon.colcon_core.package_identification:_identify(src/timda_sim/robot_arm_description) by extensions ['colcon_meta']
[0.333s] Level 1:colcon.colcon_core.package_identification:_identify(src/timda_sim/robot_arm_description) by extension 'colcon_meta'
[0.333s] Level 1:colcon.colcon_core.package_identification:_identify(src/timda_sim/robot_arm_description) by extensions ['ros']
[0.333s] Level 1:colcon.colcon_core.package_identification:_identify(src/timda_sim/robot_arm_description) by extension 'ros'
[0.334s] DEBUG:colcon.colcon_core.package_identification:Package 'src/timda_sim/robot_arm_description' with type 'ros.ament_cmake' and name 'robot_arm_description'
[0.334s] Level 1:colcon.colcon_core.package_identification:_identify(src/timda_sim/suction_description) by extensions ['ignore', 'ignore_ament_install']
[0.334s] Level 1:colcon.colcon_core.package_identification:_identify(src/timda_sim/suction_description) by extension 'ignore'
[0.334s] Level 1:colcon.colcon_core.package_identification:_identify(src/timda_sim/suction_description) by extension 'ignore_ament_install'
[0.334s] Level 1:colcon.colcon_core.package_identification:_identify(src/timda_sim/suction_description) by extensions ['colcon_pkg']
[0.334s] Level 1:colcon.colcon_core.package_identification:_identify(src/timda_sim/suction_description) by extension 'colcon_pkg'
[0.334s] Level 1:colcon.colcon_core.package_identification:_identify(src/timda_sim/suction_description) by extensions ['colcon_meta']
[0.334s] Level 1:colcon.colcon_core.package_identification:_identify(src/timda_sim/suction_description) by extension 'colcon_meta'
[0.334s] Level 1:colcon.colcon_core.package_identification:_identify(src/timda_sim/suction_description) by extensions ['ros']
[0.334s] Level 1:colcon.colcon_core.package_identification:_identify(src/timda_sim/suction_description) by extension 'ros'
[0.334s] DEBUG:colcon.colcon_core.package_identification:Package 'src/timda_sim/suction_description' with type 'ros.ament_cmake' and name 'suction_description'
[0.335s] Level 1:colcon.colcon_core.package_identification:_identify(src/timda_sim/timda_body_description) by extensions ['ignore', 'ignore_ament_install']
[0.335s] Level 1:colcon.colcon_core.package_identification:_identify(src/timda_sim/timda_body_description) by extension 'ignore'
[0.335s] Level 1:colcon.colcon_core.package_identification:_identify(src/timda_sim/timda_body_description) by extension 'ignore_ament_install'
[0.335s] Level 1:colcon.colcon_core.package_identification:_identify(src/timda_sim/timda_body_description) by extensions ['colcon_pkg']
[0.335s] Level 1:colcon.colcon_core.package_identification:_identify(src/timda_sim/timda_body_description) by extension 'colcon_pkg'
[0.335s] Level 1:colcon.colcon_core.package_identification:_identify(src/timda_sim/timda_body_description) by extensions ['colcon_meta']
[0.335s] Level 1:colcon.colcon_core.package_identification:_identify(src/timda_sim/timda_body_description) by extension 'colcon_meta'
[0.335s] Level 1:colcon.colcon_core.package_identification:_identify(src/timda_sim/timda_body_description) by extensions ['ros']
[0.335s] Level 1:colcon.colcon_core.package_identification:_identify(src/timda_sim/timda_body_description) by extension 'ros'
[0.335s] DEBUG:colcon.colcon_core.package_identification:Package 'src/timda_sim/timda_body_description' with type 'ros.ament_cmake' and name 'timda_body_description'
[0.335s] Level 1:colcon.colcon_core.package_identification:_identify(src/timda_sim/timda_description) by extensions ['ignore', 'ignore_ament_install']
[0.335s] Level 1:colcon.colcon_core.package_identification:_identify(src/timda_sim/timda_description) by extension 'ignore'
[0.336s] Level 1:colcon.colcon_core.package_identification:_identify(src/timda_sim/timda_description) by extension 'ignore_ament_install'
[0.336s] Level 1:colcon.colcon_core.package_identification:_identify(src/timda_sim/timda_description) by extensions ['colcon_pkg']
[0.336s] Level 1:colcon.colcon_core.package_identification:_identify(src/timda_sim/timda_description) by extension 'colcon_pkg'
[0.336s] Level 1:colcon.colcon_core.package_identification:_identify(src/timda_sim/timda_description) by extensions ['colcon_meta']
[0.336s] Level 1:colcon.colcon_core.package_identification:_identify(src/timda_sim/timda_description) by extension 'colcon_meta'
[0.336s] Level 1:colcon.colcon_core.package_identification:_identify(src/timda_sim/timda_description) by extensions ['ros']
[0.336s] Level 1:colcon.colcon_core.package_identification:_identify(src/timda_sim/timda_description) by extension 'ros'
[0.336s] DEBUG:colcon.colcon_core.package_identification:Package 'src/timda_sim/timda_description' with type 'ros.ament_cmake' and name 'timda_description'
[0.336s] Level 1:colcon.colcon_core.package_identification:_identify(src/timda_sim/timda_gazebo) by extensions ['ignore', 'ignore_ament_install']
[0.336s] Level 1:colcon.colcon_core.package_identification:_identify(src/timda_sim/timda_gazebo) by extension 'ignore'
[0.336s] Level 1:colcon.colcon_core.package_identification:_identify(src/timda_sim/timda_gazebo) by extension 'ignore_ament_install'
[0.337s] Level 1:colcon.colcon_core.package_identification:_identify(src/timda_sim/timda_gazebo) by extensions ['colcon_pkg']
[0.337s] Level 1:colcon.colcon_core.package_identification:_identify(src/timda_sim/timda_gazebo) by extension 'colcon_pkg'
[0.337s] Level 1:colcon.colcon_core.package_identification:_identify(src/timda_sim/timda_gazebo) by extensions ['colcon_meta']
[0.337s] Level 1:colcon.colcon_core.package_identification:_identify(src/timda_sim/timda_gazebo) by extension 'colcon_meta'
[0.337s] Level 1:colcon.colcon_core.package_identification:_identify(src/timda_sim/timda_gazebo) by extensions ['ros']
[0.337s] Level 1:colcon.colcon_core.package_identification:_identify(src/timda_sim/timda_gazebo) by extension 'ros'
[0.337s] DEBUG:colcon.colcon_core.package_identification:Package 'src/timda_sim/timda_gazebo' with type 'ros.ament_cmake' and name 'timda_gazebo'
[0.337s] Level 1:colcon.colcon_core.package_discovery:discover_packages(recursive) using defaults
[0.337s] Level 1:colcon.colcon_core.package_discovery:discover_packages(ignore) discover
[0.337s] Level 1:colcon.colcon_core.package_discovery:discover_packages(ignore) using defaults
[0.337s] Level 1:colcon.colcon_core.package_discovery:discover_packages(path) discover
[0.337s] Level 1:colcon.colcon_core.package_discovery:discover_packages(path) using defaults
[0.357s] Level 1:colcon.colcon_core.package_discovery:discover_packages(prefix_path) check parameters
[0.357s] Level 1:colcon.colcon_core.package_discovery:discover_packages(prefix_path) discover
[0.358s] WARNING:colcon.colcon_ros.prefix_path.ament:The path '/home/eating/work/install/timda_gazebo' in the environment variable AMENT_PREFIX_PATH doesn't exist
[0.358s] WARNING:colcon.colcon_ros.prefix_path.ament:The path '/home/eating/work/install/timda_description' in the environment variable AMENT_PREFIX_PATH doesn't exist
[0.358s] WARNING:colcon.colcon_ros.prefix_path.ament:The path '/home/eating/work/install/timda_bringup' in the environment variable AMENT_PREFIX_PATH doesn't exist
[0.358s] WARNING:colcon.colcon_ros.prefix_path.ament:The path '/home/eating/work/install/timda_body_description' in the environment variable AMENT_PREFIX_PATH doesn't exist
[0.358s] WARNING:colcon.colcon_ros.prefix_path.ament:The path '/home/eating/work/install/suction_description' in the environment variable AMENT_PREFIX_PATH doesn't exist
[0.358s] WARNING:colcon.colcon_ros.prefix_path.ament:The path '/home/eating/work/install/robot_arm_description' in the environment variable AMENT_PREFIX_PATH doesn't exist
[0.358s] WARNING:colcon.colcon_ros.prefix_path.ament:The path '/home/eating/work/install/realsense2_description' in the environment variable AMENT_PREFIX_PATH doesn't exist
[0.358s] WARNING:colcon.colcon_ros.prefix_path.ament:The path '/home/eating/work/install/realsense2_camera' in the environment variable AMENT_PREFIX_PATH doesn't exist
[0.358s] WARNING:colcon.colcon_ros.prefix_path.ament:The path '/home/eating/work/install/realsense2_camera_msgs' in the environment variable AMENT_PREFIX_PATH doesn't exist
[0.358s] WARNING:colcon.colcon_ros.prefix_path.ament:The path '/home/eating/work/install/pallet_main' in the environment variable AMENT_PREFIX_PATH doesn't exist
[0.358s] WARNING:colcon.colcon_ros.prefix_path.ament:The path '/home/eating/work/install/pallet_interfaces' in the environment variable AMENT_PREFIX_PATH doesn't exist
[0.358s] WARNING:colcon.colcon_ros.prefix_path.ament:The path '/home/eating/work/install/mobile_description' in the environment variable AMENT_PREFIX_PATH doesn't exist
[0.358s] WARNING:colcon.colcon_ros.prefix_path.ament:The path '/home/eating/work/install/mecanum' in the environment variable AMENT_PREFIX_PATH doesn't exist
[0.358s] WARNING:colcon.colcon_ros.prefix_path.ament:The path '/home/eating/work/install/main_control' in the environment variable AMENT_PREFIX_PATH doesn't exist
[0.358s] WARNING:colcon.colcon_ros.prefix_path.ament:The path '/home/eating/work/install/linear_move' in the environment variable AMENT_PREFIX_PATH doesn't exist
[0.358s] WARNING:colcon.colcon_ros.prefix_path.ament:The path '/home/eating/work/install/keyboard_control' in the environment variable AMENT_PREFIX_PATH doesn't exist
[0.358s] WARNING:colcon.colcon_ros.prefix_path.ament:The path '/home/eating/work/install/ira_laser_tools' in the environment variable AMENT_PREFIX_PATH doesn't exist
[0.358s] WARNING:colcon.colcon_ros.prefix_path.ament:The path '/home/eating/work/install/interface' in the environment variable AMENT_PREFIX_PATH doesn't exist
[0.358s] WARNING:colcon.colcon_ros.prefix_path.ament:The path '/home/eating/work/install/gui' in the environment variable AMENT_PREFIX_PATH doesn't exist
[0.358s] WARNING:colcon.colcon_ros.prefix_path.ament:The path '/home/eating/work/install/gui_interface' in the environment variable AMENT_PREFIX_PATH doesn't exist
[0.358s] WARNING:colcon.colcon_ros.prefix_path.ament:The path '/home/eating/work/install/docking_pkg' in the environment variable AMENT_PREFIX_PATH doesn't exist
[0.359s] WARNING:colcon.colcon_ros.prefix_path.catkin:The path '/home/eating/work/install/timda_gazebo' in the environment variable CMAKE_PREFIX_PATH doesn't exist
[0.359s] WARNING:colcon.colcon_ros.prefix_path.catkin:The path '/home/eating/work/install/timda_description' in the environment variable CMAKE_PREFIX_PATH doesn't exist
[0.359s] WARNING:colcon.colcon_ros.prefix_path.catkin:The path '/home/eating/work/install/timda_bringup' in the environment variable CMAKE_PREFIX_PATH doesn't exist
[0.359s] WARNING:colcon.colcon_ros.prefix_path.catkin:The path '/home/eating/work/install/timda_body_description' in the environment variable CMAKE_PREFIX_PATH doesn't exist
[0.359s] WARNING:colcon.colcon_ros.prefix_path.catkin:The path '/home/eating/work/install/suction_description' in the environment variable CMAKE_PREFIX_PATH doesn't exist
[0.359s] WARNING:colcon.colcon_ros.prefix_path.catkin:The path '/home/eating/work/install/robot_arm_description' in the environment variable CMAKE_PREFIX_PATH doesn't exist
[0.359s] WARNING:colcon.colcon_ros.prefix_path.catkin:The path '/home/eating/work/install/realsense2_description' in the environment variable CMAKE_PREFIX_PATH doesn't exist
[0.359s] WARNING:colcon.colcon_ros.prefix_path.catkin:The path '/home/eating/work/install/realsense2_camera' in the environment variable CMAKE_PREFIX_PATH doesn't exist
[0.359s] WARNING:colcon.colcon_ros.prefix_path.catkin:The path '/home/eating/work/install/realsense2_camera_msgs' in the environment variable CMAKE_PREFIX_PATH doesn't exist
[0.359s] WARNING:colcon.colcon_ros.prefix_path.catkin:The path '/home/eating/work/install/pallet_interfaces' in the environment variable CMAKE_PREFIX_PATH doesn't exist
[0.359s] WARNING:colcon.colcon_ros.prefix_path.catkin:The path '/home/eating/work/install/mobile_description' in the environment variable CMAKE_PREFIX_PATH doesn't exist
[0.359s] WARNING:colcon.colcon_ros.prefix_path.catkin:The path '/home/eating/work/install/mecanum' in the environment variable CMAKE_PREFIX_PATH doesn't exist
[0.359s] WARNING:colcon.colcon_ros.prefix_path.catkin:The path '/home/eating/work/install/linear_move' in the environment variable CMAKE_PREFIX_PATH doesn't exist
[0.359s] WARNING:colcon.colcon_ros.prefix_path.catkin:The path '/home/eating/work/install/keyboard_control' in the environment variable CMAKE_PREFIX_PATH doesn't exist
[0.359s] WARNING:colcon.colcon_ros.prefix_path.catkin:The path '/home/eating/work/install/ira_laser_tools' in the environment variable CMAKE_PREFIX_PATH doesn't exist
[0.359s] WARNING:colcon.colcon_ros.prefix_path.catkin:The path '/home/eating/work/install/interface' in the environment variable CMAKE_PREFIX_PATH doesn't exist
[0.359s] WARNING:colcon.colcon_ros.prefix_path.catkin:The path '/home/eating/work/install/gui_interface' in the environment variable CMAKE_PREFIX_PATH doesn't exist
[0.360s] DEBUG:colcon.colcon_installed_package_information.package_discovery:Found 0 installed packages in /home/eating/work/install
[0.361s] DEBUG:colcon.colcon_installed_package_information.package_discovery:Found 278 installed packages in /opt/ros/humble
[0.362s] Level 1:colcon.colcon_core.package_discovery:discover_packages(prefix_path) using defaults
[0.398s] Level 5:colcon.colcon_core.verb:set package 'docking_pkg' build argument 'cmake_args' from command line to 'None'
[0.398s] Level 5:colcon.colcon_core.verb:set package 'docking_pkg' build argument 'cmake_target' from command line to 'None'
[0.398s] Level 5:colcon.colcon_core.verb:set package 'docking_pkg' build argument 'cmake_target_skip_unavailable' from command line to 'False'
[0.398s] Level 5:colcon.colcon_core.verb:set package 'docking_pkg' build argument 'cmake_clean_cache' from command line to 'False'
[0.398s] Level 5:colcon.colcon_core.verb:set package 'docking_pkg' build argument 'cmake_clean_first' from command line to 'False'
[0.398s] Level 5:colcon.colcon_core.verb:set package 'docking_pkg' build argument 'cmake_force_configure' from command line to 'False'
[0.398s] Level 5:colcon.colcon_core.verb:set package 'docking_pkg' build argument 'ament_cmake_args' from command line to 'None'
[0.398s] Level 5:colcon.colcon_core.verb:set package 'docking_pkg' build argument 'catkin_cmake_args' from command line to 'None'
[0.398s] Level 5:colcon.colcon_core.verb:set package 'docking_pkg' build argument 'catkin_skip_building_tests' from command line to 'False'
[0.398s] DEBUG:colcon.colcon_core.verb:Building package 'docking_pkg' with the following arguments: {'ament_cmake_args': None, 'build_base': '/home/eating/work/build/docking_pkg', 'catkin_cmake_args': None, 'catkin_skip_building_tests': False, 'cmake_args': None, 'cmake_clean_cache': False, 'cmake_clean_first': False, 'cmake_force_configure': False, 'cmake_target': None, 'cmake_target_skip_unavailable': False, 'install_base': '/home/eating/work/install/docking_pkg', 'merge_install': False, 'path': '/home/eating/work/src/docking/docking_pkg', 'symlink_install': False, 'test_result_base': None}
[0.398s] Level 5:colcon.colcon_core.verb:set package 'gui_interface' build argument 'cmake_args' from command line to 'None'
[0.399s] Level 5:colcon.colcon_core.verb:set package 'gui_interface' build argument 'cmake_target' from command line to 'None'
[0.399s] Level 5:colcon.colcon_core.verb:set package 'gui_interface' build argument 'cmake_target_skip_unavailable' from command line to 'False'
[0.399s] Level 5:colcon.colcon_core.verb:set package 'gui_interface' build argument 'cmake_clean_cache' from command line to 'False'
[0.399s] Level 5:colcon.colcon_core.verb:set package 'gui_interface' build argument 'cmake_clean_first' from command line to 'False'
[0.399s] Level 5:colcon.colcon_core.verb:set package 'gui_interface' build argument 'cmake_force_configure' from command line to 'False'
[0.399s] Level 5:colcon.colcon_core.verb:set package 'gui_interface' build argument 'ament_cmake_args' from command line to 'None'
[0.399s] Level 5:colcon.colcon_core.verb:set package 'gui_interface' build argument 'catkin_cmake_args' from command line to 'None'
[0.399s] Level 5:colcon.colcon_core.verb:set package 'gui_interface' build argument 'catkin_skip_building_tests' from command line to 'False'
[0.399s] DEBUG:colcon.colcon_core.verb:Building package 'gui_interface' with the following arguments: {'ament_cmake_args': None, 'build_base': '/home/eating/work/build/gui_interface', 'catkin_cmake_args': None, 'catkin_skip_building_tests': False, 'cmake_args': None, 'cmake_clean_cache': False, 'cmake_clean_first': False, 'cmake_force_configure': False, 'cmake_target': None, 'cmake_target_skip_unavailable': False, 'install_base': '/home/eating/work/install/gui_interface', 'merge_install': False, 'path': '/home/eating/work/src/gui/gui_interface', 'symlink_install': False, 'test_result_base': None}
[0.399s] Level 5:colcon.colcon_core.verb:set package 'interface' build argument 'cmake_args' from command line to 'None'
[0.399s] Level 5:colcon.colcon_core.verb:set package 'interface' build argument 'cmake_target' from command line to 'None'
[0.399s] Level 5:colcon.colcon_core.verb:set package 'interface' build argument 'cmake_target_skip_unavailable' from command line to 'False'
[0.399s] Level 5:colcon.colcon_core.verb:set package 'interface' build argument 'cmake_clean_cache' from command line to 'False'
[0.399s] Level 5:colcon.colcon_core.verb:set package 'interface' build argument 'cmake_clean_first' from command line to 'False'
[0.399s] Level 5:colcon.colcon_core.verb:set package 'interface' build argument 'cmake_force_configure' from command line to 'False'
[0.399s] Level 5:colcon.colcon_core.verb:set package 'interface' build argument 'ament_cmake_args' from command line to 'None'
[0.399s] Level 5:colcon.colcon_core.verb:set package 'interface' build argument 'catkin_cmake_args' from command line to 'None'
[0.399s] Level 5:colcon.colcon_core.verb:set package 'interface' build argument 'catkin_skip_building_tests' from command line to 'False'
[0.399s] DEBUG:colcon.colcon_core.verb:Building package 'interface' with the following arguments: {'ament_cmake_args': None, 'build_base': '/home/eating/work/build/interface', 'catkin_cmake_args': None, 'catkin_skip_building_tests': False, 'cmake_args': None, 'cmake_clean_cache': False, 'cmake_clean_first': False, 'cmake_force_configure': False, 'cmake_target': None, 'cmake_target_skip_unavailable': False, 'install_base': '/home/eating/work/install/interface', 'merge_install': False, 'path': '/home/eating/work/src/interface', 'symlink_install': False, 'test_result_base': None}
[0.400s] Level 5:colcon.colcon_core.verb:set package 'ira_laser_tools' build argument 'cmake_args' from command line to 'None'
[0.400s] Level 5:colcon.colcon_core.verb:set package 'ira_laser_tools' build argument 'cmake_target' from command line to 'None'
[0.400s] Level 5:colcon.colcon_core.verb:set package 'ira_laser_tools' build argument 'cmake_target_skip_unavailable' from command line to 'False'
[0.400s] Level 5:colcon.colcon_core.verb:set package 'ira_laser_tools' build argument 'cmake_clean_cache' from command line to 'False'
[0.400s] Level 5:colcon.colcon_core.verb:set package 'ira_laser_tools' build argument 'cmake_clean_first' from command line to 'False'
[0.400s] Level 5:colcon.colcon_core.verb:set package 'ira_laser_tools' build argument 'cmake_force_configure' from command line to 'False'
[0.400s] Level 5:colcon.colcon_core.verb:set package 'ira_laser_tools' build argument 'ament_cmake_args' from command line to 'None'
[0.400s] Level 5:colcon.colcon_core.verb:set package 'ira_laser_tools' build argument 'catkin_cmake_args' from command line to 'None'
[0.400s] Level 5:colcon.colcon_core.verb:set package 'ira_laser_tools' build argument 'catkin_skip_building_tests' from command line to 'False'
[0.400s] DEBUG:colcon.colcon_core.verb:Building package 'ira_laser_tools' with the following arguments: {'ament_cmake_args': None, 'build_base': '/home/eating/work/build/ira_laser_tools', 'catkin_cmake_args': None, 'catkin_skip_building_tests': False, 'cmake_args': None, 'cmake_clean_cache': False, 'cmake_clean_first': False, 'cmake_force_configure': False, 'cmake_target': None, 'cmake_target_skip_unavailable': False, 'install_base': '/home/eating/work/install/ira_laser_tools', 'merge_install': False, 'path': '/home/eating/work/src/ira_laser_tools', 'symlink_install': False, 'test_result_base': None}
[0.400s] Level 5:colcon.colcon_core.verb:set package 'keyboard_control' build argument 'cmake_args' from command line to 'None'
[0.400s] Level 5:colcon.colcon_core.verb:set package 'keyboard_control' build argument 'cmake_target' from command line to 'None'
[0.400s] Level 5:colcon.colcon_core.verb:set package 'keyboard_control' build argument 'cmake_target_skip_unavailable' from command line to 'False'
[0.400s] Level 5:colcon.colcon_core.verb:set package 'keyboard_control' build argument 'cmake_clean_cache' from command line to 'False'
[0.400s] Level 5:colcon.colcon_core.verb:set package 'keyboard_control' build argument 'cmake_clean_first' from command line to 'False'
[0.400s] Level 5:colcon.colcon_core.verb:set package 'keyboard_control' build argument 'cmake_force_configure' from command line to 'False'
[0.400s] Level 5:colcon.colcon_core.verb:set package 'keyboard_control' build argument 'ament_cmake_args' from command line to 'None'
[0.400s] Level 5:colcon.colcon_core.verb:set package 'keyboard_control' build argument 'catkin_cmake_args' from command line to 'None'
[0.400s] Level 5:colcon.colcon_core.verb:set package 'keyboard_control' build argument 'catkin_skip_building_tests' from command line to 'False'
[0.400s] DEBUG:colcon.colcon_core.verb:Building package 'keyboard_control' with the following arguments: {'ament_cmake_args': None, 'build_base': '/home/eating/work/build/keyboard_control', 'catkin_cmake_args': None, 'catkin_skip_building_tests': False, 'cmake_args': None, 'cmake_clean_cache': False, 'cmake_clean_first': False, 'cmake_force_configure': False, 'cmake_target': None, 'cmake_target_skip_unavailable': False, 'install_base': '/home/eating/work/install/keyboard_control', 'merge_install': False, 'path': '/home/eating/work/src/keyboard_control', 'symlink_install': False, 'test_result_base': None}
[0.401s] Level 5:colcon.colcon_core.verb:set package 'linear_move' build argument 'cmake_args' from command line to 'None'
[0.401s] Level 5:colcon.colcon_core.verb:set package 'linear_move' build argument 'cmake_target' from command line to 'None'
[0.401s] Level 5:colcon.colcon_core.verb:set package 'linear_move' build argument 'cmake_target_skip_unavailable' from command line to 'False'
[0.401s] Level 5:colcon.colcon_core.verb:set package 'linear_move' build argument 'cmake_clean_cache' from command line to 'False'
[0.401s] Level 5:colcon.colcon_core.verb:set package 'linear_move' build argument 'cmake_clean_first' from command line to 'False'
[0.401s] Level 5:colcon.colcon_core.verb:set package 'linear_move' build argument 'cmake_force_configure' from command line to 'False'
[0.401s] Level 5:colcon.colcon_core.verb:set package 'linear_move' build argument 'ament_cmake_args' from command line to 'None'
[0.401s] Level 5:colcon.colcon_core.verb:set package 'linear_move' build argument 'catkin_cmake_args' from command line to 'None'
[0.401s] Level 5:colcon.colcon_core.verb:set package 'linear_move' build argument 'catkin_skip_building_tests' from command line to 'False'
[0.401s] DEBUG:colcon.colcon_core.verb:Building package 'linear_move' with the following arguments: {'ament_cmake_args': None, 'build_base': '/home/eating/work/build/linear_move', 'catkin_cmake_args': None, 'catkin_skip_building_tests': False, 'cmake_args': None, 'cmake_clean_cache': False, 'cmake_clean_first': False, 'cmake_force_configure': False, 'cmake_target': None, 'cmake_target_skip_unavailable': False, 'install_base': '/home/eating/work/install/linear_move', 'merge_install': False, 'path': '/home/eating/work/src/linear_move', 'symlink_install': False, 'test_result_base': None}
[0.401s] Level 5:colcon.colcon_core.verb:set package 'mecanum' build argument 'cmake_args' from command line to 'None'
[0.401s] Level 5:colcon.colcon_core.verb:set package 'mecanum' build argument 'cmake_target' from command line to 'None'
[0.401s] Level 5:colcon.colcon_core.verb:set package 'mecanum' build argument 'cmake_target_skip_unavailable' from command line to 'False'
[0.401s] Level 5:colcon.colcon_core.verb:set package 'mecanum' build argument 'cmake_clean_cache' from command line to 'False'
[0.401s] Level 5:colcon.colcon_core.verb:set package 'mecanum' build argument 'cmake_clean_first' from command line to 'False'
[0.401s] Level 5:colcon.colcon_core.verb:set package 'mecanum' build argument 'cmake_force_configure' from command line to 'False'
[0.401s] Level 5:colcon.colcon_core.verb:set package 'mecanum' build argument 'ament_cmake_args' from command line to 'None'
[0.401s] Level 5:colcon.colcon_core.verb:set package 'mecanum' build argument 'catkin_cmake_args' from command line to 'None'
[0.401s] Level 5:colcon.colcon_core.verb:set package 'mecanum' build argument 'catkin_skip_building_tests' from command line to 'False'
[0.401s] DEBUG:colcon.colcon_core.verb:Building package 'mecanum' with the following arguments: {'ament_cmake_args': None, 'build_base': '/home/eating/work/build/mecanum', 'catkin_cmake_args': None, 'catkin_skip_building_tests': False, 'cmake_args': None, 'cmake_clean_cache': False, 'cmake_clean_first': False, 'cmake_force_configure': False, 'cmake_target': None, 'cmake_target_skip_unavailable': False, 'install_base': '/home/eating/work/install/mecanum', 'merge_install': False, 'path': '/home/eating/work/src/mecanum', 'symlink_install': False, 'test_result_base': None}
[0.402s] Level 5:colcon.colcon_core.verb:set package 'mobile_description' build argument 'cmake_args' from command line to 'None'
[0.402s] Level 5:colcon.colcon_core.verb:set package 'mobile_description' build argument 'cmake_target' from command line to 'None'
[0.402s] Level 5:colcon.colcon_core.verb:set package 'mobile_description' build argument 'cmake_target_skip_unavailable' from command line to 'False'
[0.402s] Level 5:colcon.colcon_core.verb:set package 'mobile_description' build argument 'cmake_clean_cache' from command line to 'False'
[0.402s] Level 5:colcon.colcon_core.verb:set package 'mobile_description' build argument 'cmake_clean_first' from command line to 'False'
[0.402s] Level 5:colcon.colcon_core.verb:set package 'mobile_description' build argument 'cmake_force_configure' from command line to 'False'
[0.402s] Level 5:colcon.colcon_core.verb:set package 'mobile_description' build argument 'ament_cmake_args' from command line to 'None'
[0.402s] Level 5:colcon.colcon_core.verb:set package 'mobile_description' build argument 'catkin_cmake_args' from command line to 'None'
[0.402s] Level 5:colcon.colcon_core.verb:set package 'mobile_description' build argument 'catkin_skip_building_tests' from command line to 'False'
[0.402s] DEBUG:colcon.colcon_core.verb:Building package 'mobile_description' with the following arguments: {'ament_cmake_args': None, 'build_base': '/home/eating/work/build/mobile_description', 'catkin_cmake_args': None, 'catkin_skip_building_tests': False, 'cmake_args': None, 'cmake_clean_cache': False, 'cmake_clean_first': False, 'cmake_force_configure': False, 'cmake_target': None, 'cmake_target_skip_unavailable': False, 'install_base': '/home/eating/work/install/mobile_description', 'merge_install': False, 'path': '/home/eating/work/src/timda_sim/mobile_description', 'symlink_install': False, 'test_result_base': None}
[0.402s] Level 5:colcon.colcon_core.verb:set package 'pallet_interfaces' build argument 'cmake_args' from command line to 'None'
[0.402s] Level 5:colcon.colcon_core.verb:set package 'pallet_interfaces' build argument 'cmake_target' from command line to 'None'
[0.402s] Level 5:colcon.colcon_core.verb:set package 'pallet_interfaces' build argument 'cmake_target_skip_unavailable' from command line to 'False'
[0.402s] Level 5:colcon.colcon_core.verb:set package 'pallet_interfaces' build argument 'cmake_clean_cache' from command line to 'False'
[0.402s] Level 5:colcon.colcon_core.verb:set package 'pallet_interfaces' build argument 'cmake_clean_first' from command line to 'False'
[0.402s] Level 5:colcon.colcon_core.verb:set package 'pallet_interfaces' build argument 'cmake_force_configure' from command line to 'False'
[0.402s] Level 5:colcon.colcon_core.verb:set package 'pallet_interfaces' build argument 'ament_cmake_args' from command line to 'None'
[0.402s] Level 5:colcon.colcon_core.verb:set package 'pallet_interfaces' build argument 'catkin_cmake_args' from command line to 'None'
[0.402s] Level 5:colcon.colcon_core.verb:set package 'pallet_interfaces' build argument 'catkin_skip_building_tests' from command line to 'False'
[0.402s] DEBUG:colcon.colcon_core.verb:Building package 'pallet_interfaces' with the following arguments: {'ament_cmake_args': None, 'build_base': '/home/eating/work/build/pallet_interfaces', 'catkin_cmake_args': None, 'catkin_skip_building_tests': False, 'cmake_args': None, 'cmake_clean_cache': False, 'cmake_clean_first': False, 'cmake_force_configure': False, 'cmake_target': None, 'cmake_target_skip_unavailable': False, 'install_base': '/home/eating/work/install/pallet_interfaces', 'merge_install': False, 'path': '/home/eating/work/src/pallet/pallet_interfaces', 'symlink_install': False, 'test_result_base': None}
[0.403s] Level 5:colcon.colcon_core.verb:set package 'pallet_main' build argument 'cmake_args' from command line to 'None'
[0.403s] Level 5:colcon.colcon_core.verb:set package 'pallet_main' build argument 'cmake_target' from command line to 'None'
[0.403s] Level 5:colcon.colcon_core.verb:set package 'pallet_main' build argument 'cmake_target_skip_unavailable' from command line to 'False'
[0.403s] Level 5:colcon.colcon_core.verb:set package 'pallet_main' build argument 'cmake_clean_cache' from command line to 'False'
[0.403s] Level 5:colcon.colcon_core.verb:set package 'pallet_main' build argument 'cmake_clean_first' from command line to 'False'
[0.403s] Level 5:colcon.colcon_core.verb:set package 'pallet_main' build argument 'cmake_force_configure' from command line to 'False'
[0.403s] Level 5:colcon.colcon_core.verb:set package 'pallet_main' build argument 'ament_cmake_args' from command line to 'None'
[0.403s] Level 5:colcon.colcon_core.verb:set package 'pallet_main' build argument 'catkin_cmake_args' from command line to 'None'
[0.403s] Level 5:colcon.colcon_core.verb:set package 'pallet_main' build argument 'catkin_skip_building_tests' from command line to 'False'
[0.403s] DEBUG:colcon.colcon_core.verb:Building package 'pallet_main' with the following arguments: {'ament_cmake_args': None, 'build_base': '/home/eating/work/build/pallet_main', 'catkin_cmake_args': None, 'catkin_skip_building_tests': False, 'cmake_args': None, 'cmake_clean_cache': False, 'cmake_clean_first': False, 'cmake_force_configure': False, 'cmake_target': None, 'cmake_target_skip_unavailable': False, 'install_base': '/home/eating/work/install/pallet_main', 'merge_install': False, 'path': '/home/eating/work/src/pallet/pallet_main', 'symlink_install': False, 'test_result_base': None}
[0.403s] Level 5:colcon.colcon_core.verb:set package 'realsense2_camera_msgs' build argument 'cmake_args' from command line to 'None'
[0.403s] Level 5:colcon.colcon_core.verb:set package 'realsense2_camera_msgs' build argument 'cmake_target' from command line to 'None'
[0.403s] Level 5:colcon.colcon_core.verb:set package 'realsense2_camera_msgs' build argument 'cmake_target_skip_unavailable' from command line to 'False'
[0.403s] Level 5:colcon.colcon_core.verb:set package 'realsense2_camera_msgs' build argument 'cmake_clean_cache' from command line to 'False'
[0.403s] Level 5:colcon.colcon_core.verb:set package 'realsense2_camera_msgs' build argument 'cmake_clean_first' from command line to 'False'
[0.403s] Level 5:colcon.colcon_core.verb:set package 'realsense2_camera_msgs' build argument 'cmake_force_configure' from command line to 'False'
[0.403s] Level 5:colcon.colcon_core.verb:set package 'realsense2_camera_msgs' build argument 'ament_cmake_args' from command line to 'None'
[0.403s] Level 5:colcon.colcon_core.verb:set package 'realsense2_camera_msgs' build argument 'catkin_cmake_args' from command line to 'None'
[0.403s] Level 5:colcon.colcon_core.verb:set package 'realsense2_camera_msgs' build argument 'catkin_skip_building_tests' from command line to 'False'
[0.403s] DEBUG:colcon.colcon_core.verb:Building package 'realsense2_camera_msgs' with the following arguments: {'ament_cmake_args': None, 'build_base': '/home/eating/work/build/realsense2_camera_msgs', 'catkin_cmake_args': None, 'catkin_skip_building_tests': False, 'cmake_args': None, 'cmake_clean_cache': False, 'cmake_clean_first': False, 'cmake_force_configure': False, 'cmake_target': None, 'cmake_target_skip_unavailable': False, 'install_base': '/home/eating/work/install/realsense2_camera_msgs', 'merge_install': False, 'path': '/home/eating/work/src/docking/realsense-ros/realsense2_camera_msgs', 'symlink_install': False, 'test_result_base': None}
[0.404s] Level 5:colcon.colcon_core.verb:set package 'robot_arm_description' build argument 'cmake_args' from command line to 'None'
[0.404s] Level 5:colcon.colcon_core.verb:set package 'robot_arm_description' build argument 'cmake_target' from command line to 'None'
[0.404s] Level 5:colcon.colcon_core.verb:set package 'robot_arm_description' build argument 'cmake_target_skip_unavailable' from command line to 'False'
[0.404s] Level 5:colcon.colcon_core.verb:set package 'robot_arm_description' build argument 'cmake_clean_cache' from command line to 'False'
[0.404s] Level 5:colcon.colcon_core.verb:set package 'robot_arm_description' build argument 'cmake_clean_first' from command line to 'False'
[0.404s] Level 5:colcon.colcon_core.verb:set package 'robot_arm_description' build argument 'cmake_force_configure' from command line to 'False'
[0.404s] Level 5:colcon.colcon_core.verb:set package 'robot_arm_description' build argument 'ament_cmake_args' from command line to 'None'
[0.404s] Level 5:colcon.colcon_core.verb:set package 'robot_arm_description' build argument 'catkin_cmake_args' from command line to 'None'
[0.404s] Level 5:colcon.colcon_core.verb:set package 'robot_arm_description' build argument 'catkin_skip_building_tests' from command line to 'False'
[0.404s] DEBUG:colcon.colcon_core.verb:Building package 'robot_arm_description' with the following arguments: {'ament_cmake_args': None, 'build_base': '/home/eating/work/build/robot_arm_description', 'catkin_cmake_args': None, 'catkin_skip_building_tests': False, 'cmake_args': None, 'cmake_clean_cache': False, 'cmake_clean_first': False, 'cmake_force_configure': False, 'cmake_target': None, 'cmake_target_skip_unavailable': False, 'install_base': '/home/eating/work/install/robot_arm_description', 'merge_install': False, 'path': '/home/eating/work/src/timda_sim/robot_arm_description', 'symlink_install': False, 'test_result_base': None}
[0.404s] Level 5:colcon.colcon_core.verb:set package 'suction_description' build argument 'cmake_args' from command line to 'None'
[0.404s] Level 5:colcon.colcon_core.verb:set package 'suction_description' build argument 'cmake_target' from command line to 'None'
[0.404s] Level 5:colcon.colcon_core.verb:set package 'suction_description' build argument 'cmake_target_skip_unavailable' from command line to 'False'
[0.405s] Level 5:colcon.colcon_core.verb:set package 'suction_description' build argument 'cmake_clean_cache' from command line to 'False'
[0.405s] Level 5:colcon.colcon_core.verb:set package 'suction_description' build argument 'cmake_clean_first' from command line to 'False'
[0.405s] Level 5:colcon.colcon_core.verb:set package 'suction_description' build argument 'cmake_force_configure' from command line to 'False'
[0.405s] Level 5:colcon.colcon_core.verb:set package 'suction_description' build argument 'ament_cmake_args' from command line to 'None'
[0.405s] Level 5:colcon.colcon_core.verb:set package 'suction_description' build argument 'catkin_cmake_args' from command line to 'None'
[0.405s] Level 5:colcon.colcon_core.verb:set package 'suction_description' build argument 'catkin_skip_building_tests' from command line to 'False'
[0.405s] DEBUG:colcon.colcon_core.verb:Building package 'suction_description' with the following arguments: {'ament_cmake_args': None, 'build_base': '/home/eating/work/build/suction_description', 'catkin_cmake_args': None, 'catkin_skip_building_tests': False, 'cmake_args': None, 'cmake_clean_cache': False, 'cmake_clean_first': False, 'cmake_force_configure': False, 'cmake_target': None, 'cmake_target_skip_unavailable': False, 'install_base': '/home/eating/work/install/suction_description', 'merge_install': False, 'path': '/home/eating/work/src/timda_sim/suction_description', 'symlink_install': False, 'test_result_base': None}
[0.405s] Level 5:colcon.colcon_core.verb:set package 'timda_body_description' build argument 'cmake_args' from command line to 'None'
[0.405s] Level 5:colcon.colcon_core.verb:set package 'timda_body_description' build argument 'cmake_target' from command line to 'None'
[0.405s] Level 5:colcon.colcon_core.verb:set package 'timda_body_description' build argument 'cmake_target_skip_unavailable' from command line to 'False'
[0.405s] Level 5:colcon.colcon_core.verb:set package 'timda_body_description' build argument 'cmake_clean_cache' from command line to 'False'
[0.405s] Level 5:colcon.colcon_core.verb:set package 'timda_body_description' build argument 'cmake_clean_first' from command line to 'False'
[0.405s] Level 5:colcon.colcon_core.verb:set package 'timda_body_description' build argument 'cmake_force_configure' from command line to 'False'
[0.405s] Level 5:colcon.colcon_core.verb:set package 'timda_body_description' build argument 'ament_cmake_args' from command line to 'None'
[0.405s] Level 5:colcon.colcon_core.verb:set package 'timda_body_description' build argument 'catkin_cmake_args' from command line to 'None'
[0.405s] Level 5:colcon.colcon_core.verb:set package 'timda_body_description' build argument 'catkin_skip_building_tests' from command line to 'False'
[0.405s] DEBUG:colcon.colcon_core.verb:Building package 'timda_body_description' with the following arguments: {'ament_cmake_args': None, 'build_base': '/home/eating/work/build/timda_body_description', 'catkin_cmake_args': None, 'catkin_skip_building_tests': False, 'cmake_args': None, 'cmake_clean_cache': False, 'cmake_clean_first': False, 'cmake_force_configure': False, 'cmake_target': None, 'cmake_target_skip_unavailable': False, 'install_base': '/home/eating/work/install/timda_body_description', 'merge_install': False, 'path': '/home/eating/work/src/timda_sim/timda_body_description', 'symlink_install': False, 'test_result_base': None}
[0.406s] Level 5:colcon.colcon_core.verb:set package 'timda_bringup' build argument 'cmake_args' from command line to 'None'
[0.406s] Level 5:colcon.colcon_core.verb:set package 'timda_bringup' build argument 'cmake_target' from command line to 'None'
[0.406s] Level 5:colcon.colcon_core.verb:set package 'timda_bringup' build argument 'cmake_target_skip_unavailable' from command line to 'False'
[0.406s] Level 5:colcon.colcon_core.verb:set package 'timda_bringup' build argument 'cmake_clean_cache' from command line to 'False'
[0.406s] Level 5:colcon.colcon_core.verb:set package 'timda_bringup' build argument 'cmake_clean_first' from command line to 'False'
[0.406s] Level 5:colcon.colcon_core.verb:set package 'timda_bringup' build argument 'cmake_force_configure' from command line to 'False'
[0.406s] Level 5:colcon.colcon_core.verb:set package 'timda_bringup' build argument 'ament_cmake_args' from command line to 'None'
[0.406s] Level 5:colcon.colcon_core.verb:set package 'timda_bringup' build argument 'catkin_cmake_args' from command line to 'None'
[0.406s] Level 5:colcon.colcon_core.verb:set package 'timda_bringup' build argument 'catkin_skip_building_tests' from command line to 'False'
[0.406s] DEBUG:colcon.colcon_core.verb:Building package 'timda_bringup' with the following arguments: {'ament_cmake_args': None, 'build_base': '/home/eating/work/build/timda_bringup', 'catkin_cmake_args': None, 'catkin_skip_building_tests': False, 'cmake_args': None, 'cmake_clean_cache': False, 'cmake_clean_first': False, 'cmake_force_configure': False, 'cmake_target': None, 'cmake_target_skip_unavailable': False, 'install_base': '/home/eating/work/install/timda_bringup', 'merge_install': False, 'path': '/home/eating/work/src/timda_bringup', 'symlink_install': False, 'test_result_base': None}
[0.406s] Level 5:colcon.colcon_core.verb:set package 'timda_description' build argument 'cmake_args' from command line to 'None'
[0.406s] Level 5:colcon.colcon_core.verb:set package 'timda_description' build argument 'cmake_target' from command line to 'None'
[0.406s] Level 5:colcon.colcon_core.verb:set package 'timda_description' build argument 'cmake_target_skip_unavailable' from command line to 'False'
[0.406s] Level 5:colcon.colcon_core.verb:set package 'timda_description' build argument 'cmake_clean_cache' from command line to 'False'
[0.406s] Level 5:colcon.colcon_core.verb:set package 'timda_description' build argument 'cmake_clean_first' from command line to 'False'
[0.406s] Level 5:colcon.colcon_core.verb:set package 'timda_description' build argument 'cmake_force_configure' from command line to 'False'
[0.406s] Level 5:colcon.colcon_core.verb:set package 'timda_description' build argument 'ament_cmake_args' from command line to 'None'
[0.406s] Level 5:colcon.colcon_core.verb:set package 'timda_description' build argument 'catkin_cmake_args' from command line to 'None'
[0.406s] Level 5:colcon.colcon_core.verb:set package 'timda_description' build argument 'catkin_skip_building_tests' from command line to 'False'
[0.406s] DEBUG:colcon.colcon_core.verb:Building package 'timda_description' with the following arguments: {'ament_cmake_args': None, 'build_base': '/home/eating/work/build/timda_description', 'catkin_cmake_args': None, 'catkin_skip_building_tests': False, 'cmake_args': None, 'cmake_clean_cache': False, 'cmake_clean_first': False, 'cmake_force_configure': False, 'cmake_target': None, 'cmake_target_skip_unavailable': False, 'install_base': '/home/eating/work/install/timda_description', 'merge_install': False, 'path': '/home/eating/work/src/timda_sim/timda_description', 'symlink_install': False, 'test_result_base': None}
[0.407s] Level 5:colcon.colcon_core.verb:set package 'timda_gazebo' build argument 'cmake_args' from command line to 'None'
[0.407s] Level 5:colcon.colcon_core.verb:set package 'timda_gazebo' build argument 'cmake_target' from command line to 'None'
[0.407s] Level 5:colcon.colcon_core.verb:set package 'timda_gazebo' build argument 'cmake_target_skip_unavailable' from command line to 'False'
[0.407s] Level 5:colcon.colcon_core.verb:set package 'timda_gazebo' build argument 'cmake_clean_cache' from command line to 'False'
[0.407s] Level 5:colcon.colcon_core.verb:set package 'timda_gazebo' build argument 'cmake_clean_first' from command line to 'False'
[0.407s] Level 5:colcon.colcon_core.verb:set package 'timda_gazebo' build argument 'cmake_force_configure' from command line to 'False'
[0.407s] Level 5:colcon.colcon_core.verb:set package 'timda_gazebo' build argument 'ament_cmake_args' from command line to 'None'
[0.407s] Level 5:colcon.colcon_core.verb:set package 'timda_gazebo' build argument 'catkin_cmake_args' from command line to 'None'
[0.407s] Level 5:colcon.colcon_core.verb:set package 'timda_gazebo' build argument 'catkin_skip_building_tests' from command line to 'False'
[0.407s] DEBUG:colcon.colcon_core.verb:Building package 'timda_gazebo' with the following arguments: {'ament_cmake_args': None, 'build_base': '/home/eating/work/build/timda_gazebo', 'catkin_cmake_args': None, 'catkin_skip_building_tests': False, 'cmake_args': None, 'cmake_clean_cache': False, 'cmake_clean_first': False, 'cmake_force_configure': False, 'cmake_target': None, 'cmake_target_skip_unavailable': False, 'install_base': '/home/eating/work/install/timda_gazebo', 'merge_install': False, 'path': '/home/eating/work/src/timda_sim/timda_gazebo', 'symlink_install': False, 'test_result_base': None}
[0.407s] Level 5:colcon.colcon_core.verb:set package 'gui' build argument 'cmake_args' from command line to 'None'
[0.407s] Level 5:colcon.colcon_core.verb:set package 'gui' build argument 'cmake_target' from command line to 'None'
[0.407s] Level 5:colcon.colcon_core.verb:set package 'gui' build argument 'cmake_target_skip_unavailable' from command line to 'False'
[0.407s] Level 5:colcon.colcon_core.verb:set package 'gui' build argument 'cmake_clean_cache' from command line to 'False'
[0.407s] Level 5:colcon.colcon_core.verb:set package 'gui' build argument 'cmake_clean_first' from command line to 'False'
[0.407s] Level 5:colcon.colcon_core.verb:set package 'gui' build argument 'cmake_force_configure' from command line to 'False'
[0.407s] Level 5:colcon.colcon_core.verb:set package 'gui' build argument 'ament_cmake_args' from command line to 'None'
[0.407s] Level 5:colcon.colcon_core.verb:set package 'gui' build argument 'catkin_cmake_args' from command line to 'None'
[0.407s] Level 5:colcon.colcon_core.verb:set package 'gui' build argument 'catkin_skip_building_tests' from command line to 'False'
[0.407s] DEBUG:colcon.colcon_core.verb:Building package 'gui' with the following arguments: {'ament_cmake_args': None, 'build_base': '/home/eating/work/build/gui', 'catkin_cmake_args': None, 'catkin_skip_building_tests': False, 'cmake_args': None, 'cmake_clean_cache': False, 'cmake_clean_first': False, 'cmake_force_configure': False, 'cmake_target': None, 'cmake_target_skip_unavailable': False, 'install_base': '/home/eating/work/install/gui', 'merge_install': False, 'path': '/home/eating/work/src/gui/gui', 'symlink_install': False, 'test_result_base': None}
[0.408s] Level 5:colcon.colcon_core.verb:set package 'main_control' build argument 'cmake_args' from command line to 'None'
[0.408s] Level 5:colcon.colcon_core.verb:set package 'main_control' build argument 'cmake_target' from command line to 'None'
[0.408s] Level 5:colcon.colcon_core.verb:set package 'main_control' build argument 'cmake_target_skip_unavailable' from command line to 'False'
[0.408s] Level 5:colcon.colcon_core.verb:set package 'main_control' build argument 'cmake_clean_cache' from command line to 'False'
[0.408s] Level 5:colcon.colcon_core.verb:set package 'main_control' build argument 'cmake_clean_first' from command line to 'False'
[0.408s] Level 5:colcon.colcon_core.verb:set package 'main_control' build argument 'cmake_force_configure' from command line to 'False'
[0.408s] Level 5:colcon.colcon_core.verb:set package 'main_control' build argument 'ament_cmake_args' from command line to 'None'
[0.408s] Level 5:colcon.colcon_core.verb:set package 'main_control' build argument 'catkin_cmake_args' from command line to 'None'
[0.408s] Level 5:colcon.colcon_core.verb:set package 'main_control' build argument 'catkin_skip_building_tests' from command line to 'False'
[0.408s] DEBUG:colcon.colcon_core.verb:Building package 'main_control' with the following arguments: {'ament_cmake_args': None, 'build_base': '/home/eating/work/build/main_control', 'catkin_cmake_args': None, 'catkin_skip_building_tests': False, 'cmake_args': None, 'cmake_clean_cache': False, 'cmake_clean_first': False, 'cmake_force_configure': False, 'cmake_target': None, 'cmake_target_skip_unavailable': False, 'install_base': '/home/eating/work/install/main_control', 'merge_install': False, 'path': '/home/eating/work/src/main_control/main_control', 'symlink_install': False, 'test_result_base': None}
[0.408s] Level 5:colcon.colcon_core.verb:set package 'realsense2_camera' build argument 'cmake_args' from command line to 'None'
[0.408s] Level 5:colcon.colcon_core.verb:set package 'realsense2_camera' build argument 'cmake_target' from command line to 'None'
[0.408s] Level 5:colcon.colcon_core.verb:set package 'realsense2_camera' build argument 'cmake_target_skip_unavailable' from command line to 'False'
[0.408s] Level 5:colcon.colcon_core.verb:set package 'realsense2_camera' build argument 'cmake_clean_cache' from command line to 'False'
[0.408s] Level 5:colcon.colcon_core.verb:set package 'realsense2_camera' build argument 'cmake_clean_first' from command line to 'False'
[0.408s] Level 5:colcon.colcon_core.verb:set package 'realsense2_camera' build argument 'cmake_force_configure' from command line to 'False'
[0.408s] Level 5:colcon.colcon_core.verb:set package 'realsense2_camera' build argument 'ament_cmake_args' from command line to 'None'
[0.408s] Level 5:colcon.colcon_core.verb:set package 'realsense2_camera' build argument 'catkin_cmake_args' from command line to 'None'
[0.408s] Level 5:colcon.colcon_core.verb:set package 'realsense2_camera' build argument 'catkin_skip_building_tests' from command line to 'False'
[0.408s] DEBUG:colcon.colcon_core.verb:Building package 'realsense2_camera' with the following arguments: {'ament_cmake_args': None, 'build_base': '/home/eating/work/build/realsense2_camera', 'catkin_cmake_args': None, 'catkin_skip_building_tests': False, 'cmake_args': None, 'cmake_clean_cache': False, 'cmake_clean_first': False, 'cmake_force_configure': False, 'cmake_target': None, 'cmake_target_skip_unavailable': False, 'install_base': '/home/eating/work/install/realsense2_camera', 'merge_install': False, 'path': '/home/eating/work/src/docking/realsense-ros/realsense2_camera', 'symlink_install': False, 'test_result_base': None}
[0.409s] Level 5:colcon.colcon_core.verb:set package 'realsense2_description' build argument 'cmake_args' from command line to 'None'
[0.409s] Level 5:colcon.colcon_core.verb:set package 'realsense2_description' build argument 'cmake_target' from command line to 'None'
[0.409s] Level 5:colcon.colcon_core.verb:set package 'realsense2_description' build argument 'cmake_target_skip_unavailable' from command line to 'False'
[0.409s] Level 5:colcon.colcon_core.verb:set package 'realsense2_description' build argument 'cmake_clean_cache' from command line to 'False'
[0.409s] Level 5:colcon.colcon_core.verb:set package 'realsense2_description' build argument 'cmake_clean_first' from command line to 'False'
[0.409s] Level 5:colcon.colcon_core.verb:set package 'realsense2_description' build argument 'cmake_force_configure' from command line to 'False'
[0.409s] Level 5:colcon.colcon_core.verb:set package 'realsense2_description' build argument 'ament_cmake_args' from command line to 'None'
[0.409s] Level 5:colcon.colcon_core.verb:set package 'realsense2_description' build argument 'catkin_cmake_args' from command line to 'None'
[0.409s] Level 5:colcon.colcon_core.verb:set package 'realsense2_description' build argument 'catkin_skip_building_tests' from command line to 'False'
[0.409s] DEBUG:colcon.colcon_core.verb:Building package 'realsense2_description' with the following arguments: {'ament_cmake_args': None, 'build_base': '/home/eating/work/build/realsense2_description', 'catkin_cmake_args': None, 'catkin_skip_building_tests': False, 'cmake_args': None, 'cmake_clean_cache': False, 'cmake_clean_first': False, 'cmake_force_configure': False, 'cmake_target': None, 'cmake_target_skip_unavailable': False, 'install_base': '/home/eating/work/install/realsense2_description', 'merge_install': False, 'path': '/home/eating/work/src/docking/realsense-ros/realsense2_description', 'symlink_install': False, 'test_result_base': None}
[0.409s] INFO:colcon.colcon_core.executor:Executing jobs using 'parallel' executor
[0.410s] DEBUG:colcon.colcon_parallel_executor.executor.parallel:run_until_complete
[0.410s] INFO:colcon.colcon_ros.task.ament_cmake.build:Building ROS package in '/home/eating/work/src/gui/gui_interface' with build type 'ament_cmake'
[0.410s] INFO:colcon.colcon_cmake.task.cmake.build:Building CMake package in '/home/eating/work/src/gui/gui_interface'
[0.412s] INFO:colcon.colcon_core.plugin_system:Skipping extension 'colcon_core.shell.bat': Not used on non-Windows systems
[0.413s] INFO:colcon.colcon_core.shell:Skip shell extension 'powershell' for command environment: Not usable outside of PowerShell
[0.413s] DEBUG:colcon.colcon_core.shell:Skip shell extension 'dsv' for command environment
[0.416s] INFO:colcon.colcon_ros.task.ament_cmake.build:Building ROS package in '/home/eating/work/src/docking/realsense-ros/realsense2_camera_msgs' with build type 'ament_cmake'
[0.416s] INFO:colcon.colcon_cmake.task.cmake.build:Building CMake package in '/home/eating/work/src/docking/realsense-ros/realsense2_camera_msgs'
[0.416s] INFO:colcon.colcon_core.shell:Skip shell extension 'powershell' for command environment: Not usable outside of PowerShell
[0.416s] DEBUG:colcon.colcon_core.shell:Skip shell extension 'dsv' for command environment
[0.419s] INFO:colcon.colcon_ros.task.ament_cmake.build:Building ROS package in '/home/eating/work/src/interface' with build type 'ament_cmake'
[0.419s] INFO:colcon.colcon_cmake.task.cmake.build:Building CMake package in '/home/eating/work/src/interface'
[0.419s] INFO:colcon.colcon_core.shell:Skip shell extension 'powershell' for command environment: Not usable outside of PowerShell
[0.419s] DEBUG:colcon.colcon_core.shell:Skip shell extension 'dsv' for command environment
[0.422s] INFO:colcon.colcon_ros.task.ament_python.build:Building ROS package in '/home/eating/work/src/docking/docking_pkg' with build type 'ament_python'
[0.422s] Level 1:colcon.colcon_core.shell:create_environment_hook('docking_pkg', 'ament_prefix_path')
[0.422s] INFO:colcon.colcon_core.shell:Creating environment hook '/home/eating/work/install/docking_pkg/share/docking_pkg/hook/ament_prefix_path.ps1'
[0.422s] INFO:colcon.colcon_core.shell:Creating environment descriptor '/home/eating/work/install/docking_pkg/share/docking_pkg/hook/ament_prefix_path.dsv'
[0.423s] INFO:colcon.colcon_core.shell:Creating environment hook '/home/eating/work/install/docking_pkg/share/docking_pkg/hook/ament_prefix_path.sh'
[0.424s] INFO:colcon.colcon_core.shell:Skip shell extension 'powershell' for command environment: Not usable outside of PowerShell
[0.424s] DEBUG:colcon.colcon_core.shell:Skip shell extension 'dsv' for command environment
[0.426s] INFO:colcon.colcon_ros.task.ament_cmake.build:Building ROS package in '/home/eating/work/src/ira_laser_tools' with build type 'ament_cmake'
[0.426s] INFO:colcon.colcon_cmake.task.cmake.build:Building CMake package in '/home/eating/work/src/ira_laser_tools'
[0.426s] INFO:colcon.colcon_core.shell:Skip shell extension 'powershell' for command environment: Not usable outside of PowerShell
[0.426s] DEBUG:colcon.colcon_core.shell:Skip shell extension 'dsv' for command environment
[0.429s] INFO:colcon.colcon_ros.task.ament_cmake.build:Building ROS package in '/home/eating/work/src/keyboard_control' with build type 'ament_cmake'
[0.429s] INFO:colcon.colcon_cmake.task.cmake.build:Building CMake package in '/home/eating/work/src/keyboard_control'
[0.429s] INFO:colcon.colcon_core.shell:Skip shell extension 'powershell' for command environment: Not usable outside of PowerShell
[0.429s] DEBUG:colcon.colcon_core.shell:Skip shell extension 'dsv' for command environment
[0.431s] INFO:colcon.colcon_ros.task.ament_cmake.build:Building ROS package in '/home/eating/work/src/linear_move' with build type 'ament_cmake'
[0.431s] INFO:colcon.colcon_cmake.task.cmake.build:Building CMake package in '/home/eating/work/src/linear_move'
[0.432s] INFO:colcon.colcon_core.shell:Skip shell extension 'powershell' for command environment: Not usable outside of PowerShell
[0.432s] DEBUG:colcon.colcon_core.shell:Skip shell extension 'dsv' for command environment
[0.434s] INFO:colcon.colcon_ros.task.ament_cmake.build:Building ROS package in '/home/eating/work/src/mecanum' with build type 'ament_cmake'
[0.434s] INFO:colcon.colcon_cmake.task.cmake.build:Building CMake package in '/home/eating/work/src/mecanum'
[0.434s] INFO:colcon.colcon_core.shell:Skip shell extension 'powershell' for command environment: Not usable outside of PowerShell
[0.434s] DEBUG:colcon.colcon_core.shell:Skip shell extension 'dsv' for command environment
[0.440s] DEBUG:colcon.colcon_core.event_handler.log_command:Invoking command in '/home/eating/work/build/gui_interface': CMAKE_PREFIX_PATH=${CMAKE_PREFIX_PATH}:/home/eating/work/install/pallet_main:/home/eating/work/install/main_control:/home/eating/work/install/gui:/home/eating/work/install/docking_pkg:/opt/ros/humble /usr/bin/cmake /home/eating/work/src/gui/gui_interface -DCMAKE_INSTALL_PREFIX=/home/eating/work/install/gui_interface
[0.443s] DEBUG:colcon.colcon_core.event_handler.log_command:Invoking command in '/home/eating/work/build/realsense2_camera_msgs': CMAKE_PREFIX_PATH=${CMAKE_PREFIX_PATH}:/home/eating/work/install/pallet_main:/home/eating/work/install/main_control:/home/eating/work/install/gui:/home/eating/work/install/docking_pkg:/opt/ros/humble /usr/bin/cmake /home/eating/work/src/docking/realsense-ros/realsense2_camera_msgs -DCMAKE_INSTALL_PREFIX=/home/eating/work/install/realsense2_camera_msgs
[0.444s] DEBUG:colcon.colcon_core.event_handler.log_command:Invoking command in '/home/eating/work/build/interface': CMAKE_PREFIX_PATH=${CMAKE_PREFIX_PATH}:/home/eating/work/install/pallet_main:/home/eating/work/install/main_control:/home/eating/work/install/gui:/home/eating/work/install/docking_pkg:/opt/ros/humble /usr/bin/cmake /home/eating/work/src/interface -DCMAKE_INSTALL_PREFIX=/home/eating/work/install/interface
[0.775s] INFO:colcon.colcon_core.task.python.build:Building Python package in '/home/eating/work/src/docking/docking_pkg'
[0.776s] INFO:colcon.colcon_core.shell:Skip shell extension 'powershell' for command environment: Not usable outside of PowerShell
[0.776s] DEBUG:colcon.colcon_core.shell:Skip shell extension 'dsv' for command environment
[0.784s] DEBUG:colcon.colcon_core.event_handler.log_command:Invoking command in '/home/eating/work/build/ira_laser_tools': CMAKE_PREFIX_PATH=${CMAKE_PREFIX_PATH}:/home/eating/work/install/pallet_main:/home/eating/work/install/main_control:/home/eating/work/install/gui:/home/eating/work/install/docking_pkg:/opt/ros/humble /usr/bin/cmake /home/eating/work/src/ira_laser_tools -DCMAKE_INSTALL_PREFIX=/home/eating/work/install/ira_laser_tools
[0.786s] DEBUG:colcon.colcon_core.event_handler.log_command:Invoking command in '/home/eating/work/build/keyboard_control': CMAKE_PREFIX_PATH=${CMAKE_PREFIX_PATH}:/home/eating/work/install/pallet_main:/home/eating/work/install/main_control:/home/eating/work/install/gui:/home/eating/work/install/docking_pkg:/opt/ros/humble /usr/bin/cmake /home/eating/work/src/keyboard_control -DCMAKE_INSTALL_PREFIX=/home/eating/work/install/keyboard_control
[0.788s] DEBUG:colcon.colcon_core.event_handler.log_command:Invoking command in '/home/eating/work/build/linear_move': CMAKE_PREFIX_PATH=${CMAKE_PREFIX_PATH}:/home/eating/work/install/pallet_main:/home/eating/work/install/main_control:/home/eating/work/install/gui:/home/eating/work/install/docking_pkg:/opt/ros/humble /usr/bin/cmake /home/eating/work/src/linear_move -DCMAKE_INSTALL_PREFIX=/home/eating/work/install/linear_move
[0.791s] DEBUG:colcon.colcon_core.event_handler.log_command:Invoking command in '/home/eating/work/build/mecanum': CMAKE_PREFIX_PATH=${CMAKE_PREFIX_PATH}:/home/eating/work/install/pallet_main:/home/eating/work/install/main_control:/home/eating/work/install/gui:/home/eating/work/install/docking_pkg:/opt/ros/humble /usr/bin/cmake /home/eating/work/src/mecanum -DCMAKE_INSTALL_PREFIX=/home/eating/work/install/mecanum
[1.403s] DEBUG:colcon.colcon_core.event_handler.log_command:Invoking command in '/home/eating/work/src/docking/docking_pkg': PYTHONPATH=/home/eating/work/build/docking_pkg/prefix_override:/usr/lib/python3/dist-packages/colcon_core/task/python/colcon_distutils_commands:/home/eating/work/install/docking_pkg/lib/python3.10/site-packages:${PYTHONPATH} /usr/bin/python3 -W ignore:setup.py install is deprecated -W ignore:easy_install command is deprecated setup.py egg_info --egg-base ../../../build/docking_pkg build --build-base /home/eating/work/build/docking_pkg/build install --record /home/eating/work/build/docking_pkg/install.log --single-version-externally-managed install_data
[2.331s] DEBUG:colcon.colcon_core.event_handler.log_command:Invoked command in '/home/eating/work/build/keyboard_control' returned '0': CMAKE_PREFIX_PATH=${CMAKE_PREFIX_PATH}:/home/eating/work/install/pallet_main:/home/eating/work/install/main_control:/home/eating/work/install/gui:/home/eating/work/install/docking_pkg:/opt/ros/humble /usr/bin/cmake /home/eating/work/src/keyboard_control -DCMAKE_INSTALL_PREFIX=/home/eating/work/install/keyboard_control
[2.331s] DEBUG:colcon.colcon_core.event_handler.log_command:Invoking command in '/home/eating/work/build/keyboard_control': CMAKE_PREFIX_PATH=${CMAKE_PREFIX_PATH}:/home/eating/work/install/pallet_main:/home/eating/work/install/main_control:/home/eating/work/install/gui:/home/eating/work/install/docking_pkg:/opt/ros/humble /usr/bin/cmake --build /home/eating/work/build/keyboard_control -- -j8 -l8
[2.385s] DEBUG:colcon.colcon_core.event_handler.log_command:Invoked command in '/home/eating/work/build/linear_move' returned '0': CMAKE_PREFIX_PATH=${CMAKE_PREFIX_PATH}:/home/eating/work/install/pallet_main:/home/eating/work/install/main_control:/home/eating/work/install/gui:/home/eating/work/install/docking_pkg:/opt/ros/humble /usr/bin/cmake /home/eating/work/src/linear_move -DCMAKE_INSTALL_PREFIX=/home/eating/work/install/linear_move
[2.386s] DEBUG:colcon.colcon_core.event_handler.log_command:Invoking command in '/home/eating/work/build/linear_move': CMAKE_PREFIX_PATH=${CMAKE_PREFIX_PATH}:/home/eating/work/install/pallet_main:/home/eating/work/install/main_control:/home/eating/work/install/gui:/home/eating/work/install/docking_pkg:/opt/ros/humble /usr/bin/cmake --build /home/eating/work/build/linear_move -- -j8 -l8
[2.386s] DEBUG:colcon.colcon_core.event_handler.log_command:Invoked command in '/home/eating/work/src/docking/docking_pkg' returned '0': PYTHONPATH=/home/eating/work/build/docking_pkg/prefix_override:/usr/lib/python3/dist-packages/colcon_core/task/python/colcon_distutils_commands:/home/eating/work/install/docking_pkg/lib/python3.10/site-packages:${PYTHONPATH} /usr/bin/python3 -W ignore:setup.py install is deprecated -W ignore:easy_install command is deprecated setup.py egg_info --egg-base ../../../build/docking_pkg build --build-base /home/eating/work/build/docking_pkg/build install --record /home/eating/work/build/docking_pkg/install.log --single-version-externally-managed install_data
[2.389s] Level 1:colcon.colcon_core.environment:checking '/home/eating/work/install/docking_pkg' for CMake module files
[2.390s] Level 1:colcon.colcon_core.environment:checking '/home/eating/work/install/docking_pkg' for CMake config files
[2.391s] Level 1:colcon.colcon_core.environment:checking '/home/eating/work/install/docking_pkg/lib'
[2.391s] Level 1:colcon.colcon_core.environment:checking '/home/eating/work/install/docking_pkg/bin'
[2.391s] Level 1:colcon.colcon_core.environment:checking '/home/eating/work/install/docking_pkg/lib/pkgconfig/docking_pkg.pc'
[2.392s] Level 1:colcon.colcon_core.environment:checking '/home/eating/work/install/docking_pkg/lib/python3.10/site-packages'
[2.393s] Level 1:colcon.colcon_core.shell:create_environment_hook('docking_pkg', 'pythonpath')
[2.394s] INFO:colcon.colcon_core.shell:Creating environment hook '/home/eating/work/install/docking_pkg/share/docking_pkg/hook/pythonpath.ps1'
[2.395s] INFO:colcon.colcon_core.shell:Creating environment descriptor '/home/eating/work/install/docking_pkg/share/docking_pkg/hook/pythonpath.dsv'
[2.395s] INFO:colcon.colcon_core.shell:Creating environment hook '/home/eating/work/install/docking_pkg/share/docking_pkg/hook/pythonpath.sh'
[2.396s] Level 1:colcon.colcon_core.environment:checking '/home/eating/work/install/docking_pkg/bin'
[2.396s] Level 1:colcon.colcon_core.environment:create_environment_scripts_only(docking_pkg)
[2.397s] INFO:colcon.colcon_core.shell:Creating package script '/home/eating/work/install/docking_pkg/share/docking_pkg/package.ps1'
[2.398s] INFO:colcon.colcon_core.shell:Creating package descriptor '/home/eating/work/install/docking_pkg/share/docking_pkg/package.dsv'
[2.399s] INFO:colcon.colcon_core.shell:Creating package script '/home/eating/work/install/docking_pkg/share/docking_pkg/package.sh'
[2.400s] INFO:colcon.colcon_core.shell:Creating package script '/home/eating/work/install/docking_pkg/share/docking_pkg/package.bash'
[2.402s] INFO:colcon.colcon_core.shell:Creating package script '/home/eating/work/install/docking_pkg/share/docking_pkg/package.zsh'
[2.403s] Level 1:colcon.colcon_core.environment:create_file_with_runtime_dependencies(/home/eating/work/install/docking_pkg/share/colcon-core/packages/docking_pkg)
[2.404s] INFO:colcon.colcon_ros.task.ament_cmake.build:Building ROS package in '/home/eating/work/src/timda_sim/mobile_description' with build type 'ament_cmake'
[2.404s] INFO:colcon.colcon_cmake.task.cmake.build:Building CMake package in '/home/eating/work/src/timda_sim/mobile_description'
[2.405s] INFO:colcon.colcon_core.shell:Skip shell extension 'powershell' for command environment: Not usable outside of PowerShell
[2.405s] DEBUG:colcon.colcon_core.shell:Skip shell extension 'dsv' for command environment
[2.427s] DEBUG:colcon.colcon_core.event_handler.log_command:Invoking command in '/home/eating/work/build/mobile_description': CMAKE_PREFIX_PATH=${CMAKE_PREFIX_PATH}:/home/eating/work/install/pallet_main:/home/eating/work/install/main_control:/home/eating/work/install/gui:/home/eating/work/install/docking_pkg:/opt/ros/humble /usr/bin/cmake /home/eating/work/src/timda_sim/mobile_description -DCMAKE_INSTALL_PREFIX=/home/eating/work/install/mobile_description
[2.672s] DEBUG:colcon.colcon_core.event_handler.log_command:Invoked command in '/home/eating/work/build/mecanum' returned '0': CMAKE_PREFIX_PATH=${CMAKE_PREFIX_PATH}:/home/eating/work/install/pallet_main:/home/eating/work/install/main_control:/home/eating/work/install/gui:/home/eating/work/install/docking_pkg:/opt/ros/humble /usr/bin/cmake /home/eating/work/src/mecanum -DCMAKE_INSTALL_PREFIX=/home/eating/work/install/mecanum
[2.672s] DEBUG:colcon.colcon_core.event_handler.log_command:Invoking command in '/home/eating/work/build/mecanum': CMAKE_PREFIX_PATH=${CMAKE_PREFIX_PATH}:/home/eating/work/install/pallet_main:/home/eating/work/install/main_control:/home/eating/work/install/gui:/home/eating/work/install/docking_pkg:/opt/ros/humble /usr/bin/cmake --build /home/eating/work/build/mecanum -- -j8 -l8
[3.084s] DEBUG:colcon.colcon_core.event_handler.log_command:Invoked command in '/home/eating/work/build/interface' returned '0': CMAKE_PREFIX_PATH=${CMAKE_PREFIX_PATH}:/home/eating/work/install/pallet_main:/home/eating/work/install/main_control:/home/eating/work/install/gui:/home/eating/work/install/docking_pkg:/opt/ros/humble /usr/bin/cmake /home/eating/work/src/interface -DCMAKE_INSTALL_PREFIX=/home/eating/work/install/interface
[3.085s] DEBUG:colcon.colcon_core.event_handler.log_command:Invoking command in '/home/eating/work/build/interface': CMAKE_PREFIX_PATH=${CMAKE_PREFIX_PATH}:/home/eating/work/install/pallet_main:/home/eating/work/install/main_control:/home/eating/work/install/gui:/home/eating/work/install/docking_pkg:/opt/ros/humble /usr/bin/cmake --build /home/eating/work/build/interface -- -j8 -l8
[3.113s] DEBUG:colcon.colcon_core.event_handler.log_command:Invoked command in '/home/eating/work/build/gui_interface' returned '0': CMAKE_PREFIX_PATH=${CMAKE_PREFIX_PATH}:/home/eating/work/install/pallet_main:/home/eating/work/install/main_control:/home/eating/work/install/gui:/home/eating/work/install/docking_pkg:/opt/ros/humble /usr/bin/cmake /home/eating/work/src/gui/gui_interface -DCMAKE_INSTALL_PREFIX=/home/eating/work/install/gui_interface
[3.114s] DEBUG:colcon.colcon_core.event_handler.log_command:Invoking command in '/home/eating/work/build/gui_interface': CMAKE_PREFIX_PATH=${CMAKE_PREFIX_PATH}:/home/eating/work/install/pallet_main:/home/eating/work/install/main_control:/home/eating/work/install/gui:/home/eating/work/install/docking_pkg:/opt/ros/humble /usr/bin/cmake --build /home/eating/work/build/gui_interface -- -j8 -l8
[3.831s] DEBUG:colcon.colcon_core.event_handler.log_command:Invoked command in '/home/eating/work/build/realsense2_camera_msgs' returned '0': CMAKE_PREFIX_PATH=${CMAKE_PREFIX_PATH}:/home/eating/work/install/pallet_main:/home/eating/work/install/main_control:/home/eating/work/install/gui:/home/eating/work/install/docking_pkg:/opt/ros/humble /usr/bin/cmake /home/eating/work/src/docking/realsense-ros/realsense2_camera_msgs -DCMAKE_INSTALL_PREFIX=/home/eating/work/install/realsense2_camera_msgs
[3.832s] DEBUG:colcon.colcon_core.event_handler.log_command:Invoking command in '/home/eating/work/build/realsense2_camera_msgs': CMAKE_PREFIX_PATH=${CMAKE_PREFIX_PATH}:/home/eating/work/install/pallet_main:/home/eating/work/install/main_control:/home/eating/work/install/gui:/home/eating/work/install/docking_pkg:/opt/ros/humble /usr/bin/cmake --build /home/eating/work/build/realsense2_camera_msgs -- -j8 -l8
[3.918s] DEBUG:colcon.colcon_core.event_handler.log_command:Invoked command in '/home/eating/work/build/mobile_description' returned '0': CMAKE_PREFIX_PATH=${CMAKE_PREFIX_PATH}:/home/eating/work/install/pallet_main:/home/eating/work/install/main_control:/home/eating/work/install/gui:/home/eating/work/install/docking_pkg:/opt/ros/humble /usr/bin/cmake /home/eating/work/src/timda_sim/mobile_description -DCMAKE_INSTALL_PREFIX=/home/eating/work/install/mobile_description
[3.941s] DEBUG:colcon.colcon_core.event_handler.log_command:Invoking command in '/home/eating/work/build/mobile_description': CMAKE_PREFIX_PATH=${CMAKE_PREFIX_PATH}:/home/eating/work/install/pallet_main:/home/eating/work/install/main_control:/home/eating/work/install/gui:/home/eating/work/install/docking_pkg:/opt/ros/humble /usr/bin/cmake --build /home/eating/work/build/mobile_description -- -j8 -l8
[9.237s] DEBUG:colcon.colcon_core.event_handler.log_command:Invoked command in '/home/eating/work/build/gui_interface' returned '0': CMAKE_PREFIX_PATH=${CMAKE_PREFIX_PATH}:/home/eating/work/install/pallet_main:/home/eating/work/install/main_control:/home/eating/work/install/gui:/home/eating/work/install/docking_pkg:/opt/ros/humble /usr/bin/cmake --build /home/eating/work/build/gui_interface -- -j8 -l8
[9.280s] DEBUG:colcon.colcon_core.event_handler.log_command:Invoking command in '/home/eating/work/build/gui_interface': CMAKE_PREFIX_PATH=${CMAKE_PREFIX_PATH}:/home/eating/work/install/pallet_main:/home/eating/work/install/main_control:/home/eating/work/install/gui:/home/eating/work/install/docking_pkg:/opt/ros/humble /usr/bin/cmake --install /home/eating/work/build/gui_interface
[10.103s] DEBUG:colcon.colcon_core.event_handler.log_command:Invoked command in '/home/eating/work/build/interface' returned '0': CMAKE_PREFIX_PATH=${CMAKE_PREFIX_PATH}:/home/eating/work/install/pallet_main:/home/eating/work/install/main_control:/home/eating/work/install/gui:/home/eating/work/install/docking_pkg:/opt/ros/humble /usr/bin/cmake --build /home/eating/work/build/interface -- -j8 -l8
[10.104s] DEBUG:colcon.colcon_core.event_handler.log_command:Invoking command in '/home/eating/work/build/interface': CMAKE_PREFIX_PATH=${CMAKE_PREFIX_PATH}:/home/eating/work/install/pallet_main:/home/eating/work/install/main_control:/home/eating/work/install/gui:/home/eating/work/install/docking_pkg:/opt/ros/humble /usr/bin/cmake --install /home/eating/work/build/interface
[10.133s] DEBUG:colcon.colcon_core.event_handler.log_command:Invoked command in '/home/eating/work/build/mobile_description' returned '0': CMAKE_PREFIX_PATH=${CMAKE_PREFIX_PATH}:/home/eating/work/install/pallet_main:/home/eating/work/install/main_control:/home/eating/work/install/gui:/home/eating/work/install/docking_pkg:/opt/ros/humble /usr/bin/cmake --build /home/eating/work/build/mobile_description -- -j8 -l8
[10.133s] DEBUG:colcon.colcon_core.event_handler.log_command:Invoking command in '/home/eating/work/build/mobile_description': CMAKE_PREFIX_PATH=${CMAKE_PREFIX_PATH}:/home/eating/work/install/pallet_main:/home/eating/work/install/main_control:/home/eating/work/install/gui:/home/eating/work/install/docking_pkg:/opt/ros/humble /usr/bin/cmake --install /home/eating/work/build/mobile_description
[10.145s] Level 1:colcon.colcon_core.environment:create_environment_scripts_only(gui_interface)
[10.145s] Level 1:colcon.colcon_core.environment:checking '/home/eating/work/install/gui_interface' for CMake module files
[10.146s] Level 1:colcon.colcon_core.environment:checking '/home/eating/work/install/gui_interface' for CMake config files
[10.147s] Level 1:colcon.colcon_core.shell:create_environment_hook('gui_interface', 'cmake_prefix_path')
[10.148s] INFO:colcon.colcon_core.shell:Creating environment hook '/home/eating/work/install/gui_interface/share/gui_interface/hook/cmake_prefix_path.ps1'
[10.148s] INFO:colcon.colcon_core.shell:Creating environment descriptor '/home/eating/work/install/gui_interface/share/gui_interface/hook/cmake_prefix_path.dsv'
[10.149s] INFO:colcon.colcon_core.shell:Creating environment hook '/home/eating/work/install/gui_interface/share/gui_interface/hook/cmake_prefix_path.sh'
[10.150s] Level 1:colcon.colcon_core.environment:checking '/home/eating/work/install/gui_interface/lib'
[10.150s] Level 1:colcon.colcon_core.shell:create_environment_hook('gui_interface', 'ld_library_path_lib')
[10.150s] INFO:colcon.colcon_core.shell:Creating environment hook '/home/eating/work/install/gui_interface/share/gui_interface/hook/ld_library_path_lib.ps1'
[10.151s] INFO:colcon.colcon_core.shell:Creating environment descriptor '/home/eating/work/install/gui_interface/share/gui_interface/hook/ld_library_path_lib.dsv'
[10.151s] INFO:colcon.colcon_core.shell:Creating environment hook '/home/eating/work/install/gui_interface/share/gui_interface/hook/ld_library_path_lib.sh'
[10.152s] Level 1:colcon.colcon_core.environment:checking '/home/eating/work/install/gui_interface/bin'
[10.152s] Level 1:colcon.colcon_core.environment:checking '/home/eating/work/install/gui_interface/lib/pkgconfig/gui_interface.pc'
[10.152s] Level 1:colcon.colcon_core.environment:checking '/home/eating/work/install/gui_interface/lib/python3.10/site-packages'
[10.153s] Level 1:colcon.colcon_core.environment:checking '/home/eating/work/install/gui_interface/bin'
[10.153s] INFO:colcon.colcon_core.shell:Creating package script '/home/eating/work/install/gui_interface/share/gui_interface/package.ps1'
[10.154s] INFO:colcon.colcon_core.shell:Creating package descriptor '/home/eating/work/install/gui_interface/share/gui_interface/package.dsv'
[10.155s] INFO:colcon.colcon_core.shell:Creating package script '/home/eating/work/install/gui_interface/share/gui_interface/package.sh'
[10.155s] INFO:colcon.colcon_core.shell:Creating package script '/home/eating/work/install/gui_interface/share/gui_interface/package.bash'
[10.156s] INFO:colcon.colcon_core.shell:Creating package script '/home/eating/work/install/gui_interface/share/gui_interface/package.zsh'
[10.156s] Level 1:colcon.colcon_core.environment:create_file_with_runtime_dependencies(/home/eating/work/install/gui_interface/share/colcon-core/packages/gui_interface)
[10.157s] DEBUG:colcon.colcon_core.event_handler.log_command:Invoked command in '/home/eating/work/build/gui_interface' returned '0': CMAKE_PREFIX_PATH=${CMAKE_PREFIX_PATH}:/home/eating/work/install/pallet_main:/home/eating/work/install/main_control:/home/eating/work/install/gui:/home/eating/work/install/docking_pkg:/opt/ros/humble /usr/bin/cmake --install /home/eating/work/build/gui_interface
[10.158s] Level 1:colcon.colcon_core.environment:create_environment_scripts_only(gui_interface)
[10.158s] Level 1:colcon.colcon_core.environment:checking '/home/eating/work/install/gui_interface' for CMake module files
[10.159s] Level 1:colcon.colcon_core.environment:checking '/home/eating/work/install/gui_interface' for CMake config files
[10.160s] Level 1:colcon.colcon_core.shell:create_environment_hook('gui_interface', 'cmake_prefix_path')
[10.160s] INFO:colcon.colcon_core.shell:Creating environment hook '/home/eating/work/install/gui_interface/share/gui_interface/hook/cmake_prefix_path.ps1'
[10.161s] INFO:colcon.colcon_core.shell:Creating environment descriptor '/home/eating/work/install/gui_interface/share/gui_interface/hook/cmake_prefix_path.dsv'
[10.161s] INFO:colcon.colcon_core.shell:Creating environment hook '/home/eating/work/install/gui_interface/share/gui_interface/hook/cmake_prefix_path.sh'
[10.162s] Level 1:colcon.colcon_core.environment:checking '/home/eating/work/install/gui_interface/lib'
[10.162s] Level 1:colcon.colcon_core.shell:create_environment_hook('gui_interface', 'ld_library_path_lib')
[10.163s] INFO:colcon.colcon_core.shell:Creating environment hook '/home/eating/work/install/gui_interface/share/gui_interface/hook/ld_library_path_lib.ps1'
[10.163s] INFO:colcon.colcon_core.shell:Creating environment descriptor '/home/eating/work/install/gui_interface/share/gui_interface/hook/ld_library_path_lib.dsv'
[10.172s] INFO:colcon.colcon_core.shell:Creating environment hook '/home/eating/work/install/gui_interface/share/gui_interface/hook/ld_library_path_lib.sh'
[10.173s] Level 1:colcon.colcon_core.environment:checking '/home/eating/work/install/gui_interface/bin'
[10.173s] Level 1:colcon.colcon_core.environment:checking '/home/eating/work/install/gui_interface/lib/pkgconfig/gui_interface.pc'
[10.173s] Level 1:colcon.colcon_core.environment:checking '/home/eating/work/install/gui_interface/lib/python3.10/site-packages'
[10.173s] Level 1:colcon.colcon_core.environment:checking '/home/eating/work/install/gui_interface/bin'
[10.174s] INFO:colcon.colcon_core.shell:Creating package script '/home/eating/work/install/gui_interface/share/gui_interface/package.ps1'
[10.175s] INFO:colcon.colcon_core.shell:Creating package descriptor '/home/eating/work/install/gui_interface/share/gui_interface/package.dsv'
[10.176s] INFO:colcon.colcon_core.shell:Creating package script '/home/eating/work/install/gui_interface/share/gui_interface/package.sh'
[10.177s] INFO:colcon.colcon_core.shell:Creating package script '/home/eating/work/install/gui_interface/share/gui_interface/package.bash'
[10.177s] INFO:colcon.colcon_core.shell:Creating package script '/home/eating/work/install/gui_interface/share/gui_interface/package.zsh'
[10.178s] Level 1:colcon.colcon_core.environment:create_file_with_runtime_dependencies(/home/eating/work/install/gui_interface/share/colcon-core/packages/gui_interface)
[10.184s] INFO:colcon.colcon_ros.task.ament_cmake.build:Building ROS package in '/home/eating/work/src/pallet/pallet_interfaces' with build type 'ament_cmake'
[10.185s] INFO:colcon.colcon_cmake.task.cmake.build:Building CMake package in '/home/eating/work/src/pallet/pallet_interfaces'
[10.185s] INFO:colcon.colcon_core.shell:Skip shell extension 'powershell' for command environment: Not usable outside of PowerShell
[10.185s] DEBUG:colcon.colcon_core.shell:Skip shell extension 'dsv' for command environment
[10.245s] DEBUG:colcon.colcon_core.event_handler.log_command:Invoking command in '/home/eating/work/build/pallet_interfaces': CMAKE_PREFIX_PATH=${CMAKE_PREFIX_PATH}:/home/eating/work/install/pallet_main:/home/eating/work/install/main_control:/home/eating/work/install/gui:/home/eating/work/install/docking_pkg:/opt/ros/humble /usr/bin/cmake /home/eating/work/src/pallet/pallet_interfaces -DCMAKE_INSTALL_PREFIX=/home/eating/work/install/pallet_interfaces
[10.309s] Level 1:colcon.colcon_core.environment:create_environment_scripts_only(interface)
[10.310s] Level 1:colcon.colcon_core.environment:checking '/home/eating/work/install/interface' for CMake module files
[10.311s] DEBUG:colcon.colcon_core.event_handler.log_command:Invoked command in '/home/eating/work/build/interface' returned '0': CMAKE_PREFIX_PATH=${CMAKE_PREFIX_PATH}:/home/eating/work/install/pallet_main:/home/eating/work/install/main_control:/home/eating/work/install/gui:/home/eating/work/install/docking_pkg:/opt/ros/humble /usr/bin/cmake --install /home/eating/work/build/interface
[10.315s] Level 1:colcon.colcon_core.environment:checking '/home/eating/work/install/interface' for CMake config files
[10.316s] Level 1:colcon.colcon_core.shell:create_environment_hook('interface', 'cmake_prefix_path')
[10.316s] INFO:colcon.colcon_core.shell:Creating environment hook '/home/eating/work/install/interface/share/interface/hook/cmake_prefix_path.ps1'
[10.317s] INFO:colcon.colcon_core.shell:Creating environment descriptor '/home/eating/work/install/interface/share/interface/hook/cmake_prefix_path.dsv'
[10.318s] INFO:colcon.colcon_core.shell:Creating environment hook '/home/eating/work/install/interface/share/interface/hook/cmake_prefix_path.sh'
[10.319s] Level 1:colcon.colcon_core.environment:checking '/home/eating/work/install/interface/lib'
[10.319s] Level 1:colcon.colcon_core.shell:create_environment_hook('interface', 'ld_library_path_lib')
[10.319s] INFO:colcon.colcon_core.shell:Creating environment hook '/home/eating/work/install/interface/share/interface/hook/ld_library_path_lib.ps1'
[10.320s] INFO:colcon.colcon_core.shell:Creating environment descriptor '/home/eating/work/install/interface/share/interface/hook/ld_library_path_lib.dsv'
[10.321s] INFO:colcon.colcon_core.shell:Creating environment hook '/home/eating/work/install/interface/share/interface/hook/ld_library_path_lib.sh'
[10.321s] Level 1:colcon.colcon_core.environment:checking '/home/eating/work/install/interface/bin'
[10.321s] Level 1:colcon.colcon_core.environment:checking '/home/eating/work/install/interface/lib/pkgconfig/interface.pc'
[10.322s] Level 1:colcon.colcon_core.environment:checking '/home/eating/work/install/interface/lib/python3.10/site-packages'
[10.323s] Level 1:colcon.colcon_core.environment:checking '/home/eating/work/install/interface/bin'
[10.326s] INFO:colcon.colcon_core.shell:Creating package script '/home/eating/work/install/interface/share/interface/package.ps1'
[10.327s] INFO:colcon.colcon_core.shell:Creating package descriptor '/home/eating/work/install/interface/share/interface/package.dsv'
[10.328s] INFO:colcon.colcon_core.shell:Creating package script '/home/eating/work/install/interface/share/interface/package.sh'
[10.329s] INFO:colcon.colcon_core.shell:Creating package script '/home/eating/work/install/interface/share/interface/package.bash'
[10.330s] INFO:colcon.colcon_core.shell:Creating package script '/home/eating/work/install/interface/share/interface/package.zsh'
[10.344s] Level 1:colcon.colcon_core.environment:create_file_with_runtime_dependencies(/home/eating/work/install/interface/share/colcon-core/packages/interface)
[10.346s] Level 1:colcon.colcon_core.environment:create_environment_scripts_only(interface)
[10.346s] Level 1:colcon.colcon_core.environment:checking '/home/eating/work/install/interface' for CMake module files
[10.347s] Level 1:colcon.colcon_core.environment:checking '/home/eating/work/install/interface' for CMake config files
[10.349s] Level 1:colcon.colcon_core.shell:create_environment_hook('interface', 'cmake_prefix_path')
[10.349s] INFO:colcon.colcon_core.shell:Creating environment hook '/home/eating/work/install/interface/share/interface/hook/cmake_prefix_path.ps1'
[10.350s] INFO:colcon.colcon_core.shell:Creating environment descriptor '/home/eating/work/install/interface/share/interface/hook/cmake_prefix_path.dsv'
[10.350s] INFO:colcon.colcon_core.shell:Creating environment hook '/home/eating/work/install/interface/share/interface/hook/cmake_prefix_path.sh'
[10.351s] Level 1:colcon.colcon_core.environment:checking '/home/eating/work/install/interface/lib'
[10.351s] Level 1:colcon.colcon_core.shell:create_environment_hook('interface', 'ld_library_path_lib')
[10.352s] INFO:colcon.colcon_core.shell:Creating environment hook '/home/eating/work/install/interface/share/interface/hook/ld_library_path_lib.ps1'
[10.353s] INFO:colcon.colcon_core.shell:Creating environment descriptor '/home/eating/work/install/interface/share/interface/hook/ld_library_path_lib.dsv'
[10.353s] INFO:colcon.colcon_core.shell:Creating environment hook '/home/eating/work/install/interface/share/interface/hook/ld_library_path_lib.sh'
[10.355s] Level 1:colcon.colcon_core.environment:checking '/home/eating/work/install/interface/bin'
[10.355s] Level 1:colcon.colcon_core.environment:checking '/home/eating/work/install/interface/lib/pkgconfig/interface.pc'
[10.355s] Level 1:colcon.colcon_core.environment:checking '/home/eating/work/install/interface/lib/python3.10/site-packages'
[10.356s] Level 1:colcon.colcon_core.environment:checking '/home/eating/work/install/interface/bin'
[10.356s] INFO:colcon.colcon_core.shell:Creating package script '/home/eating/work/install/interface/share/interface/package.ps1'
[10.359s] INFO:colcon.colcon_core.shell:Creating package descriptor '/home/eating/work/install/interface/share/interface/package.dsv'
[10.360s] INFO:colcon.colcon_core.shell:Creating package script '/home/eating/work/install/interface/share/interface/package.sh'
[10.361s] INFO:colcon.colcon_core.shell:Creating package script '/home/eating/work/install/interface/share/interface/package.bash'
[10.361s] INFO:colcon.colcon_core.shell:Creating package script '/home/eating/work/install/interface/share/interface/package.zsh'
[10.362s] Level 1:colcon.colcon_core.environment:create_file_with_runtime_dependencies(/home/eating/work/install/interface/share/colcon-core/packages/interface)
[10.368s] INFO:colcon.colcon_ros.task.ament_python.build:Building ROS package in '/home/eating/work/src/pallet/pallet_main' with build type 'ament_python'
[10.369s] Level 1:colcon.colcon_core.shell:create_environment_hook('pallet_main', 'ament_prefix_path')
[10.369s] INFO:colcon.colcon_core.shell:Creating environment hook '/home/eating/work/install/pallet_main/share/pallet_main/hook/ament_prefix_path.ps1'
[10.372s] INFO:colcon.colcon_core.shell:Creating environment descriptor '/home/eating/work/install/pallet_main/share/pallet_main/hook/ament_prefix_path.dsv'
[10.373s] INFO:colcon.colcon_core.shell:Creating environment hook '/home/eating/work/install/pallet_main/share/pallet_main/hook/ament_prefix_path.sh'
[10.374s] INFO:colcon.colcon_core.shell:Skip shell extension 'powershell' for command environment: Not usable outside of PowerShell
[10.374s] DEBUG:colcon.colcon_core.shell:Skip shell extension 'dsv' for command environment
[10.412s] Level 1:colcon.colcon_core.environment:create_environment_scripts_only(mobile_description)
[10.412s] Level 1:colcon.colcon_core.environment:checking '/home/eating/work/install/mobile_description' for CMake module files
[10.413s] Level 1:colcon.colcon_core.environment:checking '/home/eating/work/install/mobile_description' for CMake config files
[10.414s] Level 1:colcon.colcon_core.shell:create_environment_hook('mobile_description', 'cmake_prefix_path')
[10.414s] INFO:colcon.colcon_core.shell:Creating environment hook '/home/eating/work/install/mobile_description/share/mobile_description/hook/cmake_prefix_path.ps1'
[10.415s] INFO:colcon.colcon_core.shell:Creating environment descriptor '/home/eating/work/install/mobile_description/share/mobile_description/hook/cmake_prefix_path.dsv'
[10.415s] INFO:colcon.colcon_core.shell:Creating environment hook '/home/eating/work/install/mobile_description/share/mobile_description/hook/cmake_prefix_path.sh'
[10.416s] DEBUG:colcon.colcon_core.event_handler.log_command:Invoked command in '/home/eating/work/build/mobile_description' returned '0': CMAKE_PREFIX_PATH=${CMAKE_PREFIX_PATH}:/home/eating/work/install/pallet_main:/home/eating/work/install/main_control:/home/eating/work/install/gui:/home/eating/work/install/docking_pkg:/opt/ros/humble /usr/bin/cmake --install /home/eating/work/build/mobile_description
[10.417s] Level 1:colcon.colcon_core.environment:checking '/home/eating/work/install/mobile_description/bin'
[10.417s] Level 1:colcon.colcon_core.environment:checking '/home/eating/work/install/mobile_description/lib/pkgconfig/mobile_description.pc'
[10.418s] Level 1:colcon.colcon_core.environment:checking '/home/eating/work/install/mobile_description/lib/python3.10/site-packages'
[10.418s] Level 1:colcon.colcon_core.environment:checking '/home/eating/work/install/mobile_description/bin'
[10.419s] INFO:colcon.colcon_core.shell:Creating package script '/home/eating/work/install/mobile_description/share/mobile_description/package.ps1'
[10.419s] INFO:colcon.colcon_core.shell:Creating package descriptor '/home/eating/work/install/mobile_description/share/mobile_description/package.dsv'
[10.420s] INFO:colcon.colcon_core.shell:Creating package script '/home/eating/work/install/mobile_description/share/mobile_description/package.sh'
[10.421s] INFO:colcon.colcon_core.shell:Creating package script '/home/eating/work/install/mobile_description/share/mobile_description/package.bash'
[10.422s] INFO:colcon.colcon_core.shell:Creating package script '/home/eating/work/install/mobile_description/share/mobile_description/package.zsh'
[10.422s] Level 1:colcon.colcon_core.environment:create_file_with_runtime_dependencies(/home/eating/work/install/mobile_description/share/colcon-core/packages/mobile_description)
[10.423s] Level 1:colcon.colcon_core.environment:create_environment_scripts_only(mobile_description)
[10.423s] Level 1:colcon.colcon_core.environment:checking '/home/eating/work/install/mobile_description' for CMake module files
[10.424s] Level 1:colcon.colcon_core.environment:checking '/home/eating/work/install/mobile_description' for CMake config files
[10.425s] Level 1:colcon.colcon_core.shell:create_environment_hook('mobile_description', 'cmake_prefix_path')
[10.425s] INFO:colcon.colcon_core.shell:Creating environment hook '/home/eating/work/install/mobile_description/share/mobile_description/hook/cmake_prefix_path.ps1'
[10.426s] INFO:colcon.colcon_core.shell:Creating environment descriptor '/home/eating/work/install/mobile_description/share/mobile_description/hook/cmake_prefix_path.dsv'
[10.436s] INFO:colcon.colcon_core.shell:Creating environment hook '/home/eating/work/install/mobile_description/share/mobile_description/hook/cmake_prefix_path.sh'
[10.437s] Level 1:colcon.colcon_core.environment:checking '/home/eating/work/install/mobile_description/bin'
[10.437s] Level 1:colcon.colcon_core.environment:checking '/home/eating/work/install/mobile_description/lib/pkgconfig/mobile_description.pc'
[10.437s] Level 1:colcon.colcon_core.environment:checking '/home/eating/work/install/mobile_description/lib/python3.10/site-packages'
[10.438s] Level 1:colcon.colcon_core.environment:checking '/home/eating/work/install/mobile_description/bin'
[10.438s] INFO:colcon.colcon_core.shell:Creating package script '/home/eating/work/install/mobile_description/share/mobile_description/package.ps1'
[10.439s] INFO:colcon.colcon_core.shell:Creating package descriptor '/home/eating/work/install/mobile_description/share/mobile_description/package.dsv'
[10.440s] INFO:colcon.colcon_core.shell:Creating package script '/home/eating/work/install/mobile_description/share/mobile_description/package.sh'
[10.441s] INFO:colcon.colcon_core.shell:Creating package script '/home/eating/work/install/mobile_description/share/mobile_description/package.bash'
[10.443s] INFO:colcon.colcon_core.shell:Creating package script '/home/eating/work/install/mobile_description/share/mobile_description/package.zsh'
[10.444s] Level 1:colcon.colcon_core.environment:create_file_with_runtime_dependencies(/home/eating/work/install/mobile_description/share/colcon-core/packages/mobile_description)
[10.447s] INFO:colcon.colcon_ros.task.ament_cmake.build:Building ROS package in '/home/eating/work/src/timda_sim/robot_arm_description' with build type 'ament_cmake'
[10.448s] INFO:colcon.colcon_cmake.task.cmake.build:Building CMake package in '/home/eating/work/src/timda_sim/robot_arm_description'
[10.448s] INFO:colcon.colcon_core.shell:Skip shell extension 'powershell' for command environment: Not usable outside of PowerShell
[10.448s] DEBUG:colcon.colcon_core.shell:Skip shell extension 'dsv' for command environment
[10.496s] DEBUG:colcon.colcon_core.event_handler.log_command:Invoked command in '/home/eating/work/build/ira_laser_tools' returned '0': CMAKE_PREFIX_PATH=${CMAKE_PREFIX_PATH}:/home/eating/work/install/pallet_main:/home/eating/work/install/main_control:/home/eating/work/install/gui:/home/eating/work/install/docking_pkg:/opt/ros/humble /usr/bin/cmake /home/eating/work/src/ira_laser_tools -DCMAKE_INSTALL_PREFIX=/home/eating/work/install/ira_laser_tools
[10.519s] DEBUG:colcon.colcon_core.event_handler.log_command:Invoking command in '/home/eating/work/build/ira_laser_tools': CMAKE_PREFIX_PATH=${CMAKE_PREFIX_PATH}:/home/eating/work/install/pallet_main:/home/eating/work/install/main_control:/home/eating/work/install/gui:/home/eating/work/install/docking_pkg:/opt/ros/humble /usr/bin/cmake --build /home/eating/work/build/ira_laser_tools -- -j8 -l8
[11.283s] INFO:colcon.colcon_core.task.python.build:Building Python package in '/home/eating/work/src/pallet/pallet_main'
[11.284s] INFO:colcon.colcon_core.shell:Skip shell extension 'powershell' for command environment: Not usable outside of PowerShell
[11.284s] DEBUG:colcon.colcon_core.shell:Skip shell extension 'dsv' for command environment
[11.292s] DEBUG:colcon.colcon_core.event_handler.log_command:Invoking command in '/home/eating/work/build/robot_arm_description': CMAKE_PREFIX_PATH=${CMAKE_PREFIX_PATH}:/home/eating/work/install/pallet_main:/home/eating/work/install/main_control:/home/eating/work/install/gui:/home/eating/work/install/docking_pkg:/opt/ros/humble /usr/bin/cmake /home/eating/work/src/timda_sim/robot_arm_description -DCMAKE_INSTALL_PREFIX=/home/eating/work/install/robot_arm_description
[11.925s] DEBUG:colcon.colcon_core.event_handler.log_command:Invoking command in '/home/eating/work/src/pallet/pallet_main': PYTHONPATH=/home/eating/work/build/pallet_main/prefix_override:/usr/lib/python3/dist-packages/colcon_core/task/python/colcon_distutils_commands:/home/eating/work/install/pallet_main/lib/python3.10/site-packages:${PYTHONPATH} /usr/bin/python3 -W ignore:setup.py install is deprecated -W ignore:easy_install command is deprecated setup.py egg_info --egg-base ../../../build/pallet_main build --build-base /home/eating/work/build/pallet_main/build install --record /home/eating/work/build/pallet_main/install.log --single-version-externally-managed install_data
[13.035s] DEBUG:colcon.colcon_core.event_handler.log_command:Invoked command in '/home/eating/work/build/keyboard_control' returned '0': CMAKE_PREFIX_PATH=${CMAKE_PREFIX_PATH}:/home/eating/work/install/pallet_main:/home/eating/work/install/main_control:/home/eating/work/install/gui:/home/eating/work/install/docking_pkg:/opt/ros/humble /usr/bin/cmake --build /home/eating/work/build/keyboard_control -- -j8 -l8
[13.045s] DEBUG:colcon.colcon_core.event_handler.log_command:Invoking command in '/home/eating/work/build/keyboard_control': CMAKE_PREFIX_PATH=${CMAKE_PREFIX_PATH}:/home/eating/work/install/pallet_main:/home/eating/work/install/main_control:/home/eating/work/install/gui:/home/eating/work/install/docking_pkg:/opt/ros/humble /usr/bin/cmake --install /home/eating/work/build/keyboard_control
[13.047s] DEBUG:colcon.colcon_core.event_handler.log_command:Invoked command in '/home/eating/work/build/robot_arm_description' returned '0': CMAKE_PREFIX_PATH=${CMAKE_PREFIX_PATH}:/home/eating/work/install/pallet_main:/home/eating/work/install/main_control:/home/eating/work/install/gui:/home/eating/work/install/docking_pkg:/opt/ros/humble /usr/bin/cmake /home/eating/work/src/timda_sim/robot_arm_description -DCMAKE_INSTALL_PREFIX=/home/eating/work/install/robot_arm_description
[13.048s] DEBUG:colcon.colcon_core.event_handler.log_command:Invoking command in '/home/eating/work/build/robot_arm_description': CMAKE_PREFIX_PATH=${CMAKE_PREFIX_PATH}:/home/eating/work/install/pallet_main:/home/eating/work/install/main_control:/home/eating/work/install/gui:/home/eating/work/install/docking_pkg:/opt/ros/humble /usr/bin/cmake --build /home/eating/work/build/robot_arm_description -- -j8 -l8
[13.058s] Level 1:colcon.colcon_core.environment:checking '/home/eating/work/install/pallet_main' for CMake module files
[13.059s] DEBUG:colcon.colcon_core.event_handler.log_command:Invoked command in '/home/eating/work/src/pallet/pallet_main' returned '0': PYTHONPATH=/home/eating/work/build/pallet_main/prefix_override:/usr/lib/python3/dist-packages/colcon_core/task/python/colcon_distutils_commands:/home/eating/work/install/pallet_main/lib/python3.10/site-packages:${PYTHONPATH} /usr/bin/python3 -W ignore:setup.py install is deprecated -W ignore:easy_install command is deprecated setup.py egg_info --egg-base ../../../build/pallet_main build --build-base /home/eating/work/build/pallet_main/build install --record /home/eating/work/build/pallet_main/install.log --single-version-externally-managed install_data
[13.059s] Level 1:colcon.colcon_core.environment:checking '/home/eating/work/install/pallet_main' for CMake config files
[13.060s] Level 1:colcon.colcon_core.environment:checking '/home/eating/work/install/pallet_main/lib'
[13.060s] Level 1:colcon.colcon_core.environment:checking '/home/eating/work/install/pallet_main/bin'
[13.060s] Level 1:colcon.colcon_core.environment:checking '/home/eating/work/install/pallet_main/lib/pkgconfig/pallet_main.pc'
[13.060s] Level 1:colcon.colcon_core.environment:checking '/home/eating/work/install/pallet_main/lib/python3.10/site-packages'
[13.061s] Level 1:colcon.colcon_core.shell:create_environment_hook('pallet_main', 'pythonpath')
[13.061s] INFO:colcon.colcon_core.shell:Creating environment hook '/home/eating/work/install/pallet_main/share/pallet_main/hook/pythonpath.ps1'
[13.062s] INFO:colcon.colcon_core.shell:Creating environment descriptor '/home/eating/work/install/pallet_main/share/pallet_main/hook/pythonpath.dsv'
[13.062s] INFO:colcon.colcon_core.shell:Creating environment hook '/home/eating/work/install/pallet_main/share/pallet_main/hook/pythonpath.sh'
[13.063s] Level 1:colcon.colcon_core.environment:checking '/home/eating/work/install/pallet_main/bin'
[13.063s] Level 1:colcon.colcon_core.environment:create_environment_scripts_only(pallet_main)
[13.064s] INFO:colcon.colcon_core.shell:Creating package script '/home/eating/work/install/pallet_main/share/pallet_main/package.ps1'
[13.064s] INFO:colcon.colcon_core.shell:Creating package descriptor '/home/eating/work/install/pallet_main/share/pallet_main/package.dsv'
[13.065s] INFO:colcon.colcon_core.shell:Creating package script '/home/eating/work/install/pallet_main/share/pallet_main/package.sh'
[13.065s] INFO:colcon.colcon_core.shell:Creating package script '/home/eating/work/install/pallet_main/share/pallet_main/package.bash'
[13.066s] INFO:colcon.colcon_core.shell:Creating package script '/home/eating/work/install/pallet_main/share/pallet_main/package.zsh'
[13.066s] Level 1:colcon.colcon_core.environment:create_file_with_runtime_dependencies(/home/eating/work/install/pallet_main/share/colcon-core/packages/pallet_main)
[13.068s] INFO:colcon.colcon_ros.task.ament_cmake.build:Building ROS package in '/home/eating/work/src/timda_sim/suction_description' with build type 'ament_cmake'
[13.068s] INFO:colcon.colcon_cmake.task.cmake.build:Building CMake package in '/home/eating/work/src/timda_sim/suction_description'
[13.069s] INFO:colcon.colcon_core.shell:Skip shell extension 'powershell' for command environment: Not usable outside of PowerShell
[13.069s] DEBUG:colcon.colcon_core.shell:Skip shell extension 'dsv' for command environment
[13.082s] Level 1:colcon.colcon_core.environment:create_environment_scripts_only(keyboard_control)
[13.082s] Level 1:colcon.colcon_core.environment:checking '/home/eating/work/install/keyboard_control' for CMake module files
[13.083s] Level 1:colcon.colcon_core.environment:checking '/home/eating/work/install/keyboard_control' for CMake config files
[13.083s] Level 1:colcon.colcon_core.shell:create_environment_hook('keyboard_control', 'cmake_prefix_path')
[13.084s] INFO:colcon.colcon_core.shell:Creating environment hook '/home/eating/work/install/keyboard_control/share/keyboard_control/hook/cmake_prefix_path.ps1'
[13.084s] INFO:colcon.colcon_core.shell:Creating environment descriptor '/home/eating/work/install/keyboard_control/share/keyboard_control/hook/cmake_prefix_path.dsv'
[13.085s] INFO:colcon.colcon_core.shell:Creating environment hook '/home/eating/work/install/keyboard_control/share/keyboard_control/hook/cmake_prefix_path.sh'
[13.086s] Level 1:colcon.colcon_core.environment:checking '/home/eating/work/install/keyboard_control/lib'
[13.086s] Level 1:colcon.colcon_core.environment:checking '/home/eating/work/install/keyboard_control/bin'
[13.086s] Level 1:colcon.colcon_core.environment:checking '/home/eating/work/install/keyboard_control/lib/pkgconfig/keyboard_control.pc'
[13.086s] Level 1:colcon.colcon_core.environment:checking '/home/eating/work/install/keyboard_control/lib/python3.10/site-packages'
[13.087s] Level 1:colcon.colcon_core.environment:checking '/home/eating/work/install/keyboard_control/bin'
[13.087s] INFO:colcon.colcon_core.shell:Creating package script '/home/eating/work/install/keyboard_control/share/keyboard_control/package.ps1'
[13.088s] DEBUG:colcon.colcon_core.event_handler.log_command:Invoked command in '/home/eating/work/build/keyboard_control' returned '0': CMAKE_PREFIX_PATH=${CMAKE_PREFIX_PATH}:/home/eating/work/install/pallet_main:/home/eating/work/install/main_control:/home/eating/work/install/gui:/home/eating/work/install/docking_pkg:/opt/ros/humble /usr/bin/cmake --install /home/eating/work/build/keyboard_control
[13.089s] INFO:colcon.colcon_core.shell:Creating package descriptor '/home/eating/work/install/keyboard_control/share/keyboard_control/package.dsv'
[13.089s] INFO:colcon.colcon_core.shell:Creating package script '/home/eating/work/install/keyboard_control/share/keyboard_control/package.sh'
[13.090s] INFO:colcon.colcon_core.shell:Creating package script '/home/eating/work/install/keyboard_control/share/keyboard_control/package.bash'
[13.090s] INFO:colcon.colcon_core.shell:Creating package script '/home/eating/work/install/keyboard_control/share/keyboard_control/package.zsh'
[13.091s] Level 1:colcon.colcon_core.environment:create_file_with_runtime_dependencies(/home/eating/work/install/keyboard_control/share/colcon-core/packages/keyboard_control)
[13.092s] Level 1:colcon.colcon_core.environment:create_environment_scripts_only(keyboard_control)
[13.092s] Level 1:colcon.colcon_core.environment:checking '/home/eating/work/install/keyboard_control' for CMake module files
[13.093s] Level 1:colcon.colcon_core.environment:checking '/home/eating/work/install/keyboard_control' for CMake config files
[13.093s] Level 1:colcon.colcon_core.shell:create_environment_hook('keyboard_control', 'cmake_prefix_path')
[13.095s] INFO:colcon.colcon_core.shell:Creating environment hook '/home/eating/work/install/keyboard_control/share/keyboard_control/hook/cmake_prefix_path.ps1'
[13.096s] INFO:colcon.colcon_core.shell:Creating environment descriptor '/home/eating/work/install/keyboard_control/share/keyboard_control/hook/cmake_prefix_path.dsv'
[13.096s] INFO:colcon.colcon_core.shell:Creating environment hook '/home/eating/work/install/keyboard_control/share/keyboard_control/hook/cmake_prefix_path.sh'
[13.097s] Level 1:colcon.colcon_core.environment:checking '/home/eating/work/install/keyboard_control/lib'
[13.097s] Level 1:colcon.colcon_core.environment:checking '/home/eating/work/install/keyboard_control/bin'
[13.097s] Level 1:colcon.colcon_core.environment:checking '/home/eating/work/install/keyboard_control/lib/pkgconfig/keyboard_control.pc'
[13.098s] Level 1:colcon.colcon_core.environment:checking '/home/eating/work/install/keyboard_control/lib/python3.10/site-packages'
[13.099s] Level 1:colcon.colcon_core.environment:checking '/home/eating/work/install/keyboard_control/bin'
[13.099s] INFO:colcon.colcon_core.shell:Creating package script '/home/eating/work/install/keyboard_control/share/keyboard_control/package.ps1'
[13.100s] INFO:colcon.colcon_core.shell:Creating package descriptor '/home/eating/work/install/keyboard_control/share/keyboard_control/package.dsv'
[13.101s] INFO:colcon.colcon_core.shell:Creating package script '/home/eating/work/install/keyboard_control/share/keyboard_control/package.sh'
[13.102s] INFO:colcon.colcon_core.shell:Creating package script '/home/eating/work/install/keyboard_control/share/keyboard_control/package.bash'
[13.102s] INFO:colcon.colcon_core.shell:Creating package script '/home/eating/work/install/keyboard_control/share/keyboard_control/package.zsh'
[13.103s] Level 1:colcon.colcon_core.environment:create_file_with_runtime_dependencies(/home/eating/work/install/keyboard_control/share/colcon-core/packages/keyboard_control)
[13.105s] INFO:colcon.colcon_ros.task.ament_cmake.build:Building ROS package in '/home/eating/work/src/timda_sim/timda_body_description' with build type 'ament_cmake'
[13.105s] INFO:colcon.colcon_cmake.task.cmake.build:Building CMake package in '/home/eating/work/src/timda_sim/timda_body_description'
[13.106s] INFO:colcon.colcon_core.shell:Skip shell extension 'powershell' for command environment: Not usable outside of PowerShell
[13.106s] DEBUG:colcon.colcon_core.shell:Skip shell extension 'dsv' for command environment
[13.119s] DEBUG:colcon.colcon_core.event_handler.log_command:Invoking command in '/home/eating/work/build/suction_description': CMAKE_PREFIX_PATH=${CMAKE_PREFIX_PATH}:/home/eating/work/install/pallet_main:/home/eating/work/install/main_control:/home/eating/work/install/gui:/home/eating/work/install/docking_pkg:/opt/ros/humble /usr/bin/cmake /home/eating/work/src/timda_sim/suction_description -DCMAKE_INSTALL_PREFIX=/home/eating/work/install/suction_description
[13.120s] DEBUG:colcon.colcon_core.event_handler.log_command:Invoking command in '/home/eating/work/build/timda_body_description': CMAKE_PREFIX_PATH=${CMAKE_PREFIX_PATH}:/home/eating/work/install/pallet_main:/home/eating/work/install/main_control:/home/eating/work/install/gui:/home/eating/work/install/docking_pkg:/opt/ros/humble /usr/bin/cmake /home/eating/work/src/timda_sim/timda_body_description -DCMAKE_INSTALL_PREFIX=/home/eating/work/install/timda_body_description
[13.136s] DEBUG:colcon.colcon_core.event_handler.log_command:Invoked command in '/home/eating/work/build/robot_arm_description' returned '0': CMAKE_PREFIX_PATH=${CMAKE_PREFIX_PATH}:/home/eating/work/install/pallet_main:/home/eating/work/install/main_control:/home/eating/work/install/gui:/home/eating/work/install/docking_pkg:/opt/ros/humble /usr/bin/cmake --build /home/eating/work/build/robot_arm_description -- -j8 -l8
[13.137s] DEBUG:colcon.colcon_core.event_handler.log_command:Invoking command in '/home/eating/work/build/robot_arm_description': CMAKE_PREFIX_PATH=${CMAKE_PREFIX_PATH}:/home/eating/work/install/pallet_main:/home/eating/work/install/main_control:/home/eating/work/install/gui:/home/eating/work/install/docking_pkg:/opt/ros/humble /usr/bin/cmake --install /home/eating/work/build/robot_arm_description
[14.270s] DEBUG:colcon.colcon_core.event_handler.log_command:Invoked command in '/home/eating/work/build/pallet_interfaces' returned '0': CMAKE_PREFIX_PATH=${CMAKE_PREFIX_PATH}:/home/eating/work/install/pallet_main:/home/eating/work/install/main_control:/home/eating/work/install/gui:/home/eating/work/install/docking_pkg:/opt/ros/humble /usr/bin/cmake /home/eating/work/src/pallet/pallet_interfaces -DCMAKE_INSTALL_PREFIX=/home/eating/work/install/pallet_interfaces
[14.270s] DEBUG:colcon.colcon_core.event_handler.log_command:Invoking command in '/home/eating/work/build/pallet_interfaces': CMAKE_PREFIX_PATH=${CMAKE_PREFIX_PATH}:/home/eating/work/install/pallet_main:/home/eating/work/install/main_control:/home/eating/work/install/gui:/home/eating/work/install/docking_pkg:/opt/ros/humble /usr/bin/cmake --build /home/eating/work/build/pallet_interfaces -- -j8 -l8
[14.310s] DEBUG:colcon.colcon_core.event_handler.log_command:Invoked command in '/home/eating/work/build/realsense2_camera_msgs' returned '0': CMAKE_PREFIX_PATH=${CMAKE_PREFIX_PATH}:/home/eating/work/install/pallet_main:/home/eating/work/install/main_control:/home/eating/work/install/gui:/home/eating/work/install/docking_pkg:/opt/ros/humble /usr/bin/cmake --build /home/eating/work/build/realsense2_camera_msgs -- -j8 -l8
[14.315s] DEBUG:colcon.colcon_core.event_handler.log_command:Invoking command in '/home/eating/work/build/realsense2_camera_msgs': CMAKE_PREFIX_PATH=${CMAKE_PREFIX_PATH}:/home/eating/work/install/pallet_main:/home/eating/work/install/main_control:/home/eating/work/install/gui:/home/eating/work/install/docking_pkg:/opt/ros/humble /usr/bin/cmake --install /home/eating/work/build/realsense2_camera_msgs
[14.324s] Level 1:colcon.colcon_core.environment:create_environment_scripts_only(robot_arm_description)
[14.325s] Level 1:colcon.colcon_core.environment:checking '/home/eating/work/install/robot_arm_description' for CMake module files
[14.325s] Level 1:colcon.colcon_core.environment:checking '/home/eating/work/install/robot_arm_description' for CMake config files
[14.326s] Level 1:colcon.colcon_core.shell:create_environment_hook('robot_arm_description', 'cmake_prefix_path')
[14.326s] INFO:colcon.colcon_core.shell:Creating environment hook '/home/eating/work/install/robot_arm_description/share/robot_arm_description/hook/cmake_prefix_path.ps1'
[14.327s] INFO:colcon.colcon_core.shell:Creating environment descriptor '/home/eating/work/install/robot_arm_description/share/robot_arm_description/hook/cmake_prefix_path.dsv'
[14.327s] INFO:colcon.colcon_core.shell:Creating environment hook '/home/eating/work/install/robot_arm_description/share/robot_arm_description/hook/cmake_prefix_path.sh'
[14.324s] DEBUG:colcon.colcon_core.event_handler.log_command:Invoked command in '/home/eating/work/build/robot_arm_description' returned '0': CMAKE_PREFIX_PATH=${CMAKE_PREFIX_PATH}:/home/eating/work/install/pallet_main:/home/eating/work/install/main_control:/home/eating/work/install/gui:/home/eating/work/install/docking_pkg:/opt/ros/humble /usr/bin/cmake --install /home/eating/work/build/robot_arm_description
[14.328s] Level 1:colcon.colcon_core.environment:checking '/home/eating/work/install/robot_arm_description/bin'
[14.328s] Level 1:colcon.colcon_core.environment:checking '/home/eating/work/install/robot_arm_description/lib/pkgconfig/robot_arm_description.pc'
[14.328s] Level 1:colcon.colcon_core.environment:checking '/home/eating/work/install/robot_arm_description/lib/python3.10/site-packages'
[14.329s] Level 1:colcon.colcon_core.environment:checking '/home/eating/work/install/robot_arm_description/bin'
[14.329s] INFO:colcon.colcon_core.shell:Creating package script '/home/eating/work/install/robot_arm_description/share/robot_arm_description/package.ps1'
[14.332s] INFO:colcon.colcon_core.shell:Creating package descriptor '/home/eating/work/install/robot_arm_description/share/robot_arm_description/package.dsv'
[14.332s] INFO:colcon.colcon_core.shell:Creating package script '/home/eating/work/install/robot_arm_description/share/robot_arm_description/package.sh'
[14.333s] INFO:colcon.colcon_core.shell:Creating package script '/home/eating/work/install/robot_arm_description/share/robot_arm_description/package.bash'
[14.333s] INFO:colcon.colcon_core.shell:Creating package script '/home/eating/work/install/robot_arm_description/share/robot_arm_description/package.zsh'
[14.334s] Level 1:colcon.colcon_core.environment:create_file_with_runtime_dependencies(/home/eating/work/install/robot_arm_description/share/colcon-core/packages/robot_arm_description)
[14.334s] Level 1:colcon.colcon_core.environment:create_environment_scripts_only(robot_arm_description)
[14.335s] Level 1:colcon.colcon_core.environment:checking '/home/eating/work/install/robot_arm_description' for CMake module files
[14.335s] Level 1:colcon.colcon_core.environment:checking '/home/eating/work/install/robot_arm_description' for CMake config files
[14.336s] Level 1:colcon.colcon_core.shell:create_environment_hook('robot_arm_description', 'cmake_prefix_path')
[14.336s] INFO:colcon.colcon_core.shell:Creating environment hook '/home/eating/work/install/robot_arm_description/share/robot_arm_description/hook/cmake_prefix_path.ps1'
[14.337s] INFO:colcon.colcon_core.shell:Creating environment descriptor '/home/eating/work/install/robot_arm_description/share/robot_arm_description/hook/cmake_prefix_path.dsv'
[14.337s] INFO:colcon.colcon_core.shell:Creating environment hook '/home/eating/work/install/robot_arm_description/share/robot_arm_description/hook/cmake_prefix_path.sh'
[14.338s] Level 1:colcon.colcon_core.environment:checking '/home/eating/work/install/robot_arm_description/bin'
[14.338s] Level 1:colcon.colcon_core.environment:checking '/home/eating/work/install/robot_arm_description/lib/pkgconfig/robot_arm_description.pc'
[14.339s] Level 1:colcon.colcon_core.environment:checking '/home/eating/work/install/robot_arm_description/lib/python3.10/site-packages'
[14.339s] Level 1:colcon.colcon_core.environment:checking '/home/eating/work/install/robot_arm_description/bin'
[14.339s] INFO:colcon.colcon_core.shell:Creating package script '/home/eating/work/install/robot_arm_description/share/robot_arm_description/package.ps1'
[14.340s] INFO:colcon.colcon_core.shell:Creating package descriptor '/home/eating/work/install/robot_arm_description/share/robot_arm_description/package.dsv'
[14.341s] INFO:colcon.colcon_core.shell:Creating package script '/home/eating/work/install/robot_arm_description/share/robot_arm_description/package.sh'
[14.341s] INFO:colcon.colcon_core.shell:Creating package script '/home/eating/work/install/robot_arm_description/share/robot_arm_description/package.bash'
[14.342s] INFO:colcon.colcon_core.shell:Creating package script '/home/eating/work/install/robot_arm_description/share/robot_arm_description/package.zsh'
[14.342s] Level 1:colcon.colcon_core.environment:create_file_with_runtime_dependencies(/home/eating/work/install/robot_arm_description/share/colcon-core/packages/robot_arm_description)
[14.343s] INFO:colcon.colcon_ros.task.ament_cmake.build:Building ROS package in '/home/eating/work/src/timda_bringup' with build type 'ament_cmake'
[14.343s] INFO:colcon.colcon_cmake.task.cmake.build:Building CMake package in '/home/eating/work/src/timda_bringup'
[14.344s] INFO:colcon.colcon_core.shell:Skip shell extension 'powershell' for command environment: Not usable outside of PowerShell
[14.344s] DEBUG:colcon.colcon_core.shell:Skip shell extension 'dsv' for command environment
[14.391s] DEBUG:colcon.colcon_core.event_handler.log_command:Invoking command in '/home/eating/work/build/timda_bringup': CMAKE_PREFIX_PATH=${CMAKE_PREFIX_PATH}:/home/eating/work/install/pallet_main:/home/eating/work/install/main_control:/home/eating/work/install/gui:/home/eating/work/install/docking_pkg:/opt/ros/humble /usr/bin/cmake /home/eating/work/src/timda_bringup -DCMAKE_INSTALL_PREFIX=/home/eating/work/install/timda_bringup
[14.420s] DEBUG:colcon.colcon_core.event_handler.log_command:Invoked command in '/home/eating/work/build/suction_description' returned '0': CMAKE_PREFIX_PATH=${CMAKE_PREFIX_PATH}:/home/eating/work/install/pallet_main:/home/eating/work/install/main_control:/home/eating/work/install/gui:/home/eating/work/install/docking_pkg:/opt/ros/humble /usr/bin/cmake /home/eating/work/src/timda_sim/suction_description -DCMAKE_INSTALL_PREFIX=/home/eating/work/install/suction_description
[14.421s] DEBUG:colcon.colcon_core.event_handler.log_command:Invoking command in '/home/eating/work/build/suction_description': CMAKE_PREFIX_PATH=${CMAKE_PREFIX_PATH}:/home/eating/work/install/pallet_main:/home/eating/work/install/main_control:/home/eating/work/install/gui:/home/eating/work/install/docking_pkg:/opt/ros/humble /usr/bin/cmake --build /home/eating/work/build/suction_description -- -j8 -l8
[14.507s] DEBUG:colcon.colcon_core.event_handler.log_command:Invoked command in '/home/eating/work/build/timda_body_description' returned '0': CMAKE_PREFIX_PATH=${CMAKE_PREFIX_PATH}:/home/eating/work/install/pallet_main:/home/eating/work/install/main_control:/home/eating/work/install/gui:/home/eating/work/install/docking_pkg:/opt/ros/humble /usr/bin/cmake /home/eating/work/src/timda_sim/timda_body_description -DCMAKE_INSTALL_PREFIX=/home/eating/work/install/timda_body_description
[14.518s] DEBUG:colcon.colcon_core.event_handler.log_command:Invoking command in '/home/eating/work/build/timda_body_description': CMAKE_PREFIX_PATH=${CMAKE_PREFIX_PATH}:/home/eating/work/install/pallet_main:/home/eating/work/install/main_control:/home/eating/work/install/gui:/home/eating/work/install/docking_pkg:/opt/ros/humble /usr/bin/cmake --build /home/eating/work/build/timda_body_description -- -j8 -l8
[14.604s] Level 1:colcon.colcon_core.environment:create_environment_scripts_only(realsense2_camera_msgs)
[14.604s] Level 1:colcon.colcon_core.environment:checking '/home/eating/work/install/realsense2_camera_msgs' for CMake module files
[14.605s] Level 1:colcon.colcon_core.environment:checking '/home/eating/work/install/realsense2_camera_msgs' for CMake config files
[14.606s] Level 1:colcon.colcon_core.shell:create_environment_hook('realsense2_camera_msgs', 'cmake_prefix_path')
[14.606s] INFO:colcon.colcon_core.shell:Creating environment hook '/home/eating/work/install/realsense2_camera_msgs/share/realsense2_camera_msgs/hook/cmake_prefix_path.ps1'
[14.607s] INFO:colcon.colcon_core.shell:Creating environment descriptor '/home/eating/work/install/realsense2_camera_msgs/share/realsense2_camera_msgs/hook/cmake_prefix_path.dsv'
[14.608s] DEBUG:colcon.colcon_core.event_handler.log_command:Invoked command in '/home/eating/work/build/realsense2_camera_msgs' returned '0': CMAKE_PREFIX_PATH=${CMAKE_PREFIX_PATH}:/home/eating/work/install/pallet_main:/home/eating/work/install/main_control:/home/eating/work/install/gui:/home/eating/work/install/docking_pkg:/opt/ros/humble /usr/bin/cmake --install /home/eating/work/build/realsense2_camera_msgs
[14.608s] INFO:colcon.colcon_core.shell:Creating environment hook '/home/eating/work/install/realsense2_camera_msgs/share/realsense2_camera_msgs/hook/cmake_prefix_path.sh'
[14.609s] Level 1:colcon.colcon_core.environment:checking '/home/eating/work/install/realsense2_camera_msgs/lib'
[14.609s] Level 1:colcon.colcon_core.shell:create_environment_hook('realsense2_camera_msgs', 'ld_library_path_lib')
[14.610s] INFO:colcon.colcon_core.shell:Creating environment hook '/home/eating/work/install/realsense2_camera_msgs/share/realsense2_camera_msgs/hook/ld_library_path_lib.ps1'
[14.610s] INFO:colcon.colcon_core.shell:Creating environment descriptor '/home/eating/work/install/realsense2_camera_msgs/share/realsense2_camera_msgs/hook/ld_library_path_lib.dsv'
[14.611s] INFO:colcon.colcon_core.shell:Creating environment hook '/home/eating/work/install/realsense2_camera_msgs/share/realsense2_camera_msgs/hook/ld_library_path_lib.sh'
[14.611s] Level 1:colcon.colcon_core.environment:checking '/home/eating/work/install/realsense2_camera_msgs/bin'
[14.611s] Level 1:colcon.colcon_core.environment:checking '/home/eating/work/install/realsense2_camera_msgs/lib/pkgconfig/realsense2_camera_msgs.pc'
[14.612s] Level 1:colcon.colcon_core.environment:checking '/home/eating/work/install/realsense2_camera_msgs/lib/python3.10/site-packages'
[14.612s] Level 1:colcon.colcon_core.environment:checking '/home/eating/work/install/realsense2_camera_msgs/bin'
[14.613s] INFO:colcon.colcon_core.shell:Creating package script '/home/eating/work/install/realsense2_camera_msgs/share/realsense2_camera_msgs/package.ps1'
[14.614s] INFO:colcon.colcon_core.shell:Creating package descriptor '/home/eating/work/install/realsense2_camera_msgs/share/realsense2_camera_msgs/package.dsv'
[14.615s] INFO:colcon.colcon_core.shell:Creating package script '/home/eating/work/install/realsense2_camera_msgs/share/realsense2_camera_msgs/package.sh'
[14.615s] INFO:colcon.colcon_core.shell:Creating package script '/home/eating/work/install/realsense2_camera_msgs/share/realsense2_camera_msgs/package.bash'
[14.617s] INFO:colcon.colcon_core.shell:Creating package script '/home/eating/work/install/realsense2_camera_msgs/share/realsense2_camera_msgs/package.zsh'
[14.617s] Level 1:colcon.colcon_core.environment:create_file_with_runtime_dependencies(/home/eating/work/install/realsense2_camera_msgs/share/colcon-core/packages/realsense2_camera_msgs)
[14.618s] Level 1:colcon.colcon_core.environment:create_environment_scripts_only(realsense2_camera_msgs)
[14.619s] Level 1:colcon.colcon_core.environment:checking '/home/eating/work/install/realsense2_camera_msgs' for CMake module files
[14.620s] Level 1:colcon.colcon_core.environment:checking '/home/eating/work/install/realsense2_camera_msgs' for CMake config files
[14.621s] Level 1:colcon.colcon_core.shell:create_environment_hook('realsense2_camera_msgs', 'cmake_prefix_path')
[14.622s] INFO:colcon.colcon_core.shell:Creating environment hook '/home/eating/work/install/realsense2_camera_msgs/share/realsense2_camera_msgs/hook/cmake_prefix_path.ps1'
[14.622s] INFO:colcon.colcon_core.shell:Creating environment descriptor '/home/eating/work/install/realsense2_camera_msgs/share/realsense2_camera_msgs/hook/cmake_prefix_path.dsv'
[14.623s] INFO:colcon.colcon_core.shell:Creating environment hook '/home/eating/work/install/realsense2_camera_msgs/share/realsense2_camera_msgs/hook/cmake_prefix_path.sh'
[14.624s] Level 1:colcon.colcon_core.environment:checking '/home/eating/work/install/realsense2_camera_msgs/lib'
[14.624s] Level 1:colcon.colcon_core.shell:create_environment_hook('realsense2_camera_msgs', 'ld_library_path_lib')
[14.624s] INFO:colcon.colcon_core.shell:Creating environment hook '/home/eating/work/install/realsense2_camera_msgs/share/realsense2_camera_msgs/hook/ld_library_path_lib.ps1'
[14.625s] INFO:colcon.colcon_core.shell:Creating environment descriptor '/home/eating/work/install/realsense2_camera_msgs/share/realsense2_camera_msgs/hook/ld_library_path_lib.dsv'
[14.625s] INFO:colcon.colcon_core.shell:Creating environment hook '/home/eating/work/install/realsense2_camera_msgs/share/realsense2_camera_msgs/hook/ld_library_path_lib.sh'
[14.626s] Level 1:colcon.colcon_core.environment:checking '/home/eating/work/install/realsense2_camera_msgs/bin'
[14.626s] Level 1:colcon.colcon_core.environment:checking '/home/eating/work/install/realsense2_camera_msgs/lib/pkgconfig/realsense2_camera_msgs.pc'
[14.627s] Level 1:colcon.colcon_core.environment:checking '/home/eating/work/install/realsense2_camera_msgs/lib/python3.10/site-packages'
[14.627s] Level 1:colcon.colcon_core.environment:checking '/home/eating/work/install/realsense2_camera_msgs/bin'
[14.640s] INFO:colcon.colcon_core.shell:Creating package script '/home/eating/work/install/realsense2_camera_msgs/share/realsense2_camera_msgs/package.ps1'
[14.641s] INFO:colcon.colcon_core.shell:Creating package descriptor '/home/eating/work/install/realsense2_camera_msgs/share/realsense2_camera_msgs/package.dsv'
[14.642s] INFO:colcon.colcon_core.shell:Creating package script '/home/eating/work/install/realsense2_camera_msgs/share/realsense2_camera_msgs/package.sh'
[14.643s] INFO:colcon.colcon_core.shell:Creating package script '/home/eating/work/install/realsense2_camera_msgs/share/realsense2_camera_msgs/package.bash'
[14.643s] INFO:colcon.colcon_core.shell:Creating package script '/home/eating/work/install/realsense2_camera_msgs/share/realsense2_camera_msgs/package.zsh'
[14.644s] Level 1:colcon.colcon_core.environment:create_file_with_runtime_dependencies(/home/eating/work/install/realsense2_camera_msgs/share/colcon-core/packages/realsense2_camera_msgs)
[14.651s] DEBUG:colcon.colcon_core.event_handler.log_command:Invoked command in '/home/eating/work/build/suction_description' returned '0': CMAKE_PREFIX_PATH=${CMAKE_PREFIX_PATH}:/home/eating/work/install/pallet_main:/home/eating/work/install/main_control:/home/eating/work/install/gui:/home/eating/work/install/docking_pkg:/opt/ros/humble /usr/bin/cmake --build /home/eating/work/build/suction_description -- -j8 -l8
[14.652s] DEBUG:colcon.colcon_core.event_handler.log_command:Invoking command in '/home/eating/work/build/suction_description': CMAKE_PREFIX_PATH=${CMAKE_PREFIX_PATH}:/home/eating/work/install/pallet_main:/home/eating/work/install/main_control:/home/eating/work/install/gui:/home/eating/work/install/docking_pkg:/opt/ros/humble /usr/bin/cmake --install /home/eating/work/build/suction_description
[14.692s] INFO:colcon.colcon_ros.task.ament_cmake.build:Building ROS package in '/home/eating/work/src/timda_sim/timda_description' with build type 'ament_cmake'
[14.693s] INFO:colcon.colcon_cmake.task.cmake.build:Building CMake package in '/home/eating/work/src/timda_sim/timda_description'
[14.693s] INFO:colcon.colcon_core.shell:Skip shell extension 'powershell' for command environment: Not usable outside of PowerShell
[14.693s] DEBUG:colcon.colcon_core.shell:Skip shell extension 'dsv' for command environment
[14.721s] DEBUG:colcon.colcon_core.event_handler.log_command:Invoked command in '/home/eating/work/build/timda_body_description' returned '0': CMAKE_PREFIX_PATH=${CMAKE_PREFIX_PATH}:/home/eating/work/install/pallet_main:/home/eating/work/install/main_control:/home/eating/work/install/gui:/home/eating/work/install/docking_pkg:/opt/ros/humble /usr/bin/cmake --build /home/eating/work/build/timda_body_description -- -j8 -l8
[14.722s] DEBUG:colcon.colcon_core.event_handler.log_command:Invoking command in '/home/eating/work/build/timda_body_description': CMAKE_PREFIX_PATH=${CMAKE_PREFIX_PATH}:/home/eating/work/install/pallet_main:/home/eating/work/install/main_control:/home/eating/work/install/gui:/home/eating/work/install/docking_pkg:/opt/ros/humble /usr/bin/cmake --install /home/eating/work/build/timda_body_description
[14.744s] DEBUG:colcon.colcon_core.event_handler.log_command:Invoking command in '/home/eating/work/build/timda_description': CMAKE_PREFIX_PATH=${CMAKE_PREFIX_PATH}:/home/eating/work/install/pallet_main:/home/eating/work/install/main_control:/home/eating/work/install/gui:/home/eating/work/install/docking_pkg:/opt/ros/humble /usr/bin/cmake /home/eating/work/src/timda_sim/timda_description -DCMAKE_INSTALL_PREFIX=/home/eating/work/install/timda_description
[14.756s] Level 1:colcon.colcon_core.environment:create_environment_scripts_only(suction_description)
[14.757s] Level 1:colcon.colcon_core.environment:checking '/home/eating/work/install/suction_description' for CMake module files
[14.758s] Level 1:colcon.colcon_core.environment:checking '/home/eating/work/install/suction_description' for CMake config files
[14.758s] Level 1:colcon.colcon_core.shell:create_environment_hook('suction_description', 'cmake_prefix_path')
[14.759s] INFO:colcon.colcon_core.shell:Creating environment hook '/home/eating/work/install/suction_description/share/suction_description/hook/cmake_prefix_path.ps1'
[14.759s] INFO:colcon.colcon_core.shell:Creating environment descriptor '/home/eating/work/install/suction_description/share/suction_description/hook/cmake_prefix_path.dsv'
[14.760s] DEBUG:colcon.colcon_core.event_handler.log_command:Invoked command in '/home/eating/work/build/suction_description' returned '0': CMAKE_PREFIX_PATH=${CMAKE_PREFIX_PATH}:/home/eating/work/install/pallet_main:/home/eating/work/install/main_control:/home/eating/work/install/gui:/home/eating/work/install/docking_pkg:/opt/ros/humble /usr/bin/cmake --install /home/eating/work/build/suction_description
[14.760s] INFO:colcon.colcon_core.shell:Creating environment hook '/home/eating/work/install/suction_description/share/suction_description/hook/cmake_prefix_path.sh'
[14.761s] Level 1:colcon.colcon_core.environment:checking '/home/eating/work/install/suction_description/bin'
[14.761s] Level 1:colcon.colcon_core.environment:checking '/home/eating/work/install/suction_description/lib/pkgconfig/suction_description.pc'
[14.762s] Level 1:colcon.colcon_core.environment:checking '/home/eating/work/install/suction_description/lib/python3.10/site-packages'
[14.762s] Level 1:colcon.colcon_core.environment:checking '/home/eating/work/install/suction_description/bin'
[14.762s] INFO:colcon.colcon_core.shell:Creating package script '/home/eating/work/install/suction_description/share/suction_description/package.ps1'
[14.763s] INFO:colcon.colcon_core.shell:Creating package descriptor '/home/eating/work/install/suction_description/share/suction_description/package.dsv'
[14.764s] INFO:colcon.colcon_core.shell:Creating package script '/home/eating/work/install/suction_description/share/suction_description/package.sh'
[14.764s] INFO:colcon.colcon_core.shell:Creating package script '/home/eating/work/install/suction_description/share/suction_description/package.bash'
[14.765s] INFO:colcon.colcon_core.shell:Creating package script '/home/eating/work/install/suction_description/share/suction_description/package.zsh'
[14.765s] Level 1:colcon.colcon_core.environment:create_file_with_runtime_dependencies(/home/eating/work/install/suction_description/share/colcon-core/packages/suction_description)
[14.766s] Level 1:colcon.colcon_core.environment:create_environment_scripts_only(suction_description)
[14.767s] Level 1:colcon.colcon_core.environment:checking '/home/eating/work/install/suction_description' for CMake module files
[14.768s] Level 1:colcon.colcon_core.environment:checking '/home/eating/work/install/suction_description' for CMake config files
[14.768s] Level 1:colcon.colcon_core.shell:create_environment_hook('suction_description', 'cmake_prefix_path')
[14.768s] INFO:colcon.colcon_core.shell:Creating environment hook '/home/eating/work/install/suction_description/share/suction_description/hook/cmake_prefix_path.ps1'
[14.769s] INFO:colcon.colcon_core.shell:Creating environment descriptor '/home/eating/work/install/suction_description/share/suction_description/hook/cmake_prefix_path.dsv'
[14.770s] INFO:colcon.colcon_core.shell:Creating environment hook '/home/eating/work/install/suction_description/share/suction_description/hook/cmake_prefix_path.sh'
[14.770s] Level 1:colcon.colcon_core.environment:checking '/home/eating/work/install/suction_description/bin'
[14.770s] Level 1:colcon.colcon_core.environment:checking '/home/eating/work/install/suction_description/lib/pkgconfig/suction_description.pc'
[14.771s] Level 1:colcon.colcon_core.environment:checking '/home/eating/work/install/suction_description/lib/python3.10/site-packages'
[14.771s] Level 1:colcon.colcon_core.environment:checking '/home/eating/work/install/suction_description/bin'
[14.776s] INFO:colcon.colcon_core.shell:Creating package script '/home/eating/work/install/suction_description/share/suction_description/package.ps1'
[14.777s] INFO:colcon.colcon_core.shell:Creating package descriptor '/home/eating/work/install/suction_description/share/suction_description/package.dsv'
[14.778s] INFO:colcon.colcon_core.shell:Creating package script '/home/eating/work/install/suction_description/share/suction_description/package.sh'
[14.778s] INFO:colcon.colcon_core.shell:Creating package script '/home/eating/work/install/suction_description/share/suction_description/package.bash'
[14.779s] INFO:colcon.colcon_core.shell:Creating package script '/home/eating/work/install/suction_description/share/suction_description/package.zsh'
[14.784s] Level 1:colcon.colcon_core.environment:create_file_with_runtime_dependencies(/home/eating/work/install/suction_description/share/colcon-core/packages/suction_description)
[14.793s] INFO:colcon.colcon_ros.task.ament_cmake.build:Building ROS package in '/home/eating/work/src/timda_sim/timda_gazebo' with build type 'ament_cmake'
[14.794s] INFO:colcon.colcon_cmake.task.cmake.build:Building CMake package in '/home/eating/work/src/timda_sim/timda_gazebo'
[14.794s] INFO:colcon.colcon_core.shell:Skip shell extension 'powershell' for command environment: Not usable outside of PowerShell
[14.794s] DEBUG:colcon.colcon_core.shell:Skip shell extension 'dsv' for command environment
[14.812s] Level 1:colcon.colcon_core.environment:create_environment_scripts_only(timda_body_description)
[14.813s] Level 1:colcon.colcon_core.environment:checking '/home/eating/work/install/timda_body_description' for CMake module files
[14.812s] DEBUG:colcon.colcon_core.event_handler.log_command:Invoked command in '/home/eating/work/build/timda_body_description' returned '0': CMAKE_PREFIX_PATH=${CMAKE_PREFIX_PATH}:/home/eating/work/install/pallet_main:/home/eating/work/install/main_control:/home/eating/work/install/gui:/home/eating/work/install/docking_pkg:/opt/ros/humble /usr/bin/cmake --install /home/eating/work/build/timda_body_description
[14.820s] Level 1:colcon.colcon_core.environment:checking '/home/eating/work/install/timda_body_description' for CMake config files
[14.821s] Level 1:colcon.colcon_core.shell:create_environment_hook('timda_body_description', 'cmake_prefix_path')
[14.821s] INFO:colcon.colcon_core.shell:Creating environment hook '/home/eating/work/install/timda_body_description/share/timda_body_description/hook/cmake_prefix_path.ps1'
[14.822s] INFO:colcon.colcon_core.shell:Creating environment descriptor '/home/eating/work/install/timda_body_description/share/timda_body_description/hook/cmake_prefix_path.dsv'
[14.822s] INFO:colcon.colcon_core.shell:Creating environment hook '/home/eating/work/install/timda_body_description/share/timda_body_description/hook/cmake_prefix_path.sh'
[14.823s] Level 1:colcon.colcon_core.environment:checking '/home/eating/work/install/timda_body_description/bin'
[14.823s] Level 1:colcon.colcon_core.environment:checking '/home/eating/work/install/timda_body_description/lib/pkgconfig/timda_body_description.pc'
[14.823s] Level 1:colcon.colcon_core.environment:checking '/home/eating/work/install/timda_body_description/lib/python3.10/site-packages'
[14.824s] Level 1:colcon.colcon_core.environment:checking '/home/eating/work/install/timda_body_description/bin'
[14.824s] INFO:colcon.colcon_core.shell:Creating package script '/home/eating/work/install/timda_body_description/share/timda_body_description/package.ps1'
[14.825s] INFO:colcon.colcon_core.shell:Creating package descriptor '/home/eating/work/install/timda_body_description/share/timda_body_description/package.dsv'
[14.826s] INFO:colcon.colcon_core.shell:Creating package script '/home/eating/work/install/timda_body_description/share/timda_body_description/package.sh'
[14.826s] INFO:colcon.colcon_core.shell:Creating package script '/home/eating/work/install/timda_body_description/share/timda_body_description/package.bash'
[14.827s] INFO:colcon.colcon_core.shell:Creating package script '/home/eating/work/install/timda_body_description/share/timda_body_description/package.zsh'
[14.827s] Level 1:colcon.colcon_core.environment:create_file_with_runtime_dependencies(/home/eating/work/install/timda_body_description/share/colcon-core/packages/timda_body_description)
[14.832s] Level 1:colcon.colcon_core.environment:create_environment_scripts_only(timda_body_description)
[14.833s] Level 1:colcon.colcon_core.environment:checking '/home/eating/work/install/timda_body_description' for CMake module files
[14.833s] Level 1:colcon.colcon_core.environment:checking '/home/eating/work/install/timda_body_description' for CMake config files
[14.834s] Level 1:colcon.colcon_core.shell:create_environment_hook('timda_body_description', 'cmake_prefix_path')
[14.837s] INFO:colcon.colcon_core.shell:Creating environment hook '/home/eating/work/install/timda_body_description/share/timda_body_description/hook/cmake_prefix_path.ps1'
[14.839s] INFO:colcon.colcon_core.shell:Creating environment descriptor '/home/eating/work/install/timda_body_description/share/timda_body_description/hook/cmake_prefix_path.dsv'
[14.840s] INFO:colcon.colcon_core.shell:Creating environment hook '/home/eating/work/install/timda_body_description/share/timda_body_description/hook/cmake_prefix_path.sh'
[14.841s] Level 1:colcon.colcon_core.environment:checking '/home/eating/work/install/timda_body_description/bin'
[14.841s] Level 1:colcon.colcon_core.environment:checking '/home/eating/work/install/timda_body_description/lib/pkgconfig/timda_body_description.pc'
[14.841s] Level 1:colcon.colcon_core.environment:checking '/home/eating/work/install/timda_body_description/lib/python3.10/site-packages'
[14.842s] Level 1:colcon.colcon_core.environment:checking '/home/eating/work/install/timda_body_description/bin'
[14.842s] INFO:colcon.colcon_core.shell:Creating package script '/home/eating/work/install/timda_body_description/share/timda_body_description/package.ps1'
[14.843s] INFO:colcon.colcon_core.shell:Creating package descriptor '/home/eating/work/install/timda_body_description/share/timda_body_description/package.dsv'
[14.844s] INFO:colcon.colcon_core.shell:Creating package script '/home/eating/work/install/timda_body_description/share/timda_body_description/package.sh'
[14.845s] INFO:colcon.colcon_core.shell:Creating package script '/home/eating/work/install/timda_body_description/share/timda_body_description/package.bash'
[14.845s] INFO:colcon.colcon_core.shell:Creating package script '/home/eating/work/install/timda_body_description/share/timda_body_description/package.zsh'
[14.846s] Level 1:colcon.colcon_core.environment:create_file_with_runtime_dependencies(/home/eating/work/install/timda_body_description/share/colcon-core/packages/timda_body_description)
[14.847s] INFO:colcon.colcon_ros.task.ament_python.build:Building ROS package in '/home/eating/work/src/gui/gui' with build type 'ament_python'
[14.847s] Level 1:colcon.colcon_core.shell:create_environment_hook('gui', 'ament_prefix_path')
[14.849s] INFO:colcon.colcon_core.shell:Creating environment hook '/home/eating/work/install/gui/share/gui/hook/ament_prefix_path.ps1'
[14.849s] INFO:colcon.colcon_core.shell:Creating environment descriptor '/home/eating/work/install/gui/share/gui/hook/ament_prefix_path.dsv'
[14.851s] INFO:colcon.colcon_core.shell:Creating environment hook '/home/eating/work/install/gui/share/gui/hook/ament_prefix_path.sh'
[14.852s] INFO:colcon.colcon_core.shell:Skip shell extension 'powershell' for command environment: Not usable outside of PowerShell
[14.852s] DEBUG:colcon.colcon_core.shell:Skip shell extension 'dsv' for command environment
[14.905s] DEBUG:colcon.colcon_core.event_handler.log_command:Invoking command in '/home/eating/work/build/timda_gazebo': CMAKE_PREFIX_PATH=${CMAKE_PREFIX_PATH}:/home/eating/work/install/pallet_main:/home/eating/work/install/main_control:/home/eating/work/install/gui:/home/eating/work/install/docking_pkg:/opt/ros/humble /usr/bin/cmake /home/eating/work/src/timda_sim/timda_gazebo -DCMAKE_INSTALL_PREFIX=/home/eating/work/install/timda_gazebo
[15.645s] INFO:colcon.colcon_core.task.python.build:Building Python package in '/home/eating/work/src/gui/gui'
[15.645s] INFO:colcon.colcon_core.shell:Skip shell extension 'powershell' for command environment: Not usable outside of PowerShell
[15.645s] DEBUG:colcon.colcon_core.shell:Skip shell extension 'dsv' for command environment
[16.677s] DEBUG:colcon.colcon_core.event_handler.log_command:Invoking command in '/home/eating/work/src/gui/gui': CMAKE_PREFIX_PATH=/home/eating/work/install/gui_interface:/home/eating/work/install/timda_gazebo:/home/eating/work/install/timda_description:/home/eating/work/install/timda_bringup:/home/eating/work/install/timda_body_description:/home/eating/work/install/suction_description:/home/eating/work/install/robot_arm_description:/home/eating/work/install/realsense2_description:/home/eating/work/install/realsense2_camera:/home/eating/work/install/realsense2_camera_msgs:/home/eating/work/install/pallet_interfaces:/home/eating/work/install/mobile_description:/home/eating/work/install/mecanum:/home/eating/work/install/linear_move:/home/eating/work/install/keyboard_control:/home/eating/work/install/ira_laser_tools:/home/eating/work/install/interface LD_LIBRARY_PATH=/home/eating/work/install/gui_interface/lib:/home/eating/work/install/realsense2_camera/lib:/home/eating/work/install/realsense2_camera_msgs/lib:/home/eating/work/install/pallet_interfaces/lib:/home/eating/work/install/interface/lib:/opt/ros/humble/opt/rviz_ogre_vendor/lib:/opt/ros/humble/lib/x86_64-linux-gnu:/opt/ros/humble/lib PYTHONPATH=/home/eating/work/build/gui/prefix_override:/usr/lib/python3/dist-packages/colcon_core/task/python/colcon_distutils_commands:/home/eating/work/install/gui/lib/python3.10/site-packages:${PYTHONPATH} /usr/bin/python3 -W ignore:setup.py install is deprecated -W ignore:easy_install command is deprecated setup.py egg_info --egg-base ../../../build/gui build --build-base /home/eating/work/build/gui/build install --record /home/eating/work/build/gui/install.log --single-version-externally-managed install_data
[16.708s] DEBUG:colcon.colcon_core.event_handler.log_command:Invoked command in '/home/eating/work/build/timda_bringup' returned '0': CMAKE_PREFIX_PATH=${CMAKE_PREFIX_PATH}:/home/eating/work/install/pallet_main:/home/eating/work/install/main_control:/home/eating/work/install/gui:/home/eating/work/install/docking_pkg:/opt/ros/humble /usr/bin/cmake /home/eating/work/src/timda_bringup -DCMAKE_INSTALL_PREFIX=/home/eating/work/install/timda_bringup
[16.709s] DEBUG:colcon.colcon_core.event_handler.log_command:Invoking command in '/home/eating/work/build/timda_bringup': CMAKE_PREFIX_PATH=${CMAKE_PREFIX_PATH}:/home/eating/work/install/pallet_main:/home/eating/work/install/main_control:/home/eating/work/install/gui:/home/eating/work/install/docking_pkg:/opt/ros/humble /usr/bin/cmake --build /home/eating/work/build/timda_bringup -- -j8 -l8
[17.281s] DEBUG:colcon.colcon_core.event_handler.log_command:Invoked command in '/home/eating/work/build/timda_description' returned '0': CMAKE_PREFIX_PATH=${CMAKE_PREFIX_PATH}:/home/eating/work/install/pallet_main:/home/eating/work/install/main_control:/home/eating/work/install/gui:/home/eating/work/install/docking_pkg:/opt/ros/humble /usr/bin/cmake /home/eating/work/src/timda_sim/timda_description -DCMAKE_INSTALL_PREFIX=/home/eating/work/install/timda_description
[17.281s] DEBUG:colcon.colcon_core.event_handler.log_command:Invoking command in '/home/eating/work/build/timda_description': CMAKE_PREFIX_PATH=${CMAKE_PREFIX_PATH}:/home/eating/work/install/pallet_main:/home/eating/work/install/main_control:/home/eating/work/install/gui:/home/eating/work/install/docking_pkg:/opt/ros/humble /usr/bin/cmake --build /home/eating/work/build/timda_description -- -j8 -l8
[17.402s] DEBUG:colcon.colcon_core.event_handler.log_command:Invoked command in '/home/eating/work/build/timda_gazebo' returned '0': CMAKE_PREFIX_PATH=${CMAKE_PREFIX_PATH}:/home/eating/work/install/pallet_main:/home/eating/work/install/main_control:/home/eating/work/install/gui:/home/eating/work/install/docking_pkg:/opt/ros/humble /usr/bin/cmake /home/eating/work/src/timda_sim/timda_gazebo -DCMAKE_INSTALL_PREFIX=/home/eating/work/install/timda_gazebo
[17.402s] DEBUG:colcon.colcon_core.event_handler.log_command:Invoking command in '/home/eating/work/build/timda_gazebo': CMAKE_PREFIX_PATH=${CMAKE_PREFIX_PATH}:/home/eating/work/install/pallet_main:/home/eating/work/install/main_control:/home/eating/work/install/gui:/home/eating/work/install/docking_pkg:/opt/ros/humble /usr/bin/cmake --build /home/eating/work/build/timda_gazebo -- -j8 -l8
[17.424s] DEBUG:colcon.colcon_core.event_handler.log_command:Invoked command in '/home/eating/work/build/timda_bringup' returned '0': CMAKE_PREFIX_PATH=${CMAKE_PREFIX_PATH}:/home/eating/work/install/pallet_main:/home/eating/work/install/main_control:/home/eating/work/install/gui:/home/eating/work/install/docking_pkg:/opt/ros/humble /usr/bin/cmake --build /home/eating/work/build/timda_bringup -- -j8 -l8
[17.425s] DEBUG:colcon.colcon_core.event_handler.log_command:Invoking command in '/home/eating/work/build/timda_bringup': CMAKE_PREFIX_PATH=${CMAKE_PREFIX_PATH}:/home/eating/work/install/pallet_main:/home/eating/work/install/main_control:/home/eating/work/install/gui:/home/eating/work/install/docking_pkg:/opt/ros/humble /usr/bin/cmake --install /home/eating/work/build/timda_bringup
[17.437s] DEBUG:colcon.colcon_core.event_handler.log_command:Invoked command in '/home/eating/work/build/timda_description' returned '0': CMAKE_PREFIX_PATH=${CMAKE_PREFIX_PATH}:/home/eating/work/install/pallet_main:/home/eating/work/install/main_control:/home/eating/work/install/gui:/home/eating/work/install/docking_pkg:/opt/ros/humble /usr/bin/cmake --build /home/eating/work/build/timda_description -- -j8 -l8
[17.448s] DEBUG:colcon.colcon_core.event_handler.log_command:Invoking command in '/home/eating/work/build/timda_description': CMAKE_PREFIX_PATH=${CMAKE_PREFIX_PATH}:/home/eating/work/install/pallet_main:/home/eating/work/install/main_control:/home/eating/work/install/gui:/home/eating/work/install/docking_pkg:/opt/ros/humble /usr/bin/cmake --install /home/eating/work/build/timda_description
[17.472s] DEBUG:colcon.colcon_core.event_handler.log_command:Invoked command in '/home/eating/work/build/timda_gazebo' returned '0': CMAKE_PREFIX_PATH=${CMAKE_PREFIX_PATH}:/home/eating/work/install/pallet_main:/home/eating/work/install/main_control:/home/eating/work/install/gui:/home/eating/work/install/docking_pkg:/opt/ros/humble /usr/bin/cmake --build /home/eating/work/build/timda_gazebo -- -j8 -l8
[17.472s] DEBUG:colcon.colcon_core.event_handler.log_command:Invoking command in '/home/eating/work/build/timda_gazebo': CMAKE_PREFIX_PATH=${CMAKE_PREFIX_PATH}:/home/eating/work/install/pallet_main:/home/eating/work/install/main_control:/home/eating/work/install/gui:/home/eating/work/install/docking_pkg:/opt/ros/humble /usr/bin/cmake --install /home/eating/work/build/timda_gazebo
[17.484s] Level 1:colcon.colcon_core.environment:create_environment_scripts_only(timda_bringup)
[17.484s] Level 1:colcon.colcon_core.environment:checking '/home/eating/work/install/timda_bringup' for CMake module files
[17.485s] Level 1:colcon.colcon_core.environment:checking '/home/eating/work/install/timda_bringup' for CMake config files
[17.485s] Level 1:colcon.colcon_core.shell:create_environment_hook('timda_bringup', 'cmake_prefix_path')
[17.486s] INFO:colcon.colcon_core.shell:Creating environment hook '/home/eating/work/install/timda_bringup/share/timda_bringup/hook/cmake_prefix_path.ps1'
[17.486s] INFO:colcon.colcon_core.shell:Creating environment descriptor '/home/eating/work/install/timda_bringup/share/timda_bringup/hook/cmake_prefix_path.dsv'
[17.487s] INFO:colcon.colcon_core.shell:Creating environment hook '/home/eating/work/install/timda_bringup/share/timda_bringup/hook/cmake_prefix_path.sh'
[17.487s] Level 1:colcon.colcon_core.environment:checking '/home/eating/work/install/timda_bringup/bin'
[17.488s] Level 1:colcon.colcon_core.environment:checking '/home/eating/work/install/timda_bringup/lib/pkgconfig/timda_bringup.pc'
[17.489s] Level 1:colcon.colcon_core.environment:checking '/home/eating/work/install/timda_bringup/lib/python3.10/site-packages'
[17.489s] Level 1:colcon.colcon_core.environment:checking '/home/eating/work/install/timda_bringup/bin'
[17.489s] INFO:colcon.colcon_core.shell:Creating package script '/home/eating/work/install/timda_bringup/share/timda_bringup/package.ps1'
[17.490s] INFO:colcon.colcon_core.shell:Creating package descriptor '/home/eating/work/install/timda_bringup/share/timda_bringup/package.dsv'
[17.491s] INFO:colcon.colcon_core.shell:Creating package script '/home/eating/work/install/timda_bringup/share/timda_bringup/package.sh'
[17.492s] INFO:colcon.colcon_core.shell:Creating package script '/home/eating/work/install/timda_bringup/share/timda_bringup/package.bash'
[17.492s] INFO:colcon.colcon_core.shell:Creating package script '/home/eating/work/install/timda_bringup/share/timda_bringup/package.zsh'
[17.493s] Level 1:colcon.colcon_core.environment:create_file_with_runtime_dependencies(/home/eating/work/install/timda_bringup/share/colcon-core/packages/timda_bringup)
[17.494s] Level 1:colcon.colcon_core.environment:create_environment_scripts_only(timda_bringup)
[17.494s] Level 1:colcon.colcon_core.environment:checking '/home/eating/work/install/timda_bringup' for CMake module files
[17.495s] Level 1:colcon.colcon_core.environment:checking '/home/eating/work/install/timda_bringup' for CMake config files
[17.495s] Level 1:colcon.colcon_core.shell:create_environment_hook('timda_bringup', 'cmake_prefix_path')
[17.495s] INFO:colcon.colcon_core.shell:Creating environment hook '/home/eating/work/install/timda_bringup/share/timda_bringup/hook/cmake_prefix_path.ps1'
[17.488s] DEBUG:colcon.colcon_core.event_handler.log_command:Invoked command in '/home/eating/work/build/timda_bringup' returned '0': CMAKE_PREFIX_PATH=${CMAKE_PREFIX_PATH}:/home/eating/work/install/pallet_main:/home/eating/work/install/main_control:/home/eating/work/install/gui:/home/eating/work/install/docking_pkg:/opt/ros/humble /usr/bin/cmake --install /home/eating/work/build/timda_bringup
[17.496s] INFO:colcon.colcon_core.shell:Creating environment descriptor '/home/eating/work/install/timda_bringup/share/timda_bringup/hook/cmake_prefix_path.dsv'
[17.497s] INFO:colcon.colcon_core.shell:Creating environment hook '/home/eating/work/install/timda_bringup/share/timda_bringup/hook/cmake_prefix_path.sh'
[17.497s] Level 1:colcon.colcon_core.environment:checking '/home/eating/work/install/timda_bringup/bin'
[17.498s] Level 1:colcon.colcon_core.environment:checking '/home/eating/work/install/timda_bringup/lib/pkgconfig/timda_bringup.pc'
[17.498s] Level 1:colcon.colcon_core.environment:checking '/home/eating/work/install/timda_bringup/lib/python3.10/site-packages'
[17.498s] Level 1:colcon.colcon_core.environment:checking '/home/eating/work/install/timda_bringup/bin'
[17.499s] INFO:colcon.colcon_core.shell:Creating package script '/home/eating/work/install/timda_bringup/share/timda_bringup/package.ps1'
[17.500s] INFO:colcon.colcon_core.shell:Creating package descriptor '/home/eating/work/install/timda_bringup/share/timda_bringup/package.dsv'
[17.500s] INFO:colcon.colcon_core.shell:Creating package script '/home/eating/work/install/timda_bringup/share/timda_bringup/package.sh'
[17.501s] INFO:colcon.colcon_core.shell:Creating package script '/home/eating/work/install/timda_bringup/share/timda_bringup/package.bash'
[17.502s] INFO:colcon.colcon_core.shell:Creating package script '/home/eating/work/install/timda_bringup/share/timda_bringup/package.zsh'
[17.502s] Level 1:colcon.colcon_core.environment:create_file_with_runtime_dependencies(/home/eating/work/install/timda_bringup/share/colcon-core/packages/timda_bringup)
[17.508s] INFO:colcon.colcon_ros.task.ament_python.build:Building ROS package in '/home/eating/work/src/main_control/main_control' with build type 'ament_python'
[17.508s] Level 1:colcon.colcon_core.shell:create_environment_hook('main_control', 'ament_prefix_path')
[17.508s] INFO:colcon.colcon_core.shell:Creating environment hook '/home/eating/work/install/main_control/share/main_control/hook/ament_prefix_path.ps1'
[17.509s] INFO:colcon.colcon_core.shell:Creating environment descriptor '/home/eating/work/install/main_control/share/main_control/hook/ament_prefix_path.dsv'
[17.510s] INFO:colcon.colcon_core.shell:Creating environment hook '/home/eating/work/install/main_control/share/main_control/hook/ament_prefix_path.sh'
[17.511s] INFO:colcon.colcon_core.shell:Skip shell extension 'powershell' for command environment: Not usable outside of PowerShell
[17.511s] DEBUG:colcon.colcon_core.shell:Skip shell extension 'dsv' for command environment
[17.521s] Level 1:colcon.colcon_core.environment:create_environment_scripts_only(timda_description)
[17.521s] Level 1:colcon.colcon_core.environment:checking '/home/eating/work/install/timda_description' for CMake module files
[17.522s] Level 1:colcon.colcon_core.environment:checking '/home/eating/work/install/timda_description' for CMake config files
[17.522s] Level 1:colcon.colcon_core.shell:create_environment_hook('timda_description', 'cmake_prefix_path')
[17.523s] INFO:colcon.colcon_core.shell:Creating environment hook '/home/eating/work/install/timda_description/share/timda_description/hook/cmake_prefix_path.ps1'
[17.524s] INFO:colcon.colcon_core.shell:Creating environment descriptor '/home/eating/work/install/timda_description/share/timda_description/hook/cmake_prefix_path.dsv'
[17.524s] INFO:colcon.colcon_core.shell:Creating environment hook '/home/eating/work/install/timda_description/share/timda_description/hook/cmake_prefix_path.sh'
[17.525s] Level 1:colcon.colcon_core.environment:checking '/home/eating/work/install/timda_description/bin'
[17.525s] Level 1:colcon.colcon_core.environment:checking '/home/eating/work/install/timda_description/lib/pkgconfig/timda_description.pc'
[17.525s] Level 1:colcon.colcon_core.environment:checking '/home/eating/work/install/timda_description/lib/python3.10/site-packages'
[17.526s] Level 1:colcon.colcon_core.environment:checking '/home/eating/work/install/timda_description/bin'
[17.526s] INFO:colcon.colcon_core.shell:Creating package script '/home/eating/work/install/timda_description/share/timda_description/package.ps1'
[17.527s] INFO:colcon.colcon_core.shell:Creating package descriptor '/home/eating/work/install/timda_description/share/timda_description/package.dsv'
[17.528s] INFO:colcon.colcon_core.shell:Creating package script '/home/eating/work/install/timda_description/share/timda_description/package.sh'
[17.529s] DEBUG:colcon.colcon_core.event_handler.log_command:Invoked command in '/home/eating/work/build/timda_description' returned '0': CMAKE_PREFIX_PATH=${CMAKE_PREFIX_PATH}:/home/eating/work/install/pallet_main:/home/eating/work/install/main_control:/home/eating/work/install/gui:/home/eating/work/install/docking_pkg:/opt/ros/humble /usr/bin/cmake --install /home/eating/work/build/timda_description
[17.531s] INFO:colcon.colcon_core.shell:Creating package script '/home/eating/work/install/timda_description/share/timda_description/package.bash'
[17.533s] INFO:colcon.colcon_core.shell:Creating package script '/home/eating/work/install/timda_description/share/timda_description/package.zsh'
[17.533s] Level 1:colcon.colcon_core.environment:create_file_with_runtime_dependencies(/home/eating/work/install/timda_description/share/colcon-core/packages/timda_description)
[17.534s] Level 1:colcon.colcon_core.environment:create_environment_scripts_only(timda_description)
[17.535s] Level 1:colcon.colcon_core.environment:checking '/home/eating/work/install/timda_description' for CMake module files
[17.536s] Level 1:colcon.colcon_core.environment:checking '/home/eating/work/install/timda_description' for CMake config files
[17.536s] Level 1:colcon.colcon_core.shell:create_environment_hook('timda_description', 'cmake_prefix_path')
[17.536s] INFO:colcon.colcon_core.shell:Creating environment hook '/home/eating/work/install/timda_description/share/timda_description/hook/cmake_prefix_path.ps1'
[17.538s] INFO:colcon.colcon_core.shell:Creating environment descriptor '/home/eating/work/install/timda_description/share/timda_description/hook/cmake_prefix_path.dsv'
[17.538s] INFO:colcon.colcon_core.shell:Creating environment hook '/home/eating/work/install/timda_description/share/timda_description/hook/cmake_prefix_path.sh'
[17.539s] Level 1:colcon.colcon_core.environment:checking '/home/eating/work/install/timda_description/bin'
[17.539s] Level 1:colcon.colcon_core.environment:checking '/home/eating/work/install/timda_description/lib/pkgconfig/timda_description.pc'
[17.540s] Level 1:colcon.colcon_core.environment:checking '/home/eating/work/install/timda_description/lib/python3.10/site-packages'
[17.540s] Level 1:colcon.colcon_core.environment:checking '/home/eating/work/install/timda_description/bin'
[17.540s] INFO:colcon.colcon_core.shell:Creating package script '/home/eating/work/install/timda_description/share/timda_description/package.ps1'
[17.541s] INFO:colcon.colcon_core.shell:Creating package descriptor '/home/eating/work/install/timda_description/share/timda_description/package.dsv'
[17.542s] INFO:colcon.colcon_core.shell:Creating package script '/home/eating/work/install/timda_description/share/timda_description/package.sh'
[17.543s] INFO:colcon.colcon_core.shell:Creating package script '/home/eating/work/install/timda_description/share/timda_description/package.bash'
[17.543s] INFO:colcon.colcon_core.shell:Creating package script '/home/eating/work/install/timda_description/share/timda_description/package.zsh'
[17.546s] Level 1:colcon.colcon_core.environment:create_file_with_runtime_dependencies(/home/eating/work/install/timda_description/share/colcon-core/packages/timda_description)
[17.548s] INFO:colcon.colcon_ros.task.ament_cmake.build:Building ROS package in '/home/eating/work/src/docking/realsense-ros/realsense2_camera' with build type 'ament_cmake'
[17.548s] INFO:colcon.colcon_cmake.task.cmake.build:Building CMake package in '/home/eating/work/src/docking/realsense-ros/realsense2_camera'
[17.548s] INFO:colcon.colcon_core.shell:Skip shell extension 'powershell' for command environment: Not usable outside of PowerShell
[17.548s] DEBUG:colcon.colcon_core.shell:Skip shell extension 'dsv' for command environment
[17.567s] Level 1:colcon.colcon_core.environment:create_environment_scripts_only(timda_gazebo)
[17.568s] Level 1:colcon.colcon_core.environment:checking '/home/eating/work/install/timda_gazebo' for CMake module files
[17.568s] DEBUG:colcon.colcon_core.event_handler.log_command:Invoked command in '/home/eating/work/build/timda_gazebo' returned '0': CMAKE_PREFIX_PATH=${CMAKE_PREFIX_PATH}:/home/eating/work/install/pallet_main:/home/eating/work/install/main_control:/home/eating/work/install/gui:/home/eating/work/install/docking_pkg:/opt/ros/humble /usr/bin/cmake --install /home/eating/work/build/timda_gazebo
[17.569s] Level 1:colcon.colcon_core.environment:checking '/home/eating/work/install/timda_gazebo' for CMake config files
[17.569s] Level 1:colcon.colcon_core.shell:create_environment_hook('timda_gazebo', 'cmake_prefix_path')
[17.570s] INFO:colcon.colcon_core.shell:Creating environment hook '/home/eating/work/install/timda_gazebo/share/timda_gazebo/hook/cmake_prefix_path.ps1'
[17.571s] INFO:colcon.colcon_core.shell:Creating environment descriptor '/home/eating/work/install/timda_gazebo/share/timda_gazebo/hook/cmake_prefix_path.dsv'
[17.571s] INFO:colcon.colcon_core.shell:Creating environment hook '/home/eating/work/install/timda_gazebo/share/timda_gazebo/hook/cmake_prefix_path.sh'
[17.572s] Level 1:colcon.colcon_core.environment:checking '/home/eating/work/install/timda_gazebo/bin'
[17.572s] Level 1:colcon.colcon_core.environment:checking '/home/eating/work/install/timda_gazebo/lib/pkgconfig/timda_gazebo.pc'
[17.572s] Level 1:colcon.colcon_core.environment:checking '/home/eating/work/install/timda_gazebo/lib/python3.10/site-packages'
[17.573s] Level 1:colcon.colcon_core.environment:checking '/home/eating/work/install/timda_gazebo/bin'
[17.574s] INFO:colcon.colcon_core.shell:Creating package script '/home/eating/work/install/timda_gazebo/share/timda_gazebo/package.ps1'
[17.576s] INFO:colcon.colcon_core.shell:Creating package descriptor '/home/eating/work/install/timda_gazebo/share/timda_gazebo/package.dsv'
[17.577s] INFO:colcon.colcon_core.shell:Creating package script '/home/eating/work/install/timda_gazebo/share/timda_gazebo/package.sh'
[17.578s] INFO:colcon.colcon_core.shell:Creating package script '/home/eating/work/install/timda_gazebo/share/timda_gazebo/package.bash'
[17.579s] INFO:colcon.colcon_core.shell:Creating package script '/home/eating/work/install/timda_gazebo/share/timda_gazebo/package.zsh'
[17.579s] Level 1:colcon.colcon_core.environment:create_file_with_runtime_dependencies(/home/eating/work/install/timda_gazebo/share/colcon-core/packages/timda_gazebo)
[17.580s] Level 1:colcon.colcon_core.environment:create_environment_scripts_only(timda_gazebo)
[17.581s] Level 1:colcon.colcon_core.environment:checking '/home/eating/work/install/timda_gazebo' for CMake module files
[17.581s] Level 1:colcon.colcon_core.environment:checking '/home/eating/work/install/timda_gazebo' for CMake config files
[17.582s] Level 1:colcon.colcon_core.shell:create_environment_hook('timda_gazebo', 'cmake_prefix_path')
[17.582s] INFO:colcon.colcon_core.shell:Creating environment hook '/home/eating/work/install/timda_gazebo/share/timda_gazebo/hook/cmake_prefix_path.ps1'
[17.583s] INFO:colcon.colcon_core.shell:Creating environment descriptor '/home/eating/work/install/timda_gazebo/share/timda_gazebo/hook/cmake_prefix_path.dsv'
[17.584s] INFO:colcon.colcon_core.shell:Creating environment hook '/home/eating/work/install/timda_gazebo/share/timda_gazebo/hook/cmake_prefix_path.sh'
[17.585s] Level 1:colcon.colcon_core.environment:checking '/home/eating/work/install/timda_gazebo/bin'
[17.585s] Level 1:colcon.colcon_core.environment:checking '/home/eating/work/install/timda_gazebo/lib/pkgconfig/timda_gazebo.pc'
[17.585s] Level 1:colcon.colcon_core.environment:checking '/home/eating/work/install/timda_gazebo/lib/python3.10/site-packages'
[17.586s] Level 1:colcon.colcon_core.environment:checking '/home/eating/work/install/timda_gazebo/bin'
[17.586s] INFO:colcon.colcon_core.shell:Creating package script '/home/eating/work/install/timda_gazebo/share/timda_gazebo/package.ps1'
[17.587s] INFO:colcon.colcon_core.shell:Creating package descriptor '/home/eating/work/install/timda_gazebo/share/timda_gazebo/package.dsv'
[17.588s] INFO:colcon.colcon_core.shell:Creating package script '/home/eating/work/install/timda_gazebo/share/timda_gazebo/package.sh'
[17.589s] INFO:colcon.colcon_core.shell:Creating package script '/home/eating/work/install/timda_gazebo/share/timda_gazebo/package.bash'
[17.589s] INFO:colcon.colcon_core.shell:Creating package script '/home/eating/work/install/timda_gazebo/share/timda_gazebo/package.zsh'
[17.590s] Level 1:colcon.colcon_core.environment:create_file_with_runtime_dependencies(/home/eating/work/install/timda_gazebo/share/colcon-core/packages/timda_gazebo)
[17.592s] INFO:colcon.colcon_ros.task.ament_cmake.build:Building ROS package in '/home/eating/work/src/docking/realsense-ros/realsense2_description' with build type 'ament_cmake'
[17.592s] INFO:colcon.colcon_cmake.task.cmake.build:Building CMake package in '/home/eating/work/src/docking/realsense-ros/realsense2_description'
[17.593s] INFO:colcon.colcon_core.shell:Skip shell extension 'powershell' for command environment: Not usable outside of PowerShell
[17.593s] DEBUG:colcon.colcon_core.shell:Skip shell extension 'dsv' for command environment
[17.943s] INFO:colcon.colcon_core.task.python.build:Building Python package in '/home/eating/work/src/main_control/main_control'
[17.943s] INFO:colcon.colcon_core.shell:Skip shell extension 'powershell' for command environment: Not usable outside of PowerShell
[17.943s] DEBUG:colcon.colcon_core.shell:Skip shell extension 'dsv' for command environment
[17.952s] DEBUG:colcon.colcon_core.event_handler.log_command:Invoking command in '/home/eating/work/build/realsense2_camera': CMAKE_PREFIX_PATH=/home/eating/work/install/realsense2_camera_msgs:/home/eating/work/install/timda_gazebo:/home/eating/work/install/timda_description:/home/eating/work/install/timda_bringup:/home/eating/work/install/timda_body_description:/home/eating/work/install/suction_description:/home/eating/work/install/robot_arm_description:/home/eating/work/install/realsense2_description:/home/eating/work/install/realsense2_camera:/home/eating/work/install/pallet_interfaces:/home/eating/work/install/mobile_description:/home/eating/work/install/mecanum:/home/eating/work/install/linear_move:/home/eating/work/install/keyboard_control:/home/eating/work/install/ira_laser_tools:/home/eating/work/install/interface:/home/eating/work/install/gui_interface:/home/eating/work/install/pallet_main:/home/eating/work/install/main_control:/home/eating/work/install/gui:/home/eating/work/install/docking_pkg:/opt/ros/humble LD_LIBRARY_PATH=/home/eating/work/install/realsense2_camera_msgs/lib:/home/eating/work/install/realsense2_camera/lib:/home/eating/work/install/pallet_interfaces/lib:/home/eating/work/install/interface/lib:/home/eating/work/install/gui_interface/lib:/opt/ros/humble/opt/rviz_ogre_vendor/lib:/opt/ros/humble/lib/x86_64-linux-gnu:/opt/ros/humble/lib /usr/bin/cmake /home/eating/work/src/docking/realsense-ros/realsense2_camera -DCMAKE_INSTALL_PREFIX=/home/eating/work/install/realsense2_camera
[17.956s] DEBUG:colcon.colcon_core.event_handler.log_command:Invoking command in '/home/eating/work/build/realsense2_description': CMAKE_PREFIX_PATH=/home/eating/work/install/realsense2_camera_msgs:/home/eating/work/install/timda_gazebo:/home/eating/work/install/timda_description:/home/eating/work/install/timda_bringup:/home/eating/work/install/timda_body_description:/home/eating/work/install/suction_description:/home/eating/work/install/robot_arm_description:/home/eating/work/install/realsense2_description:/home/eating/work/install/realsense2_camera:/home/eating/work/install/pallet_interfaces:/home/eating/work/install/mobile_description:/home/eating/work/install/mecanum:/home/eating/work/install/linear_move:/home/eating/work/install/keyboard_control:/home/eating/work/install/ira_laser_tools:/home/eating/work/install/interface:/home/eating/work/install/gui_interface:/home/eating/work/install/pallet_main:/home/eating/work/install/main_control:/home/eating/work/install/gui:/home/eating/work/install/docking_pkg:/opt/ros/humble LD_LIBRARY_PATH=/home/eating/work/install/realsense2_camera_msgs/lib:/home/eating/work/install/realsense2_camera/lib:/home/eating/work/install/pallet_interfaces/lib:/home/eating/work/install/interface/lib:/home/eating/work/install/gui_interface/lib:/opt/ros/humble/opt/rviz_ogre_vendor/lib:/opt/ros/humble/lib/x86_64-linux-gnu:/opt/ros/humble/lib /usr/bin/cmake /home/eating/work/src/docking/realsense-ros/realsense2_description -DCMAKE_INSTALL_PREFIX=/home/eating/work/install/realsense2_description
[17.959s] Level 1:colcon.colcon_core.environment:checking '/home/eating/work/install/gui' for CMake module files
[17.959s] DEBUG:colcon.colcon_core.event_handler.log_command:Invoked command in '/home/eating/work/src/gui/gui' returned '0': CMAKE_PREFIX_PATH=/home/eating/work/install/gui_interface:/home/eating/work/install/timda_gazebo:/home/eating/work/install/timda_description:/home/eating/work/install/timda_bringup:/home/eating/work/install/timda_body_description:/home/eating/work/install/suction_description:/home/eating/work/install/robot_arm_description:/home/eating/work/install/realsense2_description:/home/eating/work/install/realsense2_camera:/home/eating/work/install/realsense2_camera_msgs:/home/eating/work/install/pallet_interfaces:/home/eating/work/install/mobile_description:/home/eating/work/install/mecanum:/home/eating/work/install/linear_move:/home/eating/work/install/keyboard_control:/home/eating/work/install/ira_laser_tools:/home/eating/work/install/interface LD_LIBRARY_PATH=/home/eating/work/install/gui_interface/lib:/home/eating/work/install/realsense2_camera/lib:/home/eating/work/install/realsense2_camera_msgs/lib:/home/eating/work/install/pallet_interfaces/lib:/home/eating/work/install/interface/lib:/opt/ros/humble/opt/rviz_ogre_vendor/lib:/opt/ros/humble/lib/x86_64-linux-gnu:/opt/ros/humble/lib PYTHONPATH=/home/eating/work/build/gui/prefix_override:/usr/lib/python3/dist-packages/colcon_core/task/python/colcon_distutils_commands:/home/eating/work/install/gui/lib/python3.10/site-packages:${PYTHONPATH} /usr/bin/python3 -W ignore:setup.py install is deprecated -W ignore:easy_install command is deprecated setup.py egg_info --egg-base ../../../build/gui build --build-base /home/eating/work/build/gui/build install --record /home/eating/work/build/gui/install.log --single-version-externally-managed install_data
[17.960s] Level 1:colcon.colcon_core.environment:checking '/home/eating/work/install/gui' for CMake config files
[17.961s] Level 1:colcon.colcon_core.environment:checking '/home/eating/work/install/gui/lib'
[17.961s] Level 1:colcon.colcon_core.environment:checking '/home/eating/work/install/gui/bin'
[17.961s] Level 1:colcon.colcon_core.environment:checking '/home/eating/work/install/gui/lib/pkgconfig/gui.pc'
[17.961s] Level 1:colcon.colcon_core.environment:checking '/home/eating/work/install/gui/lib/python3.10/site-packages'
[17.961s] Level 1:colcon.colcon_core.shell:create_environment_hook('gui', 'pythonpath')
[17.962s] INFO:colcon.colcon_core.shell:Creating environment hook '/home/eating/work/install/gui/share/gui/hook/pythonpath.ps1'
[17.962s] INFO:colcon.colcon_core.shell:Creating environment descriptor '/home/eating/work/install/gui/share/gui/hook/pythonpath.dsv'
[17.963s] INFO:colcon.colcon_core.shell:Creating environment hook '/home/eating/work/install/gui/share/gui/hook/pythonpath.sh'
[17.964s] Level 1:colcon.colcon_core.environment:checking '/home/eating/work/install/gui/bin'
[17.964s] Level 1:colcon.colcon_core.environment:create_environment_scripts_only(gui)
[17.964s] INFO:colcon.colcon_core.shell:Creating package script '/home/eating/work/install/gui/share/gui/package.ps1'
[17.965s] INFO:colcon.colcon_core.shell:Creating package descriptor '/home/eating/work/install/gui/share/gui/package.dsv'
[17.966s] INFO:colcon.colcon_core.shell:Creating package script '/home/eating/work/install/gui/share/gui/package.sh'
[17.966s] INFO:colcon.colcon_core.shell:Creating package script '/home/eating/work/install/gui/share/gui/package.bash'
[17.967s] INFO:colcon.colcon_core.shell:Creating package script '/home/eating/work/install/gui/share/gui/package.zsh'
[17.968s] Level 1:colcon.colcon_core.environment:create_file_with_runtime_dependencies(/home/eating/work/install/gui/share/colcon-core/packages/gui)
[18.652s] DEBUG:colcon.colcon_core.event_handler.log_command:Invoking command in '/home/eating/work/src/main_control/main_control': CMAKE_PREFIX_PATH=/home/eating/work/install/interface:/home/eating/work/install/gui_interface:/home/eating/work/install/timda_gazebo:/home/eating/work/install/timda_description:/home/eating/work/install/timda_bringup:/home/eating/work/install/timda_body_description:/home/eating/work/install/suction_description:/home/eating/work/install/robot_arm_description:/home/eating/work/install/realsense2_description:/home/eating/work/install/realsense2_camera:/home/eating/work/install/realsense2_camera_msgs:/home/eating/work/install/pallet_interfaces:/home/eating/work/install/mobile_description:/home/eating/work/install/mecanum:/home/eating/work/install/linear_move:/home/eating/work/install/keyboard_control:/home/eating/work/install/ira_laser_tools LD_LIBRARY_PATH=/home/eating/work/install/interface/lib:/home/eating/work/install/gui_interface/lib:/home/eating/work/install/realsense2_camera/lib:/home/eating/work/install/realsense2_camera_msgs/lib:/home/eating/work/install/pallet_interfaces/lib:/opt/ros/humble/opt/rviz_ogre_vendor/lib:/opt/ros/humble/lib/x86_64-linux-gnu:/opt/ros/humble/lib PYTHONPATH=/home/eating/work/build/main_control/prefix_override:/usr/lib/python3/dist-packages/colcon_core/task/python/colcon_distutils_commands:/home/eating/work/install/main_control/lib/python3.10/site-packages:${PYTHONPATH} /usr/bin/python3 -W ignore:setup.py install is deprecated -W ignore:easy_install command is deprecated setup.py egg_info --egg-base ../../../build/main_control build --build-base /home/eating/work/build/main_control/build install --record /home/eating/work/build/main_control/install.log --single-version-externally-managed install_data
[19.071s] DEBUG:colcon.colcon_core.event_handler.log_command:Invoked command in '/home/eating/work/build/realsense2_description' returned '0': CMAKE_PREFIX_PATH=/home/eating/work/install/realsense2_camera_msgs:/home/eating/work/install/timda_gazebo:/home/eating/work/install/timda_description:/home/eating/work/install/timda_bringup:/home/eating/work/install/timda_body_description:/home/eating/work/install/suction_description:/home/eating/work/install/robot_arm_description:/home/eating/work/install/realsense2_description:/home/eating/work/install/realsense2_camera:/home/eating/work/install/pallet_interfaces:/home/eating/work/install/mobile_description:/home/eating/work/install/mecanum:/home/eating/work/install/linear_move:/home/eating/work/install/keyboard_control:/home/eating/work/install/ira_laser_tools:/home/eating/work/install/interface:/home/eating/work/install/gui_interface:/home/eating/work/install/pallet_main:/home/eating/work/install/main_control:/home/eating/work/install/gui:/home/eating/work/install/docking_pkg:/opt/ros/humble LD_LIBRARY_PATH=/home/eating/work/install/realsense2_camera_msgs/lib:/home/eating/work/install/realsense2_camera/lib:/home/eating/work/install/pallet_interfaces/lib:/home/eating/work/install/interface/lib:/home/eating/work/install/gui_interface/lib:/opt/ros/humble/opt/rviz_ogre_vendor/lib:/opt/ros/humble/lib/x86_64-linux-gnu:/opt/ros/humble/lib /usr/bin/cmake /home/eating/work/src/docking/realsense-ros/realsense2_description -DCMAKE_INSTALL_PREFIX=/home/eating/work/install/realsense2_description
[19.089s] DEBUG:colcon.colcon_core.event_handler.log_command:Invoking command in '/home/eating/work/build/realsense2_description': CMAKE_PREFIX_PATH=/home/eating/work/install/realsense2_camera_msgs:/home/eating/work/install/timda_gazebo:/home/eating/work/install/timda_description:/home/eating/work/install/timda_bringup:/home/eating/work/install/timda_body_description:/home/eating/work/install/suction_description:/home/eating/work/install/robot_arm_description:/home/eating/work/install/realsense2_description:/home/eating/work/install/realsense2_camera:/home/eating/work/install/pallet_interfaces:/home/eating/work/install/mobile_description:/home/eating/work/install/mecanum:/home/eating/work/install/linear_move:/home/eating/work/install/keyboard_control:/home/eating/work/install/ira_laser_tools:/home/eating/work/install/interface:/home/eating/work/install/gui_interface:/home/eating/work/install/pallet_main:/home/eating/work/install/main_control:/home/eating/work/install/gui:/home/eating/work/install/docking_pkg:/opt/ros/humble LD_LIBRARY_PATH=/home/eating/work/install/realsense2_camera_msgs/lib:/home/eating/work/install/realsense2_camera/lib:/home/eating/work/install/pallet_interfaces/lib:/home/eating/work/install/interface/lib:/home/eating/work/install/gui_interface/lib:/opt/ros/humble/opt/rviz_ogre_vendor/lib:/opt/ros/humble/lib/x86_64-linux-gnu:/opt/ros/humble/lib /usr/bin/cmake --build /home/eating/work/build/realsense2_description -- -j8 -l8
[19.278s] Level 1:colcon.colcon_core.environment:checking '/home/eating/work/install/main_control' for CMake module files
[19.278s] Level 1:colcon.colcon_core.environment:checking '/home/eating/work/install/main_control' for CMake config files
[19.279s] Level 1:colcon.colcon_core.environment:checking '/home/eating/work/install/main_control/lib'
[19.279s] Level 1:colcon.colcon_core.environment:checking '/home/eating/work/install/main_control/bin'
[19.279s] Level 1:colcon.colcon_core.environment:checking '/home/eating/work/install/main_control/lib/pkgconfig/main_control.pc'
[19.280s] Level 1:colcon.colcon_core.environment:checking '/home/eating/work/install/main_control/lib/python3.10/site-packages'
[19.280s] Level 1:colcon.colcon_core.shell:create_environment_hook('main_control', 'pythonpath')
[19.280s] INFO:colcon.colcon_core.shell:Creating environment hook '/home/eating/work/install/main_control/share/main_control/hook/pythonpath.ps1'
[19.281s] INFO:colcon.colcon_core.shell:Creating environment descriptor '/home/eating/work/install/main_control/share/main_control/hook/pythonpath.dsv'
[19.281s] INFO:colcon.colcon_core.shell:Creating environment hook '/home/eating/work/install/main_control/share/main_control/hook/pythonpath.sh'
[19.282s] Level 1:colcon.colcon_core.environment:checking '/home/eating/work/install/main_control/bin'
[19.282s] Level 1:colcon.colcon_core.environment:create_environment_scripts_only(main_control)
[19.282s] INFO:colcon.colcon_core.shell:Creating package script '/home/eating/work/install/main_control/share/main_control/package.ps1'
[19.283s] INFO:colcon.colcon_core.shell:Creating package descriptor '/home/eating/work/install/main_control/share/main_control/package.dsv'
[19.284s] DEBUG:colcon.colcon_core.event_handler.log_command:Invoked command in '/home/eating/work/src/main_control/main_control' returned '0': CMAKE_PREFIX_PATH=/home/eating/work/install/interface:/home/eating/work/install/gui_interface:/home/eating/work/install/timda_gazebo:/home/eating/work/install/timda_description:/home/eating/work/install/timda_bringup:/home/eating/work/install/timda_body_description:/home/eating/work/install/suction_description:/home/eating/work/install/robot_arm_description:/home/eating/work/install/realsense2_description:/home/eating/work/install/realsense2_camera:/home/eating/work/install/realsense2_camera_msgs:/home/eating/work/install/pallet_interfaces:/home/eating/work/install/mobile_description:/home/eating/work/install/mecanum:/home/eating/work/install/linear_move:/home/eating/work/install/keyboard_control:/home/eating/work/install/ira_laser_tools LD_LIBRARY_PATH=/home/eating/work/install/interface/lib:/home/eating/work/install/gui_interface/lib:/home/eating/work/install/realsense2_camera/lib:/home/eating/work/install/realsense2_camera_msgs/lib:/home/eating/work/install/pallet_interfaces/lib:/opt/ros/humble/opt/rviz_ogre_vendor/lib:/opt/ros/humble/lib/x86_64-linux-gnu:/opt/ros/humble/lib PYTHONPATH=/home/eating/work/build/main_control/prefix_override:/usr/lib/python3/dist-packages/colcon_core/task/python/colcon_distutils_commands:/home/eating/work/install/main_control/lib/python3.10/site-packages:${PYTHONPATH} /usr/bin/python3 -W ignore:setup.py install is deprecated -W ignore:easy_install command is deprecated setup.py egg_info --egg-base ../../../build/main_control build --build-base /home/eating/work/build/main_control/build install --record /home/eating/work/build/main_control/install.log --single-version-externally-managed install_data
[19.284s] INFO:colcon.colcon_core.shell:Creating package script '/home/eating/work/install/main_control/share/main_control/package.sh'
[19.285s] INFO:colcon.colcon_core.shell:Creating package script '/home/eating/work/install/main_control/share/main_control/package.bash'
[19.285s] INFO:colcon.colcon_core.shell:Creating package script '/home/eating/work/install/main_control/share/main_control/package.zsh'
[19.286s] Level 1:colcon.colcon_core.environment:create_file_with_runtime_dependencies(/home/eating/work/install/main_control/share/colcon-core/packages/main_control)
[19.287s] DEBUG:colcon.colcon_core.event_handler.log_command:Invoked command in '/home/eating/work/build/realsense2_description' returned '0': CMAKE_PREFIX_PATH=/home/eating/work/install/realsense2_camera_msgs:/home/eating/work/install/timda_gazebo:/home/eating/work/install/timda_description:/home/eating/work/install/timda_bringup:/home/eating/work/install/timda_body_description:/home/eating/work/install/suction_description:/home/eating/work/install/robot_arm_description:/home/eating/work/install/realsense2_description:/home/eating/work/install/realsense2_camera:/home/eating/work/install/pallet_interfaces:/home/eating/work/install/mobile_description:/home/eating/work/install/mecanum:/home/eating/work/install/linear_move:/home/eating/work/install/keyboard_control:/home/eating/work/install/ira_laser_tools:/home/eating/work/install/interface:/home/eating/work/install/gui_interface:/home/eating/work/install/pallet_main:/home/eating/work/install/main_control:/home/eating/work/install/gui:/home/eating/work/install/docking_pkg:/opt/ros/humble LD_LIBRARY_PATH=/home/eating/work/install/realsense2_camera_msgs/lib:/home/eating/work/install/realsense2_camera/lib:/home/eating/work/install/pallet_interfaces/lib:/home/eating/work/install/interface/lib:/home/eating/work/install/gui_interface/lib:/opt/ros/humble/opt/rviz_ogre_vendor/lib:/opt/ros/humble/lib/x86_64-linux-gnu:/opt/ros/humble/lib /usr/bin/cmake --build /home/eating/work/build/realsense2_description -- -j8 -l8
[19.288s] DEBUG:colcon.colcon_core.event_handler.log_command:Invoking command in '/home/eating/work/build/realsense2_description': CMAKE_PREFIX_PATH=/home/eating/work/install/realsense2_camera_msgs:/home/eating/work/install/timda_gazebo:/home/eating/work/install/timda_description:/home/eating/work/install/timda_bringup:/home/eating/work/install/timda_body_description:/home/eating/work/install/suction_description:/home/eating/work/install/robot_arm_description:/home/eating/work/install/realsense2_description:/home/eating/work/install/realsense2_camera:/home/eating/work/install/pallet_interfaces:/home/eating/work/install/mobile_description:/home/eating/work/install/mecanum:/home/eating/work/install/linear_move:/home/eating/work/install/keyboard_control:/home/eating/work/install/ira_laser_tools:/home/eating/work/install/interface:/home/eating/work/install/gui_interface:/home/eating/work/install/pallet_main:/home/eating/work/install/main_control:/home/eating/work/install/gui:/home/eating/work/install/docking_pkg:/opt/ros/humble LD_LIBRARY_PATH=/home/eating/work/install/realsense2_camera_msgs/lib:/home/eating/work/install/realsense2_camera/lib:/home/eating/work/install/pallet_interfaces/lib:/home/eating/work/install/interface/lib:/home/eating/work/install/gui_interface/lib:/opt/ros/humble/opt/rviz_ogre_vendor/lib:/opt/ros/humble/lib/x86_64-linux-gnu:/opt/ros/humble/lib /usr/bin/cmake --install /home/eating/work/build/realsense2_description
[19.417s] Level 1:colcon.colcon_core.environment:create_environment_scripts_only(realsense2_description)
[19.418s] Level 1:colcon.colcon_core.environment:checking '/home/eating/work/install/realsense2_description' for CMake module files
[19.419s] DEBUG:colcon.colcon_core.event_handler.log_command:Invoked command in '/home/eating/work/build/realsense2_description' returned '0': CMAKE_PREFIX_PATH=/home/eating/work/install/realsense2_camera_msgs:/home/eating/work/install/timda_gazebo:/home/eating/work/install/timda_description:/home/eating/work/install/timda_bringup:/home/eating/work/install/timda_body_description:/home/eating/work/install/suction_description:/home/eating/work/install/robot_arm_description:/home/eating/work/install/realsense2_description:/home/eating/work/install/realsense2_camera:/home/eating/work/install/pallet_interfaces:/home/eating/work/install/mobile_description:/home/eating/work/install/mecanum:/home/eating/work/install/linear_move:/home/eating/work/install/keyboard_control:/home/eating/work/install/ira_laser_tools:/home/eating/work/install/interface:/home/eating/work/install/gui_interface:/home/eating/work/install/pallet_main:/home/eating/work/install/main_control:/home/eating/work/install/gui:/home/eating/work/install/docking_pkg:/opt/ros/humble LD_LIBRARY_PATH=/home/eating/work/install/realsense2_camera_msgs/lib:/home/eating/work/install/realsense2_camera/lib:/home/eating/work/install/pallet_interfaces/lib:/home/eating/work/install/interface/lib:/home/eating/work/install/gui_interface/lib:/opt/ros/humble/opt/rviz_ogre_vendor/lib:/opt/ros/humble/lib/x86_64-linux-gnu:/opt/ros/humble/lib /usr/bin/cmake --install /home/eating/work/build/realsense2_description
[19.419s] Level 1:colcon.colcon_core.environment:checking '/home/eating/work/install/realsense2_description' for CMake config files
[19.420s] Level 1:colcon.colcon_core.shell:create_environment_hook('realsense2_description', 'cmake_prefix_path')
[19.420s] INFO:colcon.colcon_core.shell:Creating environment hook '/home/eating/work/install/realsense2_description/share/realsense2_description/hook/cmake_prefix_path.ps1'
[19.421s] INFO:colcon.colcon_core.shell:Creating environment descriptor '/home/eating/work/install/realsense2_description/share/realsense2_description/hook/cmake_prefix_path.dsv'
[19.421s] INFO:colcon.colcon_core.shell:Creating environment hook '/home/eating/work/install/realsense2_description/share/realsense2_description/hook/cmake_prefix_path.sh'
[19.422s] Level 1:colcon.colcon_core.environment:checking '/home/eating/work/install/realsense2_description/bin'
[19.422s] Level 1:colcon.colcon_core.environment:checking '/home/eating/work/install/realsense2_description/lib/pkgconfig/realsense2_description.pc'
[19.422s] Level 1:colcon.colcon_core.environment:checking '/home/eating/work/install/realsense2_description/lib/python3.10/site-packages'
[19.423s] Level 1:colcon.colcon_core.environment:checking '/home/eating/work/install/realsense2_description/bin'
[19.423s] INFO:colcon.colcon_core.shell:Creating package script '/home/eating/work/install/realsense2_description/share/realsense2_description/package.ps1'
[19.424s] INFO:colcon.colcon_core.shell:Creating package descriptor '/home/eating/work/install/realsense2_description/share/realsense2_description/package.dsv'
[19.425s] INFO:colcon.colcon_core.shell:Creating package script '/home/eating/work/install/realsense2_description/share/realsense2_description/package.sh'
[19.425s] INFO:colcon.colcon_core.shell:Creating package script '/home/eating/work/install/realsense2_description/share/realsense2_description/package.bash'
[19.426s] INFO:colcon.colcon_core.shell:Creating package script '/home/eating/work/install/realsense2_description/share/realsense2_description/package.zsh'
[19.426s] Level 1:colcon.colcon_core.environment:create_file_with_runtime_dependencies(/home/eating/work/install/realsense2_description/share/colcon-core/packages/realsense2_description)
[19.427s] Level 1:colcon.colcon_core.environment:create_environment_scripts_only(realsense2_description)
[19.427s] Level 1:colcon.colcon_core.environment:checking '/home/eating/work/install/realsense2_description' for CMake module files
[19.428s] Level 1:colcon.colcon_core.environment:checking '/home/eating/work/install/realsense2_description' for CMake config files
[19.428s] Level 1:colcon.colcon_core.shell:create_environment_hook('realsense2_description', 'cmake_prefix_path')
[19.429s] INFO:colcon.colcon_core.shell:Creating environment hook '/home/eating/work/install/realsense2_description/share/realsense2_description/hook/cmake_prefix_path.ps1'
[19.429s] INFO:colcon.colcon_core.shell:Creating environment descriptor '/home/eating/work/install/realsense2_description/share/realsense2_description/hook/cmake_prefix_path.dsv'
[19.430s] INFO:colcon.colcon_core.shell:Creating environment hook '/home/eating/work/install/realsense2_description/share/realsense2_description/hook/cmake_prefix_path.sh'
[19.431s] Level 1:colcon.colcon_core.environment:checking '/home/eating/work/install/realsense2_description/bin'
[19.431s] Level 1:colcon.colcon_core.environment:checking '/home/eating/work/install/realsense2_description/lib/pkgconfig/realsense2_description.pc'
[19.431s] Level 1:colcon.colcon_core.environment:checking '/home/eating/work/install/realsense2_description/lib/python3.10/site-packages'
[19.431s] Level 1:colcon.colcon_core.environment:checking '/home/eating/work/install/realsense2_description/bin'
[19.432s] INFO:colcon.colcon_core.shell:Creating package script '/home/eating/work/install/realsense2_description/share/realsense2_description/package.ps1'
[19.433s] INFO:colcon.colcon_core.shell:Creating package descriptor '/home/eating/work/install/realsense2_description/share/realsense2_description/package.dsv'
[19.433s] INFO:colcon.colcon_core.shell:Creating package script '/home/eating/work/install/realsense2_description/share/realsense2_description/package.sh'
[19.434s] INFO:colcon.colcon_core.shell:Creating package script '/home/eating/work/install/realsense2_description/share/realsense2_description/package.bash'
[19.435s] INFO:colcon.colcon_core.shell:Creating package script '/home/eating/work/install/realsense2_description/share/realsense2_description/package.zsh'
[19.435s] Level 1:colcon.colcon_core.environment:create_file_with_runtime_dependencies(/home/eating/work/install/realsense2_description/share/colcon-core/packages/realsense2_description)
[19.437s] DEBUG:colcon.colcon_core.event_handler.log_command:Invoked command in '/home/eating/work/build/pallet_interfaces' returned '0': CMAKE_PREFIX_PATH=${CMAKE_PREFIX_PATH}:/home/eating/work/install/pallet_main:/home/eating/work/install/main_control:/home/eating/work/install/gui:/home/eating/work/install/docking_pkg:/opt/ros/humble /usr/bin/cmake --build /home/eating/work/build/pallet_interfaces -- -j8 -l8
[19.438s] DEBUG:colcon.colcon_core.event_handler.log_command:Invoking command in '/home/eating/work/build/pallet_interfaces': CMAKE_PREFIX_PATH=${CMAKE_PREFIX_PATH}:/home/eating/work/install/pallet_main:/home/eating/work/install/main_control:/home/eating/work/install/gui:/home/eating/work/install/docking_pkg:/opt/ros/humble /usr/bin/cmake --install /home/eating/work/build/pallet_interfaces
[19.517s] Level 1:colcon.colcon_core.environment:create_environment_scripts_only(pallet_interfaces)
[19.518s] Level 1:colcon.colcon_core.environment:checking '/home/eating/work/install/pallet_interfaces' for CMake module files
[19.518s] DEBUG:colcon.colcon_core.event_handler.log_command:Invoked command in '/home/eating/work/build/pallet_interfaces' returned '0': CMAKE_PREFIX_PATH=${CMAKE_PREFIX_PATH}:/home/eating/work/install/pallet_main:/home/eating/work/install/main_control:/home/eating/work/install/gui:/home/eating/work/install/docking_pkg:/opt/ros/humble /usr/bin/cmake --install /home/eating/work/build/pallet_interfaces
[19.519s] Level 1:colcon.colcon_core.environment:checking '/home/eating/work/install/pallet_interfaces' for CMake config files
[19.519s] Level 1:colcon.colcon_core.shell:create_environment_hook('pallet_interfaces', 'cmake_prefix_path')
[19.519s] INFO:colcon.colcon_core.shell:Creating environment hook '/home/eating/work/install/pallet_interfaces/share/pallet_interfaces/hook/cmake_prefix_path.ps1'
[19.520s] INFO:colcon.colcon_core.shell:Creating environment descriptor '/home/eating/work/install/pallet_interfaces/share/pallet_interfaces/hook/cmake_prefix_path.dsv'
[19.520s] INFO:colcon.colcon_core.shell:Creating environment hook '/home/eating/work/install/pallet_interfaces/share/pallet_interfaces/hook/cmake_prefix_path.sh'
[19.521s] Level 1:colcon.colcon_core.environment:checking '/home/eating/work/install/pallet_interfaces/lib'
[19.521s] Level 1:colcon.colcon_core.shell:create_environment_hook('pallet_interfaces', 'ld_library_path_lib')
[19.521s] INFO:colcon.colcon_core.shell:Creating environment hook '/home/eating/work/install/pallet_interfaces/share/pallet_interfaces/hook/ld_library_path_lib.ps1'
[19.521s] INFO:colcon.colcon_core.shell:Creating environment descriptor '/home/eating/work/install/pallet_interfaces/share/pallet_interfaces/hook/ld_library_path_lib.dsv'
[19.522s] INFO:colcon.colcon_core.shell:Creating environment hook '/home/eating/work/install/pallet_interfaces/share/pallet_interfaces/hook/ld_library_path_lib.sh'
[19.522s] Level 1:colcon.colcon_core.environment:checking '/home/eating/work/install/pallet_interfaces/bin'
[19.522s] Level 1:colcon.colcon_core.environment:checking '/home/eating/work/install/pallet_interfaces/lib/pkgconfig/pallet_interfaces.pc'
[19.522s] Level 1:colcon.colcon_core.environment:checking '/home/eating/work/install/pallet_interfaces/lib/python3.10/site-packages'
[19.522s] Level 1:colcon.colcon_core.environment:checking '/home/eating/work/install/pallet_interfaces/bin'
[19.523s] INFO:colcon.colcon_core.shell:Creating package script '/home/eating/work/install/pallet_interfaces/share/pallet_interfaces/package.ps1'
[19.523s] INFO:colcon.colcon_core.shell:Creating package descriptor '/home/eating/work/install/pallet_interfaces/share/pallet_interfaces/package.dsv'
[19.524s] INFO:colcon.colcon_core.shell:Creating package script '/home/eating/work/install/pallet_interfaces/share/pallet_interfaces/package.sh'
[19.524s] INFO:colcon.colcon_core.shell:Creating package script '/home/eating/work/install/pallet_interfaces/share/pallet_interfaces/package.bash'
[19.525s] INFO:colcon.colcon_core.shell:Creating package script '/home/eating/work/install/pallet_interfaces/share/pallet_interfaces/package.zsh'
[19.525s] Level 1:colcon.colcon_core.environment:create_file_with_runtime_dependencies(/home/eating/work/install/pallet_interfaces/share/colcon-core/packages/pallet_interfaces)
[19.526s] Level 1:colcon.colcon_core.environment:create_environment_scripts_only(pallet_interfaces)
[19.526s] Level 1:colcon.colcon_core.environment:checking '/home/eating/work/install/pallet_interfaces' for CMake module files
[19.527s] Level 1:colcon.colcon_core.environment:checking '/home/eating/work/install/pallet_interfaces' for CMake config files
[19.528s] Level 1:colcon.colcon_core.shell:create_environment_hook('pallet_interfaces', 'cmake_prefix_path')
[19.528s] INFO:colcon.colcon_core.shell:Creating environment hook '/home/eating/work/install/pallet_interfaces/share/pallet_interfaces/hook/cmake_prefix_path.ps1'
[19.529s] INFO:colcon.colcon_core.shell:Creating environment descriptor '/home/eating/work/install/pallet_interfaces/share/pallet_interfaces/hook/cmake_prefix_path.dsv'
[19.529s] INFO:colcon.colcon_core.shell:Creating environment hook '/home/eating/work/install/pallet_interfaces/share/pallet_interfaces/hook/cmake_prefix_path.sh'
[19.530s] Level 1:colcon.colcon_core.environment:checking '/home/eating/work/install/pallet_interfaces/lib'
[19.530s] Level 1:colcon.colcon_core.shell:create_environment_hook('pallet_interfaces', 'ld_library_path_lib')
[19.530s] INFO:colcon.colcon_core.shell:Creating environment hook '/home/eating/work/install/pallet_interfaces/share/pallet_interfaces/hook/ld_library_path_lib.ps1'
[19.531s] INFO:colcon.colcon_core.shell:Creating environment descriptor '/home/eating/work/install/pallet_interfaces/share/pallet_interfaces/hook/ld_library_path_lib.dsv'
[19.531s] INFO:colcon.colcon_core.shell:Creating environment hook '/home/eating/work/install/pallet_interfaces/share/pallet_interfaces/hook/ld_library_path_lib.sh'
[19.531s] Level 1:colcon.colcon_core.environment:checking '/home/eating/work/install/pallet_interfaces/bin'
[19.531s] Level 1:colcon.colcon_core.environment:checking '/home/eating/work/install/pallet_interfaces/lib/pkgconfig/pallet_interfaces.pc'
[19.531s] Level 1:colcon.colcon_core.environment:checking '/home/eating/work/install/pallet_interfaces/lib/python3.10/site-packages'
[19.532s] Level 1:colcon.colcon_core.environment:checking '/home/eating/work/install/pallet_interfaces/bin'
[19.532s] INFO:colcon.colcon_core.shell:Creating package script '/home/eating/work/install/pallet_interfaces/share/pallet_interfaces/package.ps1'
[19.532s] INFO:colcon.colcon_core.shell:Creating package descriptor '/home/eating/work/install/pallet_interfaces/share/pallet_interfaces/package.dsv'
[19.533s] INFO:colcon.colcon_core.shell:Creating package script '/home/eating/work/install/pallet_interfaces/share/pallet_interfaces/package.sh'
[19.533s] INFO:colcon.colcon_core.shell:Creating package script '/home/eating/work/install/pallet_interfaces/share/pallet_interfaces/package.bash'
[19.534s] INFO:colcon.colcon_core.shell:Creating package script '/home/eating/work/install/pallet_interfaces/share/pallet_interfaces/package.zsh'
[19.534s] Level 1:colcon.colcon_core.environment:create_file_with_runtime_dependencies(/home/eating/work/install/pallet_interfaces/share/colcon-core/packages/pallet_interfaces)
[22.705s] DEBUG:colcon.colcon_core.event_handler.log_command:Invoked command in '/home/eating/work/build/linear_move' returned '0': CMAKE_PREFIX_PATH=${CMAKE_PREFIX_PATH}:/home/eating/work/install/pallet_main:/home/eating/work/install/main_control:/home/eating/work/install/gui:/home/eating/work/install/docking_pkg:/opt/ros/humble /usr/bin/cmake --build /home/eating/work/build/linear_move -- -j8 -l8
[22.706s] DEBUG:colcon.colcon_core.event_handler.log_command:Invoking command in '/home/eating/work/build/linear_move': CMAKE_PREFIX_PATH=${CMAKE_PREFIX_PATH}:/home/eating/work/install/pallet_main:/home/eating/work/install/main_control:/home/eating/work/install/gui:/home/eating/work/install/docking_pkg:/opt/ros/humble /usr/bin/cmake --install /home/eating/work/build/linear_move
[22.722s] Level 1:colcon.colcon_core.environment:create_environment_scripts_only(linear_move)
[22.722s] Level 1:colcon.colcon_core.environment:checking '/home/eating/work/install/linear_move' for CMake module files
[22.723s] DEBUG:colcon.colcon_core.event_handler.log_command:Invoked command in '/home/eating/work/build/linear_move' returned '0': CMAKE_PREFIX_PATH=${CMAKE_PREFIX_PATH}:/home/eating/work/install/pallet_main:/home/eating/work/install/main_control:/home/eating/work/install/gui:/home/eating/work/install/docking_pkg:/opt/ros/humble /usr/bin/cmake --install /home/eating/work/build/linear_move
[22.724s] Level 1:colcon.colcon_core.environment:checking '/home/eating/work/install/linear_move' for CMake config files
[22.724s] Level 1:colcon.colcon_core.shell:create_environment_hook('linear_move', 'cmake_prefix_path')
[22.724s] INFO:colcon.colcon_core.shell:Creating environment hook '/home/eating/work/install/linear_move/share/linear_move/hook/cmake_prefix_path.ps1'
[22.725s] INFO:colcon.colcon_core.shell:Creating environment descriptor '/home/eating/work/install/linear_move/share/linear_move/hook/cmake_prefix_path.dsv'
[22.725s] INFO:colcon.colcon_core.shell:Creating environment hook '/home/eating/work/install/linear_move/share/linear_move/hook/cmake_prefix_path.sh'
[22.726s] Level 1:colcon.colcon_core.environment:checking '/home/eating/work/install/linear_move/lib'
[22.726s] Level 1:colcon.colcon_core.environment:checking '/home/eating/work/install/linear_move/bin'
[22.726s] Level 1:colcon.colcon_core.environment:checking '/home/eating/work/install/linear_move/lib/pkgconfig/linear_move.pc'
[22.727s] Level 1:colcon.colcon_core.environment:checking '/home/eating/work/install/linear_move/lib/python3.10/site-packages'
[22.727s] Level 1:colcon.colcon_core.environment:checking '/home/eating/work/install/linear_move/bin'
[22.727s] INFO:colcon.colcon_core.shell:Creating package script '/home/eating/work/install/linear_move/share/linear_move/package.ps1'
[22.728s] INFO:colcon.colcon_core.shell:Creating package descriptor '/home/eating/work/install/linear_move/share/linear_move/package.dsv'
[22.729s] INFO:colcon.colcon_core.shell:Creating package script '/home/eating/work/install/linear_move/share/linear_move/package.sh'
[22.729s] INFO:colcon.colcon_core.shell:Creating package script '/home/eating/work/install/linear_move/share/linear_move/package.bash'
[22.730s] INFO:colcon.colcon_core.shell:Creating package script '/home/eating/work/install/linear_move/share/linear_move/package.zsh'
[22.730s] Level 1:colcon.colcon_core.environment:create_file_with_runtime_dependencies(/home/eating/work/install/linear_move/share/colcon-core/packages/linear_move)
[22.731s] Level 1:colcon.colcon_core.environment:create_environment_scripts_only(linear_move)
[22.732s] Level 1:colcon.colcon_core.environment:checking '/home/eating/work/install/linear_move' for CMake module files
[22.732s] Level 1:colcon.colcon_core.environment:checking '/home/eating/work/install/linear_move' for CMake config files
[22.732s] Level 1:colcon.colcon_core.shell:create_environment_hook('linear_move', 'cmake_prefix_path')
[22.733s] INFO:colcon.colcon_core.shell:Creating environment hook '/home/eating/work/install/linear_move/share/linear_move/hook/cmake_prefix_path.ps1'
[22.733s] INFO:colcon.colcon_core.shell:Creating environment descriptor '/home/eating/work/install/linear_move/share/linear_move/hook/cmake_prefix_path.dsv'
[22.734s] INFO:colcon.colcon_core.shell:Creating environment hook '/home/eating/work/install/linear_move/share/linear_move/hook/cmake_prefix_path.sh'
[22.735s] Level 1:colcon.colcon_core.environment:checking '/home/eating/work/install/linear_move/lib'
[22.735s] Level 1:colcon.colcon_core.environment:checking '/home/eating/work/install/linear_move/bin'
[22.735s] Level 1:colcon.colcon_core.environment:checking '/home/eating/work/install/linear_move/lib/pkgconfig/linear_move.pc'
[22.735s] Level 1:colcon.colcon_core.environment:checking '/home/eating/work/install/linear_move/lib/python3.10/site-packages'
[22.736s] Level 1:colcon.colcon_core.environment:checking '/home/eating/work/install/linear_move/bin'
[22.736s] INFO:colcon.colcon_core.shell:Creating package script '/home/eating/work/install/linear_move/share/linear_move/package.ps1'
[22.737s] INFO:colcon.colcon_core.shell:Creating package descriptor '/home/eating/work/install/linear_move/share/linear_move/package.dsv'
[22.738s] INFO:colcon.colcon_core.shell:Creating package script '/home/eating/work/install/linear_move/share/linear_move/package.sh'
[22.738s] INFO:colcon.colcon_core.shell:Creating package script '/home/eating/work/install/linear_move/share/linear_move/package.bash'
[22.739s] INFO:colcon.colcon_core.shell:Creating package script '/home/eating/work/install/linear_move/share/linear_move/package.zsh'
[22.740s] Level 1:colcon.colcon_core.environment:create_file_with_runtime_dependencies(/home/eating/work/install/linear_move/share/colcon-core/packages/linear_move)
[23.875s] DEBUG:colcon.colcon_core.event_handler.log_command:Invoked command in '/home/eating/work/build/mecanum' returned '0': CMAKE_PREFIX_PATH=${CMAKE_PREFIX_PATH}:/home/eating/work/install/pallet_main:/home/eating/work/install/main_control:/home/eating/work/install/gui:/home/eating/work/install/docking_pkg:/opt/ros/humble /usr/bin/cmake --build /home/eating/work/build/mecanum -- -j8 -l8
[23.876s] DEBUG:colcon.colcon_core.event_handler.log_command:Invoking command in '/home/eating/work/build/mecanum': CMAKE_PREFIX_PATH=${CMAKE_PREFIX_PATH}:/home/eating/work/install/pallet_main:/home/eating/work/install/main_control:/home/eating/work/install/gui:/home/eating/work/install/docking_pkg:/opt/ros/humble /usr/bin/cmake --install /home/eating/work/build/mecanum
[23.891s] Level 1:colcon.colcon_core.environment:create_environment_scripts_only(mecanum)
[23.891s] Level 1:colcon.colcon_core.environment:checking '/home/eating/work/install/mecanum' for CMake module files
[23.892s] DEBUG:colcon.colcon_core.event_handler.log_command:Invoked command in '/home/eating/work/build/mecanum' returned '0': CMAKE_PREFIX_PATH=${CMAKE_PREFIX_PATH}:/home/eating/work/install/pallet_main:/home/eating/work/install/main_control:/home/eating/work/install/gui:/home/eating/work/install/docking_pkg:/opt/ros/humble /usr/bin/cmake --install /home/eating/work/build/mecanum
[23.892s] Level 1:colcon.colcon_core.environment:checking '/home/eating/work/install/mecanum' for CMake config files
[23.892s] Level 1:colcon.colcon_core.shell:create_environment_hook('mecanum', 'cmake_prefix_path')
[23.892s] INFO:colcon.colcon_core.shell:Creating environment hook '/home/eating/work/install/mecanum/share/mecanum/hook/cmake_prefix_path.ps1'
[23.893s] INFO:colcon.colcon_core.shell:Creating environment descriptor '/home/eating/work/install/mecanum/share/mecanum/hook/cmake_prefix_path.dsv'
[23.893s] INFO:colcon.colcon_core.shell:Creating environment hook '/home/eating/work/install/mecanum/share/mecanum/hook/cmake_prefix_path.sh'
[23.894s] Level 1:colcon.colcon_core.environment:checking '/home/eating/work/install/mecanum/lib'
[23.894s] Level 1:colcon.colcon_core.environment:checking '/home/eating/work/install/mecanum/bin'
[23.894s] Level 1:colcon.colcon_core.environment:checking '/home/eating/work/install/mecanum/lib/pkgconfig/mecanum.pc'
[23.894s] Level 1:colcon.colcon_core.environment:checking '/home/eating/work/install/mecanum/lib/python3.10/site-packages'
[23.894s] Level 1:colcon.colcon_core.environment:checking '/home/eating/work/install/mecanum/bin'
[23.894s] INFO:colcon.colcon_core.shell:Creating package script '/home/eating/work/install/mecanum/share/mecanum/package.ps1'
[23.895s] INFO:colcon.colcon_core.shell:Creating package descriptor '/home/eating/work/install/mecanum/share/mecanum/package.dsv'
[23.895s] INFO:colcon.colcon_core.shell:Creating package script '/home/eating/work/install/mecanum/share/mecanum/package.sh'
[23.895s] INFO:colcon.colcon_core.shell:Creating package script '/home/eating/work/install/mecanum/share/mecanum/package.bash'
[23.896s] INFO:colcon.colcon_core.shell:Creating package script '/home/eating/work/install/mecanum/share/mecanum/package.zsh'
[23.896s] Level 1:colcon.colcon_core.environment:create_file_with_runtime_dependencies(/home/eating/work/install/mecanum/share/colcon-core/packages/mecanum)
[23.897s] Level 1:colcon.colcon_core.environment:create_environment_scripts_only(mecanum)
[23.897s] Level 1:colcon.colcon_core.environment:checking '/home/eating/work/install/mecanum' for CMake module files
[23.897s] Level 1:colcon.colcon_core.environment:checking '/home/eating/work/install/mecanum' for CMake config files
[23.897s] Level 1:colcon.colcon_core.shell:create_environment_hook('mecanum', 'cmake_prefix_path')
[23.898s] INFO:colcon.colcon_core.shell:Creating environment hook '/home/eating/work/install/mecanum/share/mecanum/hook/cmake_prefix_path.ps1'
[23.898s] INFO:colcon.colcon_core.shell:Creating environment descriptor '/home/eating/work/install/mecanum/share/mecanum/hook/cmake_prefix_path.dsv'
[23.898s] INFO:colcon.colcon_core.shell:Creating environment hook '/home/eating/work/install/mecanum/share/mecanum/hook/cmake_prefix_path.sh'
[23.899s] Level 1:colcon.colcon_core.environment:checking '/home/eating/work/install/mecanum/lib'
[23.899s] Level 1:colcon.colcon_core.environment:checking '/home/eating/work/install/mecanum/bin'
[23.899s] Level 1:colcon.colcon_core.environment:checking '/home/eating/work/install/mecanum/lib/pkgconfig/mecanum.pc'
[23.899s] Level 1:colcon.colcon_core.environment:checking '/home/eating/work/install/mecanum/lib/python3.10/site-packages'
[23.899s] Level 1:colcon.colcon_core.environment:checking '/home/eating/work/install/mecanum/bin'
[23.900s] INFO:colcon.colcon_core.shell:Creating package script '/home/eating/work/install/mecanum/share/mecanum/package.ps1'
[23.900s] INFO:colcon.colcon_core.shell:Creating package descriptor '/home/eating/work/install/mecanum/share/mecanum/package.dsv'
[23.901s] INFO:colcon.colcon_core.shell:Creating package script '/home/eating/work/install/mecanum/share/mecanum/package.sh'
[23.901s] INFO:colcon.colcon_core.shell:Creating package script '/home/eating/work/install/mecanum/share/mecanum/package.bash'
[23.901s] INFO:colcon.colcon_core.shell:Creating package script '/home/eating/work/install/mecanum/share/mecanum/package.zsh'
[23.902s] Level 1:colcon.colcon_core.environment:create_file_with_runtime_dependencies(/home/eating/work/install/mecanum/share/colcon-core/packages/mecanum)
[31.725s] DEBUG:colcon.colcon_core.event_handler.log_command:Invoked command in '/home/eating/work/build/ira_laser_tools' returned '0': CMAKE_PREFIX_PATH=${CMAKE_PREFIX_PATH}:/home/eating/work/install/pallet_main:/home/eating/work/install/main_control:/home/eating/work/install/gui:/home/eating/work/install/docking_pkg:/opt/ros/humble /usr/bin/cmake --build /home/eating/work/build/ira_laser_tools -- -j8 -l8
[31.727s] DEBUG:colcon.colcon_core.event_handler.log_command:Invoking command in '/home/eating/work/build/ira_laser_tools': CMAKE_PREFIX_PATH=${CMAKE_PREFIX_PATH}:/home/eating/work/install/pallet_main:/home/eating/work/install/main_control:/home/eating/work/install/gui:/home/eating/work/install/docking_pkg:/opt/ros/humble /usr/bin/cmake --install /home/eating/work/build/ira_laser_tools
[31.743s] Level 1:colcon.colcon_core.environment:create_environment_scripts_only(ira_laser_tools)
[31.744s] Level 1:colcon.colcon_core.environment:checking '/home/eating/work/install/ira_laser_tools' for CMake module files
[31.744s] DEBUG:colcon.colcon_core.event_handler.log_command:Invoked command in '/home/eating/work/build/ira_laser_tools' returned '0': CMAKE_PREFIX_PATH=${CMAKE_PREFIX_PATH}:/home/eating/work/install/pallet_main:/home/eating/work/install/main_control:/home/eating/work/install/gui:/home/eating/work/install/docking_pkg:/opt/ros/humble /usr/bin/cmake --install /home/eating/work/build/ira_laser_tools
[31.745s] Level 1:colcon.colcon_core.environment:checking '/home/eating/work/install/ira_laser_tools' for CMake config files
[31.745s] Level 1:colcon.colcon_core.shell:create_environment_hook('ira_laser_tools', 'cmake_prefix_path')
[31.745s] INFO:colcon.colcon_core.shell:Creating environment hook '/home/eating/work/install/ira_laser_tools/share/ira_laser_tools/hook/cmake_prefix_path.ps1'
[31.745s] INFO:colcon.colcon_core.shell:Creating environment descriptor '/home/eating/work/install/ira_laser_tools/share/ira_laser_tools/hook/cmake_prefix_path.dsv'
[31.746s] INFO:colcon.colcon_core.shell:Creating environment hook '/home/eating/work/install/ira_laser_tools/share/ira_laser_tools/hook/cmake_prefix_path.sh'
[31.746s] Level 1:colcon.colcon_core.environment:checking '/home/eating/work/install/ira_laser_tools/lib'
[31.746s] Level 1:colcon.colcon_core.environment:checking '/home/eating/work/install/ira_laser_tools/bin'
[31.746s] Level 1:colcon.colcon_core.environment:checking '/home/eating/work/install/ira_laser_tools/lib/pkgconfig/ira_laser_tools.pc'
[31.746s] Level 1:colcon.colcon_core.environment:checking '/home/eating/work/install/ira_laser_tools/lib/python3.10/site-packages'
[31.747s] Level 1:colcon.colcon_core.environment:checking '/home/eating/work/install/ira_laser_tools/bin'
[31.747s] INFO:colcon.colcon_core.shell:Creating package script '/home/eating/work/install/ira_laser_tools/share/ira_laser_tools/package.ps1'
[31.747s] INFO:colcon.colcon_core.shell:Creating package descriptor '/home/eating/work/install/ira_laser_tools/share/ira_laser_tools/package.dsv'
[31.747s] INFO:colcon.colcon_core.shell:Creating package script '/home/eating/work/install/ira_laser_tools/share/ira_laser_tools/package.sh'
[31.748s] INFO:colcon.colcon_core.shell:Creating package script '/home/eating/work/install/ira_laser_tools/share/ira_laser_tools/package.bash'
[31.748s] INFO:colcon.colcon_core.shell:Creating package script '/home/eating/work/install/ira_laser_tools/share/ira_laser_tools/package.zsh'
[31.749s] Level 1:colcon.colcon_core.environment:create_file_with_runtime_dependencies(/home/eating/work/install/ira_laser_tools/share/colcon-core/packages/ira_laser_tools)
[31.749s] Level 1:colcon.colcon_core.environment:create_environment_scripts_only(ira_laser_tools)
[31.749s] Level 1:colcon.colcon_core.environment:checking '/home/eating/work/install/ira_laser_tools' for CMake module files
[31.750s] Level 1:colcon.colcon_core.environment:checking '/home/eating/work/install/ira_laser_tools' for CMake config files
[31.750s] Level 1:colcon.colcon_core.shell:create_environment_hook('ira_laser_tools', 'cmake_prefix_path')
[31.750s] INFO:colcon.colcon_core.shell:Creating environment hook '/home/eating/work/install/ira_laser_tools/share/ira_laser_tools/hook/cmake_prefix_path.ps1'
[31.750s] INFO:colcon.colcon_core.shell:Creating environment descriptor '/home/eating/work/install/ira_laser_tools/share/ira_laser_tools/hook/cmake_prefix_path.dsv'
[31.751s] INFO:colcon.colcon_core.shell:Creating environment hook '/home/eating/work/install/ira_laser_tools/share/ira_laser_tools/hook/cmake_prefix_path.sh'
[31.751s] Level 1:colcon.colcon_core.environment:checking '/home/eating/work/install/ira_laser_tools/lib'
[31.751s] Level 1:colcon.colcon_core.environment:checking '/home/eating/work/install/ira_laser_tools/bin'
[31.751s] Level 1:colcon.colcon_core.environment:checking '/home/eating/work/install/ira_laser_tools/lib/pkgconfig/ira_laser_tools.pc'
[31.751s] Level 1:colcon.colcon_core.environment:checking '/home/eating/work/install/ira_laser_tools/lib/python3.10/site-packages'
[31.752s] Level 1:colcon.colcon_core.environment:checking '/home/eating/work/install/ira_laser_tools/bin'
[31.752s] INFO:colcon.colcon_core.shell:Creating package script '/home/eating/work/install/ira_laser_tools/share/ira_laser_tools/package.ps1'
[31.752s] INFO:colcon.colcon_core.shell:Creating package descriptor '/home/eating/work/install/ira_laser_tools/share/ira_laser_tools/package.dsv'
[31.753s] INFO:colcon.colcon_core.shell:Creating package script '/home/eating/work/install/ira_laser_tools/share/ira_laser_tools/package.sh'
[31.753s] INFO:colcon.colcon_core.shell:Creating package script '/home/eating/work/install/ira_laser_tools/share/ira_laser_tools/package.bash'
[31.754s] INFO:colcon.colcon_core.shell:Creating package script '/home/eating/work/install/ira_laser_tools/share/ira_laser_tools/package.zsh'
[31.754s] Level 1:colcon.colcon_core.environment:create_file_with_runtime_dependencies(/home/eating/work/install/ira_laser_tools/share/colcon-core/packages/ira_laser_tools)
[40.827s] DEBUG:colcon.colcon_core.event_handler.log_command:Invoked command in '/home/eating/work/build/realsense2_camera' returned '0': CMAKE_PREFIX_PATH=/home/eating/work/install/realsense2_camera_msgs:/home/eating/work/install/timda_gazebo:/home/eating/work/install/timda_description:/home/eating/work/install/timda_bringup:/home/eating/work/install/timda_body_description:/home/eating/work/install/suction_description:/home/eating/work/install/robot_arm_description:/home/eating/work/install/realsense2_description:/home/eating/work/install/realsense2_camera:/home/eating/work/install/pallet_interfaces:/home/eating/work/install/mobile_description:/home/eating/work/install/mecanum:/home/eating/work/install/linear_move:/home/eating/work/install/keyboard_control:/home/eating/work/install/ira_laser_tools:/home/eating/work/install/interface:/home/eating/work/install/gui_interface:/home/eating/work/install/pallet_main:/home/eating/work/install/main_control:/home/eating/work/install/gui:/home/eating/work/install/docking_pkg:/opt/ros/humble LD_LIBRARY_PATH=/home/eating/work/install/realsense2_camera_msgs/lib:/home/eating/work/install/realsense2_camera/lib:/home/eating/work/install/pallet_interfaces/lib:/home/eating/work/install/interface/lib:/home/eating/work/install/gui_interface/lib:/opt/ros/humble/opt/rviz_ogre_vendor/lib:/opt/ros/humble/lib/x86_64-linux-gnu:/opt/ros/humble/lib /usr/bin/cmake /home/eating/work/src/docking/realsense-ros/realsense2_camera -DCMAKE_INSTALL_PREFIX=/home/eating/work/install/realsense2_camera
[40.828s] DEBUG:colcon.colcon_core.event_handler.log_command:Invoking command in '/home/eating/work/build/realsense2_camera': CMAKE_PREFIX_PATH=/home/eating/work/install/realsense2_camera_msgs:/home/eating/work/install/timda_gazebo:/home/eating/work/install/timda_description:/home/eating/work/install/timda_bringup:/home/eating/work/install/timda_body_description:/home/eating/work/install/suction_description:/home/eating/work/install/robot_arm_description:/home/eating/work/install/realsense2_description:/home/eating/work/install/realsense2_camera:/home/eating/work/install/pallet_interfaces:/home/eating/work/install/mobile_description:/home/eating/work/install/mecanum:/home/eating/work/install/linear_move:/home/eating/work/install/keyboard_control:/home/eating/work/install/ira_laser_tools:/home/eating/work/install/interface:/home/eating/work/install/gui_interface:/home/eating/work/install/pallet_main:/home/eating/work/install/main_control:/home/eating/work/install/gui:/home/eating/work/install/docking_pkg:/opt/ros/humble LD_LIBRARY_PATH=/home/eating/work/install/realsense2_camera_msgs/lib:/home/eating/work/install/realsense2_camera/lib:/home/eating/work/install/pallet_interfaces/lib:/home/eating/work/install/interface/lib:/home/eating/work/install/gui_interface/lib:/opt/ros/humble/opt/rviz_ogre_vendor/lib:/opt/ros/humble/lib/x86_64-linux-gnu:/opt/ros/humble/lib /usr/bin/cmake --build /home/eating/work/build/realsense2_camera -- -j8 -l8
[67.122s] DEBUG:colcon.colcon_core.event_handler.log_command:Invoked command in '/home/eating/work/build/realsense2_camera' returned '0': CMAKE_PREFIX_PATH=/home/eating/work/install/realsense2_camera_msgs:/home/eating/work/install/timda_gazebo:/home/eating/work/install/timda_description:/home/eating/work/install/timda_bringup:/home/eating/work/install/timda_body_description:/home/eating/work/install/suction_description:/home/eating/work/install/robot_arm_description:/home/eating/work/install/realsense2_description:/home/eating/work/install/realsense2_camera:/home/eating/work/install/pallet_interfaces:/home/eating/work/install/mobile_description:/home/eating/work/install/mecanum:/home/eating/work/install/linear_move:/home/eating/work/install/keyboard_control:/home/eating/work/install/ira_laser_tools:/home/eating/work/install/interface:/home/eating/work/install/gui_interface:/home/eating/work/install/pallet_main:/home/eating/work/install/main_control:/home/eating/work/install/gui:/home/eating/work/install/docking_pkg:/opt/ros/humble LD_LIBRARY_PATH=/home/eating/work/install/realsense2_camera_msgs/lib:/home/eating/work/install/realsense2_camera/lib:/home/eating/work/install/pallet_interfaces/lib:/home/eating/work/install/interface/lib:/home/eating/work/install/gui_interface/lib:/opt/ros/humble/opt/rviz_ogre_vendor/lib:/opt/ros/humble/lib/x86_64-linux-gnu:/opt/ros/humble/lib /usr/bin/cmake --build /home/eating/work/build/realsense2_camera -- -j8 -l8
[67.123s] DEBUG:colcon.colcon_core.event_handler.log_command:Invoking command in '/home/eating/work/build/realsense2_camera': CMAKE_PREFIX_PATH=/home/eating/work/install/realsense2_camera_msgs:/home/eating/work/install/timda_gazebo:/home/eating/work/install/timda_description:/home/eating/work/install/timda_bringup:/home/eating/work/install/timda_body_description:/home/eating/work/install/suction_description:/home/eating/work/install/robot_arm_description:/home/eating/work/install/realsense2_description:/home/eating/work/install/realsense2_camera:/home/eating/work/install/pallet_interfaces:/home/eating/work/install/mobile_description:/home/eating/work/install/mecanum:/home/eating/work/install/linear_move:/home/eating/work/install/keyboard_control:/home/eating/work/install/ira_laser_tools:/home/eating/work/install/interface:/home/eating/work/install/gui_interface:/home/eating/work/install/pallet_main:/home/eating/work/install/main_control:/home/eating/work/install/gui:/home/eating/work/install/docking_pkg:/opt/ros/humble LD_LIBRARY_PATH=/home/eating/work/install/realsense2_camera_msgs/lib:/home/eating/work/install/realsense2_camera/lib:/home/eating/work/install/pallet_interfaces/lib:/home/eating/work/install/interface/lib:/home/eating/work/install/gui_interface/lib:/opt/ros/humble/opt/rviz_ogre_vendor/lib:/opt/ros/humble/lib/x86_64-linux-gnu:/opt/ros/humble/lib /usr/bin/cmake --install /home/eating/work/build/realsense2_camera
[67.143s] Level 1:colcon.colcon_core.environment:create_environment_scripts_only(realsense2_camera)
[67.143s] Level 1:colcon.colcon_core.environment:checking '/home/eating/work/install/realsense2_camera' for CMake module files
[67.144s] DEBUG:colcon.colcon_core.event_handler.log_command:Invoked command in '/home/eating/work/build/realsense2_camera' returned '0': CMAKE_PREFIX_PATH=/home/eating/work/install/realsense2_camera_msgs:/home/eating/work/install/timda_gazebo:/home/eating/work/install/timda_description:/home/eating/work/install/timda_bringup:/home/eating/work/install/timda_body_description:/home/eating/work/install/suction_description:/home/eating/work/install/robot_arm_description:/home/eating/work/install/realsense2_description:/home/eating/work/install/realsense2_camera:/home/eating/work/install/pallet_interfaces:/home/eating/work/install/mobile_description:/home/eating/work/install/mecanum:/home/eating/work/install/linear_move:/home/eating/work/install/keyboard_control:/home/eating/work/install/ira_laser_tools:/home/eating/work/install/interface:/home/eating/work/install/gui_interface:/home/eating/work/install/pallet_main:/home/eating/work/install/main_control:/home/eating/work/install/gui:/home/eating/work/install/docking_pkg:/opt/ros/humble LD_LIBRARY_PATH=/home/eating/work/install/realsense2_camera_msgs/lib:/home/eating/work/install/realsense2_camera/lib:/home/eating/work/install/pallet_interfaces/lib:/home/eating/work/install/interface/lib:/home/eating/work/install/gui_interface/lib:/opt/ros/humble/opt/rviz_ogre_vendor/lib:/opt/ros/humble/lib/x86_64-linux-gnu:/opt/ros/humble/lib /usr/bin/cmake --install /home/eating/work/build/realsense2_camera
[67.144s] Level 1:colcon.colcon_core.environment:checking '/home/eating/work/install/realsense2_camera' for CMake config files
[67.144s] Level 1:colcon.colcon_core.shell:create_environment_hook('realsense2_camera', 'cmake_prefix_path')
[67.145s] INFO:colcon.colcon_core.shell:Creating environment hook '/home/eating/work/install/realsense2_camera/share/realsense2_camera/hook/cmake_prefix_path.ps1'
[67.145s] INFO:colcon.colcon_core.shell:Creating environment descriptor '/home/eating/work/install/realsense2_camera/share/realsense2_camera/hook/cmake_prefix_path.dsv'
[67.145s] INFO:colcon.colcon_core.shell:Creating environment hook '/home/eating/work/install/realsense2_camera/share/realsense2_camera/hook/cmake_prefix_path.sh'
[67.146s] Level 1:colcon.colcon_core.environment:checking '/home/eating/work/install/realsense2_camera/lib'
[67.146s] Level 1:colcon.colcon_core.shell:create_environment_hook('realsense2_camera', 'ld_library_path_lib')
[67.146s] INFO:colcon.colcon_core.shell:Creating environment hook '/home/eating/work/install/realsense2_camera/share/realsense2_camera/hook/ld_library_path_lib.ps1'
[67.146s] INFO:colcon.colcon_core.shell:Creating environment descriptor '/home/eating/work/install/realsense2_camera/share/realsense2_camera/hook/ld_library_path_lib.dsv'
[67.147s] INFO:colcon.colcon_core.shell:Creating environment hook '/home/eating/work/install/realsense2_camera/share/realsense2_camera/hook/ld_library_path_lib.sh'
[67.147s] Level 1:colcon.colcon_core.environment:checking '/home/eating/work/install/realsense2_camera/bin'
[67.147s] Level 1:colcon.colcon_core.environment:checking '/home/eating/work/install/realsense2_camera/lib/pkgconfig/realsense2_camera.pc'
[67.147s] Level 1:colcon.colcon_core.environment:checking '/home/eating/work/install/realsense2_camera/lib/python3.10/site-packages'
[67.147s] Level 1:colcon.colcon_core.environment:checking '/home/eating/work/install/realsense2_camera/bin'
[67.148s] INFO:colcon.colcon_core.shell:Creating package script '/home/eating/work/install/realsense2_camera/share/realsense2_camera/package.ps1'
[67.148s] INFO:colcon.colcon_core.shell:Creating package descriptor '/home/eating/work/install/realsense2_camera/share/realsense2_camera/package.dsv'
[67.149s] INFO:colcon.colcon_core.shell:Creating package script '/home/eating/work/install/realsense2_camera/share/realsense2_camera/package.sh'
[67.149s] INFO:colcon.colcon_core.shell:Creating package script '/home/eating/work/install/realsense2_camera/share/realsense2_camera/package.bash'
[67.150s] INFO:colcon.colcon_core.shell:Creating package script '/home/eating/work/install/realsense2_camera/share/realsense2_camera/package.zsh'
[67.150s] Level 1:colcon.colcon_core.environment:create_file_with_runtime_dependencies(/home/eating/work/install/realsense2_camera/share/colcon-core/packages/realsense2_camera)
[67.151s] Level 1:colcon.colcon_core.environment:create_environment_scripts_only(realsense2_camera)
[67.152s] Level 1:colcon.colcon_core.environment:checking '/home/eating/work/install/realsense2_camera' for CMake module files
[67.152s] Level 1:colcon.colcon_core.environment:checking '/home/eating/work/install/realsense2_camera' for CMake config files
[67.153s] Level 1:colcon.colcon_core.shell:create_environment_hook('realsense2_camera', 'cmake_prefix_path')
[67.153s] INFO:colcon.colcon_core.shell:Creating environment hook '/home/eating/work/install/realsense2_camera/share/realsense2_camera/hook/cmake_prefix_path.ps1'
[67.154s] INFO:colcon.colcon_core.shell:Creating environment descriptor '/home/eating/work/install/realsense2_camera/share/realsense2_camera/hook/cmake_prefix_path.dsv'
[67.154s] INFO:colcon.colcon_core.shell:Creating environment hook '/home/eating/work/install/realsense2_camera/share/realsense2_camera/hook/cmake_prefix_path.sh'
[67.155s] Level 1:colcon.colcon_core.environment:checking '/home/eating/work/install/realsense2_camera/lib'
[67.155s] Level 1:colcon.colcon_core.shell:create_environment_hook('realsense2_camera', 'ld_library_path_lib')
[67.156s] INFO:colcon.colcon_core.shell:Creating environment hook '/home/eating/work/install/realsense2_camera/share/realsense2_camera/hook/ld_library_path_lib.ps1'
[67.156s] INFO:colcon.colcon_core.shell:Creating environment descriptor '/home/eating/work/install/realsense2_camera/share/realsense2_camera/hook/ld_library_path_lib.dsv'
[67.156s] INFO:colcon.colcon_core.shell:Creating environment hook '/home/eating/work/install/realsense2_camera/share/realsense2_camera/hook/ld_library_path_lib.sh'
[67.157s] Level 1:colcon.colcon_core.environment:checking '/home/eating/work/install/realsense2_camera/bin'
[67.157s] Level 1:colcon.colcon_core.environment:checking '/home/eating/work/install/realsense2_camera/lib/pkgconfig/realsense2_camera.pc'
[67.157s] Level 1:colcon.colcon_core.environment:checking '/home/eating/work/install/realsense2_camera/lib/python3.10/site-packages'
[67.157s] Level 1:colcon.colcon_core.environment:checking '/home/eating/work/install/realsense2_camera/bin'
[67.157s] INFO:colcon.colcon_core.shell:Creating package script '/home/eating/work/install/realsense2_camera/share/realsense2_camera/package.ps1'
[67.158s] INFO:colcon.colcon_core.shell:Creating package descriptor '/home/eating/work/install/realsense2_camera/share/realsense2_camera/package.dsv'
[67.158s] INFO:colcon.colcon_core.shell:Creating package script '/home/eating/work/install/realsense2_camera/share/realsense2_camera/package.sh'
[67.159s] INFO:colcon.colcon_core.shell:Creating package script '/home/eating/work/install/realsense2_camera/share/realsense2_camera/package.bash'
[67.159s] INFO:colcon.colcon_core.shell:Creating package script '/home/eating/work/install/realsense2_camera/share/realsense2_camera/package.zsh'
[67.160s] Level 1:colcon.colcon_core.environment:create_file_with_runtime_dependencies(/home/eating/work/install/realsense2_camera/share/colcon-core/packages/realsense2_camera)
[67.160s] DEBUG:colcon.colcon_parallel_executor.executor.parallel:closing loop
[67.160s] DEBUG:colcon.colcon_parallel_executor.executor.parallel:loop closed
[67.160s] DEBUG:colcon.colcon_parallel_executor.executor.parallel:run_until_complete finished with '0'
[67.160s] DEBUG:colcon.colcon_core.event_reactor:joining thread
[67.166s] INFO:colcon.colcon_core.plugin_system:Skipping extension 'colcon_notification.desktop_notification.notify_send': Could not find 'notify-send'
[67.166s] INFO:colcon.colcon_core.plugin_system:Skipping extension 'colcon_notification.desktop_notification.terminal_notifier': Not used on non-Darwin systems
[67.166s] INFO:colcon.colcon_core.plugin_system:Skipping extension 'colcon_notification.desktop_notification.win32': Not used on non-Windows systems
[67.166s] INFO:colcon.colcon_notification.desktop_notification:Sending desktop notification using 'notify2'
[67.169s] DEBUG:colcon.colcon_notification.desktop_notification.notify2:Failed to initialize notify2: org.freedesktop.DBus.Error.Spawn.ExecFailed: /usr/bin/dbus-launch terminated abnormally without any error message
[67.169s] DEBUG:colcon.colcon_core.event_reactor:joined thread
[67.170s] INFO:colcon.colcon_core.shell:Creating prefix script '/home/eating/work/install/local_setup.ps1'
[67.171s] INFO:colcon.colcon_core.shell:Creating prefix util module '/home/eating/work/install/_local_setup_util_ps1.py'
[67.172s] INFO:colcon.colcon_core.shell:Creating prefix chain script '/home/eating/work/install/setup.ps1'
[67.174s] INFO:colcon.colcon_core.shell:Creating prefix script '/home/eating/work/install/local_setup.sh'
[67.174s] INFO:colcon.colcon_core.shell:Creating prefix util module '/home/eating/work/install/_local_setup_util_sh.py'
[67.175s] INFO:colcon.colcon_core.shell:Creating prefix chain script '/home/eating/work/install/setup.sh'
[67.177s] INFO:colcon.colcon_core.shell:Creating prefix script '/home/eating/work/install/local_setup.bash'
[67.177s] INFO:colcon.colcon_core.shell:Creating prefix chain script '/home/eating/work/install/setup.bash'
[67.179s] INFO:colcon.colcon_core.shell:Creating prefix script '/home/eating/work/install/local_setup.zsh'
[67.179s] INFO:colcon.colcon_core.shell:Creating prefix chain script '/home/eating/work/install/setup.zsh'
